,PART_ID,TYPE,MANUFACTURER,YEAR,QUANTITY,PRICE,SUBTOTAL_INVENTORY,ACTIVE
0,PART0001,transmission,Audi,2016,24.0,145.77,3498.4800000000005,
1,PART0002,transmission,Honda,2004,43.0,62.79,2699.97,
2,PART0003,battery,Volkswagen,2007,72.0,290.88,20943.36,
3,PART0004,suspension,Toyota,2020,52.0,121.08,6296.16,0.0
4,PART0005,battery,Ford,2009,10.0,450.54,4505.400000000001,1.0
5,PART0006,battery,Toyota,2018,80.0,276.71,22136.8,0.0
6,PART0007,brake,Honda,2009,49.0,303.71,14881.789999999999,0.0
7,PART0008,battery,Toyota,2014,57.0,257.49,14676.93,1.0
8,PART0009,battery,BMW,2007,95.0,205.3,19503.5,1.0
9,PART0010,engine,Audi,2011,70.0,73.58,5150.599999999999,0.0
10,PART0011,transmission,BMW,2006,45.0,452.49,20362.05,1.0
11,PART0012,brake,BMW,2005,68.0,178.04,12106.72,0.0
12,PART0013,battery,Honda,2013,11.0,315.03,3465.33,
13,PART0014,brake,Volkswagen,2012,65.0,462.61,30069.65,
14,PART0015,transmission,Volkswagen,2009,19.0,53.48,1016.1199999999999,0.0
15,PART0016,battery,Audi,2002,72.0,183.57,13217.039999999999,0.0
16,PART0017,suspension,Audi,2003,51.0,400.8,20440.8,1.0
17,PART0018,tire,Volkswagen,2019,5.0,468.05,2340.25,1.0
18,PART0019,suspension,Ford,2001,67.0,194.4,13024.800000000001,1.0
19,PART0020,suspension,BMW,2014,68.0,142.65,9700.2,0.0
20,PART0021,battery,Volkswagen,2018,68.0,109.76,7463.68,
21,PART0022,transmission,Ford,2009,18.0,129.07,2323.2599999999998,1.0
22,PART0023,tire,Honda,2009,20.0,375.56,7511.2,0.0
23,PART0024,brake,Volkswagen,2012,81.0,265.75,21525.75,
24,PART0025,tire,Volkswagen,2021,54.0,237.26,12812.039999999999,0.0
25,PART0026,tire,Volkswagen,2005,7.0,162.78,1139.46,
26,PART0027,engine,BMW,2015,41.0,467.68,19174.88,1.0
27,PART0028,transmission,Toyota,2001,54.0,244.86,13222.44,0.0
28,PART0029,engine,Mercedes,2021,40.0,163.85,6554.0,
29,PART0030,tire,Toyota,2013,45.0,412.19,18548.55,1.0
30,PART0031,tire,Honda,2007,52.0,291.96,15181.919999999998,1.0
31,PART0032,suspension,Mercedes,2017,74.0,162.97,12059.78,
32,PART0033,suspension,Toyota,2019,79.0,90.51,7150.29,
33,PART0034,engine,Honda,2011,8.0,106.2,849.6,
34,PART0035,suspension,Mercedes,2001,35.0,422.02,14770.699999999999,
35,PART0036,engine,Ford,2013,70.0,239.65,16775.5,
36,PART0037,tire,Toyota,2006,35.0,190.56,6669.6,
37,PART0038,suspension,Volkswagen,2022,26.0,217.02,5642.52,0.0
38,PART0039,tire,Ford,2022,48.0,404.14,19398.72,1.0
39,PART0040,brake,Audi,2015,5.0,57.15,285.75,1.0
40,PART0041,battery,Toyota,2016,33.0,140.51,4636.83,0.0
41,PART0042,engine,BMW,2000,16.0,175.92,2814.72,0.0
42,PART0043,tire,BMW,2017,43.0,293.51,12620.93,1.0
43,PART0044,suspension,Audi,2008,28.0,123.34,3453.52,1.0
44,PART0045,suspension,Honda,2002,98.0,94.49,9260.019999999999,0.0
45,PART0046,suspension,Volkswagen,2015,94.0,292.72,27515.680000000004,
46,PART0047,engine,Honda,2015,58.0,398.05,23086.9,0.0
47,PART0048,transmission,Mercedes,2007,12.0,217.15,2605.8,0.0
48,PART0049,transmission,BMW,2006,85.0,55.53,4720.05,1.0
49,PART0050,tire,Audi,2019,16.0,303.27,4852.32,1.0
50,PART0051,transmission,Ford,2006,83.0,412.59,34244.97,1.0
51,PART0052,brake,Toyota,2021,17.0,305.5,5193.5,1.0
52,PART0053,transmission,Honda,2003,80.0,123.04,9843.2,
53,PART0054,engine,BMW,2015,95.0,363.12,34496.4,1.0
54,PART0055,tire,BMW,2018,87.0,81.35,7077.45,
55,PART0056,tire,Volkswagen,2018,2.0,295.38,590.76,1.0
56,PART0057,tire,BMW,2006,5.0,483.5,2417.5,
57,PART0058,engine,Mercedes,2015,17.0,163.43,2778.31,
58,PART0059,transmission,BMW,2018,50.0,271.06,13553.0,0.0
59,PART0060,tire,BMW,2022,33.0,279.08,9209.64,0.0
60,PART0061,engine,Mercedes,2000,88.0,341.94,30090.72,1.0
61,PART0062,engine,Toyota,2014,27.0,128.92,3480.8399999999997,0.0
62,PART0063,brake,Audi,2013,18.0,445.91,8026.38,
63,PART0064,battery,BMW,2020,27.0,323.11,8723.970000000001,1.0
64,PART0065,battery,BMW,2004,54.0,320.45,17304.3,0.0
65,PART0066,suspension,Audi,2009,18.0,147.73,2659.14,1.0
66,PART0067,suspension,Toyota,2009,79.0,248.5,19631.5,0.0
67,PART0068,brake,Volkswagen,2000,34.0,325.97,11082.980000000001,
68,PART0069,suspension,BMW,2021,79.0,134.51,10626.289999999999,0.0
69,PART0070,battery,Mercedes,2010,53.0,198.17,10503.01,0.0
70,PART0071,battery,Toyota,2010,72.0,435.98,31390.56,0.0
71,PART0072,engine,Volkswagen,2008,62.0,272.42,16890.04,0.0
72,PART0073,tire,Toyota,2018,24.0,270.51,6492.24,
73,PART0074,engine,Ford,2007,62.0,279.2,17310.399999999998,
74,PART0075,battery,Honda,2002,92.0,229.21,21087.32,0.0
75,PART0076,engine,Mercedes,2002,8.0,429.99,3439.92,1.0
76,PART0077,transmission,Toyota,2022,29.0,379.12,10994.48,1.0
77,PART0078,engine,Ford,2019,63.0,473.04,29801.52,
78,PART0079,battery,BMW,2018,31.0,208.01,6448.3099999999995,0.0
79,PART0080,transmission,Ford,2002,4.0,349.62,1398.48,0.0
80,PART0081,suspension,Volkswagen,2014,26.0,120.09,3122.34,
81,PART0082,brake,Audi,2017,23.0,80.18,1844.14,
82,PART0083,suspension,Audi,2017,95.0,212.76,20212.2,1.0
83,PART0084,battery,Audi,2001,51.0,110.65,5643.150000000001,1.0
84,PART0085,suspension,Ford,2016,95.0,312.51,29688.45,
85,PART0086,battery,BMW,2016,50.0,357.24,17862.0,1.0
86,PART0087,suspension,Ford,2002,37.0,115.6,4277.2,
87,PART0088,brake,Toyota,2016,32.0,244.26,7816.32,0.0
88,PART0089,engine,Audi,2014,99.0,341.52,33810.479999999996,0.0
89,PART0090,brake,Ford,2000,81.0,118.91,9631.71,0.0
90,PART0091,suspension,BMW,2012,5.0,399.89,1999.4499999999998,1.0
91,PART0092,transmission,Audi,2008,97.0,482.31,46784.07,0.0
92,PART0093,transmission,Volkswagen,2018,59.0,260.7,15381.3,0.0
93,PART0094,brake,Toyota,2018,40.0,217.39,8695.599999999999,1.0
94,PART0095,brake,Ford,2000,98.0,366.62,35928.76,1.0
95,PART0096,engine,Ford,2004,3.0,405.99,1217.97,
96,PART0097,transmission,Mercedes,2015,56.0,418.47,23434.32,0.0
97,PART0098,tire,Audi,2011,88.0,437.9,38535.2,
98,PART0099,transmission,Mercedes,2021,70.0,81.14,5679.8,
99,PART0100,battery,Honda,2007,34.0,331.1,11257.400000000001,1.0
100,PART0101,transmission,Honda,2009,12.0,106.82,1281.84,0.0
101,PART0102,brake,Volkswagen,2009,21.0,164.81,3461.01,0.0
102,PART0103,transmission,Toyota,2000,38.0,64.01,2432.38,1.0
103,PART0104,transmission,Volkswagen,2003,25.0,110.39,2759.75,0.0
104,PART0105,transmission,Honda,2016,25.0,61.5,1537.5,
105,PART0106,engine,BMW,2004,98.0,279.74,27414.52,0.0
106,PART0107,tire,Volkswagen,2019,23.0,200.82,4618.86,0.0
107,PART0108,battery,BMW,2005,46.0,78.03,3589.38,1.0
108,PART0109,transmission,Toyota,2003,68.0,466.69,31734.92,1.0
109,PART0110,transmission,Ford,2006,4.0,401.53,1606.12,1.0
110,PART0111,battery,Audi,2001,51.0,440.79,22480.29,0.0
111,PART0112,transmission,BMW,2000,41.0,182.75,7492.75,0.0
112,PART0113,transmission,Audi,2016,33.0,426.84,14085.72,0.0
113,PART0114,engine,Mercedes,2009,39.0,372.29,14519.310000000001,1.0
114,PART0115,tire,Ford,2013,97.0,362.23,35136.310000000005,1.0
115,PART0116,engine,Toyota,2002,89.0,96.47,8585.83,
116,PART0117,engine,Mercedes,2005,60.0,358.21,21492.6,0.0
117,PART0118,battery,Toyota,2015,29.0,220.76,6402.04,
118,PART0119,engine,Toyota,2009,60.0,213.81,12828.6,1.0
119,PART0120,brake,Mercedes,2000,38.0,58.41,2219.58,
120,PART0121,brake,Toyota,2012,94.0,480.15,45134.1,1.0
121,PART0122,brake,Mercedes,2006,55.0,462.8,25454.0,1.0
122,PART0123,transmission,Mercedes,2016,86.0,164.26,14126.359999999999,1.0
123,PART0124,suspension,Ford,2001,42.0,395.62,16616.04,0.0
124,PART0125,suspension,Honda,2013,16.0,422.68,6762.88,
125,PART0126,battery,Toyota,2019,11.0,58.49,643.39,1.0
126,PART0127,tire,Mercedes,2016,80.0,126.13,10090.4,
127,PART0128,battery,Toyota,2015,21.0,319.03,6699.629999999999,1.0
128,PART0129,engine,Toyota,2017,73.0,70.99,5182.2699999999995,0.0
129,PART0130,suspension,Mercedes,2022,52.0,379.28,19722.559999999998,0.0
130,PART0131,engine,Audi,2001,15.0,377.37,5660.55,0.0
131,PART0132,brake,Audi,2014,69.0,443.18,30579.420000000002,0.0
132,PART0133,battery,Volkswagen,2013,13.0,213.7,2778.1,
133,PART0134,battery,Toyota,2015,28.0,338.17,9468.76,1.0
134,PART0135,brake,Honda,2005,11.0,172.93,1902.23,0.0
135,PART0136,transmission,Mercedes,2012,27.0,336.94,9097.38,1.0
136,PART0137,tire,Audi,2019,44.0,331.04,14565.76,0.0
137,PART0138,brake,Toyota,2010,94.0,136.73,12852.619999999999,0.0
138,PART0139,battery,Ford,2010,56.0,342.45,19177.2,1.0
139,PART0140,engine,Audi,2009,14.0,397.71,5567.94,
140,PART0141,brake,Audi,2012,5.0,111.86,559.3,
141,PART0142,transmission,Audi,2013,69.0,423.49,29220.81,1.0
142,PART0143,brake,Ford,2012,66.0,74.37,4908.42,
143,PART0144,suspension,Mercedes,2015,58.0,348.92,20237.36,0.0
144,PART0145,tire,Mercedes,2003,89.0,306.07,27240.23,1.0
145,PART0146,engine,Audi,2020,74.0,290.46,21494.039999999997,
146,PART0147,suspension,Ford,2007,26.0,444.59,11559.34,
147,PART0148,brake,Mercedes,2006,98.0,365.34,35803.32,0.0
148,PART0149,brake,Mercedes,2016,35.0,353.57,12374.949999999999,
149,PART0150,suspension,Mercedes,2005,35.0,338.42,11844.7,1.0
150,PART0151,transmission,BMW,2010,28.0,138.29,3872.12,1.0
151,PART0152,tire,Ford,2012,89.0,363.52,32353.28,
152,PART0153,engine,Mercedes,2008,95.0,376.67,35783.65,0.0
153,PART0154,suspension,Toyota,2009,89.0,402.32,35806.479999999996,
154,PART0155,brake,Toyota,2007,22.0,356.5,7843.0,0.0
155,PART0156,brake,Ford,2012,82.0,224.87,18439.34,
156,PART0157,suspension,Honda,2020,72.0,384.65,27694.8,0.0
157,PART0158,engine,Volkswagen,2005,64.0,110.37,7063.68,1.0
158,PART0159,brake,BMW,2009,96.0,132.67,12736.32,
159,PART0160,transmission,Toyota,2008,93.0,72.03,6698.79,1.0
160,PART0161,engine,Toyota,2002,97.0,259.73,25193.81,
161,PART0162,brake,Mercedes,2016,83.0,489.51,40629.33,
162,PART0163,engine,Volkswagen,2002,8.0,231.6,1852.8,
163,PART0164,engine,Volkswagen,2014,91.0,243.0,22113.0,1.0
164,PART0165,suspension,Ford,2006,98.0,115.06,11275.880000000001,
165,PART0166,suspension,Honda,2009,21.0,402.9,8460.9,0.0
166,PART0167,suspension,Volkswagen,2009,52.0,199.18,10357.36,
167,PART0168,brake,BMW,2021,96.0,219.72,21093.12,
168,PART0169,transmission,Ford,2012,53.0,334.76,17742.28,0.0
169,PART0170,suspension,Ford,2000,13.0,61.07,793.91,
170,PART0171,brake,Mercedes,2000,17.0,192.06,3265.02,1.0
171,PART0172,transmission,Mercedes,2016,53.0,263.73,13977.69,0.0
172,PART0173,suspension,Volkswagen,2002,81.0,363.05,29407.05,
173,PART0174,tire,Ford,2005,2.0,72.54,145.08,1.0
174,PART0175,battery,Honda,2010,44.0,468.22,20601.68,0.0
175,PART0176,suspension,Honda,2018,80.0,254.54,20363.2,0.0
176,PART0177,transmission,Mercedes,2010,45.0,299.67,13485.150000000001,0.0
177,PART0178,brake,BMW,2009,51.0,110.69,5645.19,1.0
178,PART0179,tire,Honda,2006,80.0,480.4,38432.0,1.0
179,PART0180,suspension,Ford,2021,33.0,137.5,4537.5,1.0
180,PART0181,transmission,Toyota,2001,91.0,251.94,22926.54,
181,PART0182,battery,Volkswagen,2002,33.0,341.48,11268.84,
182,PART0183,suspension,BMW,2017,68.0,428.57,29142.76,1.0
183,PART0184,suspension,Audi,2000,35.0,336.55,11779.25,1.0
184,PART0185,tire,Audi,2008,23.0,306.64,7052.719999999999,1.0
185,PART0186,brake,Toyota,2019,46.0,319.48,14696.080000000002,
186,PART0187,brake,Volkswagen,2018,7.0,499.97,3499.79,0.0
187,PART0188,tire,Volkswagen,2001,4.0,497.53,1990.12,1.0
188,PART0189,suspension,Audi,2003,74.0,446.48,33039.520000000004,0.0
189,PART0190,engine,Toyota,2016,50.0,428.82,21441.0,1.0
190,PART0191,transmission,Audi,2015,24.0,86.31,2071.44,1.0
191,PART0192,transmission,BMW,2011,83.0,78.22,6492.26,0.0
192,PART0193,engine,Toyota,2014,56.0,85.8,4804.8,0.0
193,PART0194,brake,Volkswagen,2012,37.0,498.6,18448.2,0.0
194,PART0195,transmission,BMW,2000,68.0,485.65,33024.2,
195,PART0196,engine,Toyota,2014,67.0,121.59,8146.530000000001,1.0
196,PART0197,suspension,Honda,2005,56.0,202.76,11354.56,1.0
197,PART0198,suspension,Ford,2009,13.0,171.73,2232.49,
198,PART0199,battery,Honda,2016,12.0,487.24,5846.88,0.0
199,PART0200,engine,Audi,2010,9.0,361.05,3249.4500000000003,
200,PART0201,brake,Mercedes,2011,99.0,159.33,15773.670000000002,1.0
201,PART0202,battery,Audi,2018,23.0,93.11,2141.53,1.0
202,PART0203,battery,Honda,2014,45.0,462.46,20810.7,0.0
203,PART0204,engine,Ford,2008,66.0,476.47,31447.02,0.0
204,PART0205,brake,BMW,2022,58.0,447.14,25934.12,0.0
205,PART0206,suspension,Ford,2001,60.0,186.8,11208.0,
206,PART0207,brake,Volkswagen,2007,1.0,494.02,494.02,
207,PART0208,brake,Ford,2009,55.0,159.18,8754.9,0.0
208,PART0209,suspension,Honda,2014,37.0,209.88,7765.5599999999995,1.0
209,PART0210,brake,Honda,2016,84.0,166.04,13947.359999999999,0.0
210,PART0211,battery,Volkswagen,2002,66.0,133.78,8829.48,
211,PART0212,transmission,BMW,2000,58.0,434.35,25192.300000000003,1.0
212,PART0213,engine,Honda,2002,31.0,78.06,2419.86,
213,PART0214,transmission,BMW,2012,26.0,476.23,12381.98,0.0
214,PART0215,battery,Honda,2010,30.0,191.55,5746.5,
215,PART0216,transmission,Honda,2010,83.0,154.31,12807.73,1.0
216,PART0217,transmission,BMW,2011,63.0,281.32,17723.16,
217,PART0218,tire,Mercedes,2008,95.0,327.85,31145.750000000004,1.0
218,PART0219,engine,BMW,2006,69.0,284.79,19650.510000000002,0.0
219,PART0220,engine,Ford,2015,26.0,163.79,4258.54,
220,PART0221,tire,Honda,2014,71.0,446.8,31722.8,1.0
221,PART0222,battery,Ford,2015,21.0,158.42,3326.8199999999997,0.0
222,PART0223,tire,Toyota,2008,58.0,371.82,21565.56,
223,PART0224,tire,Volkswagen,2020,4.0,427.85,1711.4,
224,PART0225,engine,Mercedes,2011,87.0,133.46,11611.02,1.0
225,PART0226,battery,Honda,2015,37.0,271.11,10031.07,0.0
226,PART0227,battery,BMW,2002,5.0,214.51,1072.55,0.0
227,PART0228,transmission,Ford,2022,39.0,281.44,10976.16,0.0
228,PART0229,brake,Audi,2012,4.0,345.41,1381.64,0.0
229,PART0230,transmission,Ford,2003,7.0,352.17,2465.19,1.0
230,PART0231,transmission,Audi,2021,62.0,154.8,9597.6,
231,PART0232,battery,Mercedes,2015,15.0,225.76,3386.3999999999996,1.0
232,PART0233,transmission,Honda,2016,41.0,323.81,13276.210000000001,1.0
233,PART0234,engine,Audi,2004,98.0,368.46,36109.079999999994,1.0
234,PART0235,battery,Mercedes,2020,1.0,496.56,496.56,0.0
235,PART0236,suspension,Honda,2012,59.0,329.4,19434.6,1.0
236,PART0237,tire,BMW,2005,41.0,222.77,9133.57,1.0
237,PART0238,brake,Ford,2001,24.0,65.51,1572.2400000000002,0.0
238,PART0239,transmission,Honda,2007,61.0,309.93,18905.73,
239,PART0240,tire,Toyota,2016,51.0,473.93,24170.43,1.0
240,PART0241,engine,Ford,2011,59.0,79.24,4675.16,0.0
241,PART0242,brake,Ford,2006,49.0,111.36,5456.64,
242,PART0243,battery,Mercedes,2016,75.0,395.28,29645.999999999996,0.0
243,PART0244,engine,Toyota,2017,9.0,304.04,2736.36,
244,PART0245,tire,BMW,2011,97.0,198.03,19208.91,1.0
245,PART0246,tire,Ford,2019,8.0,336.25,2690.0,1.0
246,PART0247,tire,Ford,2013,84.0,304.53,25580.519999999997,
247,PART0248,engine,Ford,2011,20.0,132.05,2641.0,1.0
248,PART0249,battery,Mercedes,2020,28.0,254.47,7125.16,1.0
249,PART0250,transmission,Mercedes,2017,5.0,354.22,1771.1000000000001,1.0
250,PART0251,transmission,Volkswagen,2018,39.0,388.97,15169.830000000002,
251,PART0252,battery,Toyota,2011,45.0,255.08,11478.6,1.0
252,PART0253,tire,Honda,2002,60.0,253.23,15193.8,
253,PART0254,engine,BMW,2001,35.0,216.3,7570.5,1.0
254,PART0255,engine,BMW,2010,55.0,298.92,16440.600000000002,0.0
255,PART0256,suspension,Audi,2000,84.0,94.11,7905.24,
256,PART0257,battery,Ford,2018,12.0,85.18,1022.1600000000001,0.0
257,PART0258,transmission,Toyota,2021,46.0,250.13,11505.98,0.0
258,PART0259,transmission,Audi,2019,99.0,106.13,10506.869999999999,0.0
259,PART0260,transmission,Volkswagen,2006,40.0,269.34,10773.599999999999,0.0
260,PART0261,brake,Volkswagen,2010,11.0,482.58,5308.38,0.0
261,PART0262,battery,Ford,2011,98.0,160.76,15754.48,1.0
262,PART0263,tire,Mercedes,2004,31.0,290.75,9013.25,0.0
263,PART0264,engine,Volkswagen,2013,2.0,425.83,851.66,0.0
264,PART0265,battery,Honda,2015,22.0,222.17,4887.74,
265,PART0266,battery,Honda,2003,46.0,350.15,16106.9,0.0
266,PART0267,suspension,Audi,2010,64.0,81.28,5201.92,
267,PART0268,brake,BMW,2022,22.0,119.37,2626.1400000000003,
268,PART0269,tire,Mercedes,2013,51.0,68.24,3480.24,0.0
269,PART0270,engine,Volkswagen,2016,90.0,132.46,11921.400000000001,
270,PART0271,brake,Audi,2014,98.0,407.44,39929.12,
271,PART0272,battery,Mercedes,2017,3.0,348.68,1046.04,
272,PART0273,battery,Toyota,2007,70.0,405.69,28398.3,0.0
273,PART0274,brake,Audi,2008,91.0,426.63,38823.33,
274,PART0275,brake,Honda,2021,28.0,482.25,13503.0,
275,PART0276,battery,BMW,2014,1.0,147.11,147.11,
276,PART0277,tire,Audi,2011,49.0,93.6,4586.4,0.0
277,PART0278,suspension,Audi,2013,71.0,248.4,17636.4,
278,PART0279,battery,Toyota,2015,21.0,462.39,9710.19,1.0
279,PART0280,battery,Ford,2007,83.0,310.37,25760.71,1.0
280,PART0281,battery,Mercedes,2021,24.0,55.99,1343.76,1.0
281,PART0282,brake,Honda,2012,70.0,349.79,24485.300000000003,
282,PART0283,brake,Ford,2003,72.0,316.07,22757.04,0.0
283,PART0284,suspension,Audi,2009,61.0,230.4,14054.4,
284,PART0285,tire,Volkswagen,2005,7.0,498.97,3492.79,1.0
285,PART0286,engine,Volkswagen,2015,11.0,351.15,3862.6499999999996,
286,PART0287,transmission,Honda,2019,24.0,145.43,3490.32,1.0
287,PART0288,transmission,Mercedes,2004,79.0,173.82,13731.779999999999,1.0
288,PART0289,transmission,Audi,2012,74.0,383.71,28394.539999999997,0.0
289,PART0290,transmission,Ford,2007,57.0,389.4,22195.8,0.0
290,PART0291,suspension,Toyota,2017,4.0,421.05,1684.2,1.0
291,PART0292,engine,BMW,2017,67.0,255.75,17135.25,1.0
292,PART0293,suspension,Honda,2015,34.0,296.93,10095.62,0.0
293,PART0294,suspension,Honda,2019,69.0,111.69,7706.61,0.0
294,PART0295,battery,Volkswagen,2015,90.0,493.65,44428.5,1.0
295,PART0296,tire,Audi,2003,48.0,293.87,14105.76,1.0
296,PART0297,brake,Honda,2007,34.0,137.46,4673.64,
297,PART0298,tire,BMW,2006,1.0,395.38,395.38,
298,PART0299,tire,Honda,2010,5.0,312.46,1562.3,
299,PART0300,tire,Mercedes,2013,13.0,329.74,4286.62,
300,PART0301,brake,Toyota,2005,69.0,152.66,10533.539999999999,0.0
301,PART0302,suspension,BMW,2001,88.0,337.73,29720.24,
302,PART0303,tire,Honda,2013,70.0,315.15,22060.5,1.0
303,PART0304,transmission,BMW,2016,54.0,267.24,14430.960000000001,0.0
304,PART0305,battery,Mercedes,2005,31.0,467.97,14507.070000000002,1.0
305,PART0306,tire,Audi,2009,47.0,328.23,15426.810000000001,1.0
306,PART0307,brake,Ford,2014,17.0,184.25,3132.25,1.0
307,PART0308,brake,Ford,2022,5.0,483.78,2418.8999999999996,
308,PART0309,brake,Ford,2017,2.0,467.83,935.66,
309,PART0310,transmission,Ford,2012,55.0,486.57,26761.35,1.0
310,PART0311,tire,Honda,2011,82.0,147.02,12055.640000000001,0.0
311,PART0312,battery,Audi,2014,73.0,110.46,8063.58,
312,PART0313,brake,Volkswagen,2011,49.0,60.84,2981.1600000000003,
313,PART0314,tire,Mercedes,2004,92.0,107.1,9853.199999999999,
314,PART0315,tire,Ford,2014,5.0,169.97,849.85,
315,PART0316,battery,Mercedes,2010,70.0,434.46,30412.199999999997,1.0
316,PART0317,battery,Toyota,2001,65.0,128.75,8368.75,
317,PART0318,brake,Mercedes,2001,43.0,219.26,9428.18,1.0
318,PART0319,brake,Audi,2008,86.0,390.99,33625.14,
319,PART0320,engine,Ford,2018,92.0,216.25,19895.0,
320,PART0321,tire,Honda,2015,98.0,107.5,10535.0,1.0
321,PART0322,brake,Mercedes,2007,50.0,61.92,3096.0,1.0
322,PART0323,tire,Ford,2021,39.0,349.44,13628.16,
323,PART0324,tire,Volkswagen,2017,47.0,203.71,9574.37,1.0
324,PART0325,transmission,Audi,2006,90.0,155.02,13951.800000000001,
325,PART0326,suspension,Audi,2021,17.0,281.99,4793.83,1.0
326,PART0327,tire,Ford,2010,29.0,482.94,14005.26,1.0
327,PART0328,brake,Volkswagen,2017,86.0,54.37,4675.82,1.0
328,PART0329,suspension,BMW,2004,79.0,315.92,24957.68,
329,PART0330,transmission,Ford,2017,8.0,121.41,971.28,
330,PART0331,transmission,BMW,2009,13.0,373.58,4856.54,
331,PART0332,transmission,Mercedes,2006,1.0,284.78,284.78,0.0
332,PART0333,battery,Mercedes,2012,76.0,103.4,7858.400000000001,1.0
333,PART0334,brake,Volkswagen,2009,32.0,368.08,11778.56,0.0
334,PART0335,transmission,Audi,2021,86.0,412.86,35505.96,
335,PART0336,battery,Mercedes,2018,42.0,198.93,8355.06,1.0
336,PART0337,battery,Audi,2019,24.0,128.45,3082.7999999999997,1.0
337,PART0338,battery,Audi,2008,96.0,295.03,28322.879999999997,1.0
338,PART0339,transmission,Honda,2015,50.0,470.74,23537.0,0.0
339,PART0340,transmission,Toyota,2000,7.0,498.92,3492.44,0.0
340,PART0341,engine,Mercedes,2012,75.0,343.4,25755.0,1.0
341,PART0342,brake,Audi,2017,86.0,358.73,30850.780000000002,
342,PART0343,engine,BMW,2008,10.0,475.44,4754.4,0.0
343,PART0344,battery,Audi,2008,38.0,256.35,9741.300000000001,1.0
344,PART0345,suspension,Volkswagen,2019,24.0,294.18,7060.32,1.0
345,PART0346,engine,Mercedes,2021,60.0,435.76,26145.6,
346,PART0347,tire,BMW,2012,69.0,119.97,8277.93,
347,PART0348,suspension,Ford,2021,20.0,394.71,7894.2,0.0
348,PART0349,suspension,Volkswagen,2011,46.0,218.12,10033.52,1.0
349,PART0350,engine,BMW,2021,28.0,272.79,7638.120000000001,0.0
350,PART0351,transmission,Volkswagen,2011,11.0,427.29,4700.1900000000005,0.0
351,PART0352,suspension,Volkswagen,2008,25.0,403.21,10080.25,1.0
352,PART0353,battery,Toyota,2001,83.0,389.87,32359.21,1.0
353,PART0354,brake,Audi,2021,39.0,213.74,8335.86,0.0
354,PART0355,transmission,Volkswagen,2016,40.0,489.31,19572.4,0.0
355,PART0356,tire,Honda,2002,67.0,283.39,18987.129999999997,1.0
356,PART0357,engine,BMW,2002,41.0,147.68,6054.88,0.0
357,PART0358,tire,Volkswagen,2022,72.0,324.29,23348.88,0.0
358,PART0359,tire,BMW,2006,31.0,395.29,12253.99,0.0
359,PART0360,engine,Volkswagen,2019,70.0,383.87,26870.9,0.0
360,PART0361,brake,Volkswagen,2019,51.0,57.86,2950.86,
361,PART0362,brake,Toyota,2006,79.0,485.08,38321.32,
362,PART0363,transmission,Volkswagen,2009,38.0,208.93,7939.34,0.0
363,PART0364,suspension,Honda,2010,74.0,436.3,32286.2,
364,PART0365,battery,Mercedes,2000,55.0,296.19,16290.45,0.0
365,PART0366,suspension,Ford,2000,27.0,268.87,7259.49,0.0
366,PART0367,suspension,Audi,2012,88.0,246.83,21721.04,
367,PART0368,battery,Audi,2016,66.0,434.44,28673.04,
368,PART0369,tire,Volkswagen,2004,71.0,137.9,9790.9,1.0
369,PART0370,engine,Volkswagen,2003,47.0,182.37,8571.39,0.0
370,PART0371,tire,Audi,2001,18.0,125.24,2254.3199999999997,1.0
371,PART0372,suspension,Mercedes,2004,26.0,409.1,10636.6,0.0
372,PART0373,battery,Toyota,2012,69.0,52.16,3599.04,1.0
373,PART0374,battery,Honda,2002,6.0,170.08,1020.48,0.0
374,PART0375,battery,Ford,2013,73.0,476.65,34795.45,0.0
375,PART0376,suspension,Volkswagen,2002,51.0,271.18,13830.18,
376,PART0377,brake,BMW,2010,85.0,274.21,23307.85,0.0
377,PART0378,tire,Honda,2000,38.0,102.9,3910.2000000000003,0.0
378,PART0379,brake,Toyota,2013,55.0,149.91,8245.05,
379,PART0380,suspension,Mercedes,2016,22.0,339.85,7476.700000000001,
380,PART0381,tire,BMW,2022,67.0,475.61,31865.870000000003,
381,PART0382,transmission,Audi,2005,57.0,83.45,4756.650000000001,1.0
382,PART0383,brake,BMW,2001,57.0,356.34,20311.379999999997,1.0
383,PART0384,tire,Toyota,2009,82.0,97.87,8025.34,
384,PART0385,tire,Toyota,2009,47.0,433.26,20363.22,1.0
385,PART0386,brake,Ford,2007,79.0,317.0,25043.0,0.0
386,PART0387,suspension,Ford,2013,30.0,370.02,11100.599999999999,0.0
387,PART0388,engine,Honda,2005,20.0,443.08,8861.6,
388,PART0389,brake,Volkswagen,2019,14.0,421.62,5902.68,0.0
389,PART0390,transmission,Honda,2022,49.0,443.78,21745.219999999998,1.0
390,PART0391,tire,Volkswagen,2011,35.0,166.25,5818.75,
391,PART0392,battery,Honda,2012,1.0,162.43,162.43,0.0
392,PART0393,tire,Mercedes,2005,13.0,54.26,705.38,1.0
393,PART0394,battery,Mercedes,2008,12.0,102.95,1235.4,
394,PART0395,suspension,BMW,2016,23.0,137.81,3169.63,0.0
395,PART0396,tire,Ford,2011,20.0,268.77,5375.4,1.0
396,PART0397,tire,Volkswagen,2017,85.0,441.02,37486.7,0.0
397,PART0398,suspension,Ford,2018,48.0,58.57,2811.36,0.0
398,PART0399,transmission,Honda,2001,39.0,182.1,7101.9,1.0
399,PART0400,engine,BMW,2022,86.0,302.01,25972.86,1.0
400,PART0401,tire,Volkswagen,2015,11.0,489.77,5387.469999999999,1.0
401,PART0402,battery,BMW,2015,79.0,312.91,24719.890000000003,0.0
402,PART0403,tire,BMW,2000,79.0,362.35,28625.65,
403,PART0404,transmission,Toyota,2008,55.0,396.29,21795.95,1.0
404,PART0405,engine,Mercedes,2020,65.0,252.47,16410.55,0.0
405,PART0406,transmission,Ford,2008,72.0,204.61,14731.920000000002,0.0
406,PART0407,transmission,Audi,2003,27.0,473.05,12772.35,1.0
407,PART0408,battery,BMW,2016,75.0,88.33,6624.75,0.0
408,PART0409,brake,Honda,2017,7.0,301.31,2109.17,
409,PART0410,suspension,Honda,2012,78.0,347.01,27066.78,1.0
410,PART0411,brake,Ford,2003,49.0,250.72,12285.28,
411,PART0412,transmission,Toyota,2021,70.0,485.02,33951.4,1.0
412,PART0413,brake,Audi,2021,25.0,68.73,1718.25,0.0
413,PART0414,engine,Mercedes,2004,19.0,161.59,3070.21,0.0
414,PART0415,brake,BMW,2004,37.0,78.82,2916.3399999999997,1.0
415,PART0416,transmission,Honda,2005,88.0,151.18,13303.84,1.0
416,PART0417,suspension,BMW,2014,36.0,229.13,8248.68,0.0
417,PART0418,tire,Audi,2014,5.0,299.23,1496.15,0.0
418,PART0419,suspension,Volkswagen,2016,69.0,333.39,23003.91,0.0
419,PART0420,transmission,Honda,2017,59.0,65.01,3835.59,1.0
420,PART0421,suspension,Honda,2001,23.0,310.48,7141.040000000001,
421,PART0422,battery,Ford,2009,15.0,163.36,2450.4,1.0
422,PART0423,engine,Mercedes,2020,67.0,385.95,25858.649999999998,
423,PART0424,brake,Ford,2015,96.0,54.88,5268.4800000000005,
424,PART0425,engine,Audi,2015,28.0,366.8,10270.4,
425,PART0426,transmission,Volkswagen,2006,8.0,297.22,2377.76,0.0
426,PART0427,brake,Honda,2012,38.0,473.85,18006.3,
427,PART0428,battery,Volkswagen,2016,71.0,191.96,13629.16,0.0
428,PART0429,suspension,Volkswagen,2003,97.0,113.45,11004.65,0.0
429,PART0430,engine,BMW,2008,25.0,249.96,6249.0,
430,PART0431,battery,Toyota,2011,41.0,328.22,13457.02,
431,PART0432,brake,Toyota,2005,61.0,436.67,26636.870000000003,0.0
432,PART0433,transmission,Mercedes,2003,39.0,426.64,16638.96,0.0
433,PART0434,suspension,Volkswagen,2021,58.0,112.21,6508.179999999999,0.0
434,PART0435,brake,Toyota,2020,83.0,423.95,35187.85,
435,PART0436,suspension,BMW,2014,63.0,383.18,24140.34,1.0
436,PART0437,suspension,BMW,2001,90.0,215.93,19433.7,0.0
437,PART0438,tire,Audi,2013,52.0,150.63,7832.76,0.0
438,PART0439,suspension,Audi,2012,14.0,181.82,2545.48,1.0
439,PART0440,suspension,Toyota,2011,39.0,57.85,2256.15,1.0
440,PART0441,brake,Mercedes,2005,65.0,160.6,10439.0,1.0
441,PART0442,battery,Mercedes,2020,48.0,102.17,4904.16,1.0
442,PART0443,battery,Ford,2017,79.0,246.31,19458.49,
443,PART0444,engine,Volkswagen,2015,29.0,250.97,7278.13,0.0
444,PART0445,tire,Toyota,2019,50.0,401.98,20099.0,0.0
445,PART0446,suspension,Honda,2009,29.0,455.5,13209.5,
446,PART0447,tire,Honda,2005,51.0,282.37,14400.87,1.0
447,PART0448,engine,BMW,2022,86.0,306.62,26369.32,0.0
448,PART0449,battery,Honda,2021,31.0,135.88,4212.28,1.0
449,PART0450,suspension,Ford,2003,82.0,459.16,37651.12,
450,PART0451,battery,BMW,2020,56.0,446.61,25010.16,
451,PART0452,engine,Ford,2002,52.0,353.67,18390.84,
452,PART0453,battery,Ford,2011,62.0,465.67,28871.54,0.0
453,PART0454,engine,Volkswagen,2013,7.0,219.61,1537.27,1.0
454,PART0455,battery,Honda,2010,18.0,435.22,7833.960000000001,1.0
455,PART0456,suspension,Audi,2016,21.0,316.47,6645.870000000001,
456,PART0457,engine,Volkswagen,2022,7.0,105.62,739.34,
457,PART0458,engine,Volkswagen,2001,78.0,357.89,27915.42,
458,PART0459,suspension,BMW,2003,9.0,336.34,3027.06,1.0
459,PART0460,tire,Ford,2014,21.0,363.91,7642.110000000001,1.0
460,PART0461,suspension,BMW,2008,4.0,205.56,822.24,
461,PART0462,brake,BMW,2008,45.0,163.23,7345.349999999999,0.0
462,PART0463,tire,Mercedes,2015,39.0,123.55,4818.45,1.0
463,PART0464,transmission,Toyota,2014,10.0,223.39,2233.8999999999996,1.0
464,PART0465,tire,BMW,2001,19.0,261.46,4967.74,
465,PART0466,transmission,Volkswagen,2018,58.0,62.56,3628.48,
466,PART0467,tire,BMW,2013,95.0,421.94,40084.3,0.0
467,PART0468,brake,Toyota,2014,17.0,161.07,2738.19,
468,PART0469,suspension,Mercedes,2019,86.0,208.16,17901.76,1.0
469,PART0470,brake,Audi,2021,31.0,160.35,4970.849999999999,0.0
470,PART0471,suspension,Honda,2018,29.0,459.41,13322.890000000001,
471,PART0472,engine,Ford,2008,16.0,204.65,3274.4,
472,PART0473,brake,Toyota,2005,1.0,53.1,53.1,1.0
473,PART0474,brake,Mercedes,2013,66.0,53.7,3544.2000000000003,1.0
474,PART0475,engine,BMW,2016,76.0,266.35,20242.600000000002,1.0
475,PART0476,battery,Ford,2005,74.0,489.56,36227.44,
476,PART0477,tire,Volkswagen,2013,92.0,260.2,23938.399999999998,
477,PART0478,brake,Audi,2017,32.0,204.09,6530.88,1.0
478,PART0479,suspension,Audi,2012,87.0,403.0,35061.0,
479,PART0480,tire,Audi,2009,34.0,210.0,7140.0,1.0
480,PART0481,engine,Audi,2001,29.0,280.21,8126.089999999999,
481,PART0482,engine,Honda,2000,46.0,305.96,14074.16,1.0
482,PART0483,transmission,BMW,2014,28.0,56.56,1583.68,0.0
483,PART0484,brake,Volkswagen,2013,30.0,398.58,11957.4,
484,PART0485,brake,Honda,2020,99.0,338.21,33482.79,0.0
485,PART0486,brake,BMW,2019,70.0,272.94,19105.8,
486,PART0487,engine,Honda,2005,42.0,382.55,16067.1,0.0
487,PART0488,brake,Honda,2003,47.0,363.93,17104.71,0.0
488,PART0489,tire,Mercedes,2015,53.0,372.6,19747.800000000003,1.0
489,PART0490,tire,BMW,2000,11.0,278.17,3059.8700000000003,1.0
490,PART0491,transmission,Honda,2020,43.0,287.7,12371.1,
491,PART0492,engine,Ford,2017,44.0,74.56,3280.6400000000003,
492,PART0493,suspension,Mercedes,2009,58.0,380.25,22054.5,0.0
493,PART0494,tire,Mercedes,2004,81.0,175.18,14189.58,
494,PART0495,battery,Audi,2021,48.0,384.92,18476.16,1.0
495,PART0496,battery,Volkswagen,2008,54.0,272.72,14726.880000000001,0.0
496,PART0497,engine,Toyota,2003,32.0,497.43,15917.76,1.0
497,PART0498,transmission,Honda,2002,14.0,211.31,2958.34,
498,PART0499,suspension,Mercedes,2017,58.0,140.59,8154.22,0.0
499,PART0500,tire,BMW,2018,36.0,183.34,6600.24,1.0
500,PART0501,suspension,Ford,2002,81.0,84.06,6808.860000000001,0.0
501,PART0502,tire,Toyota,2003,24.0,327.19,7852.5599999999995,1.0
502,PART0503,tire,Mercedes,2001,13.0,222.86,2897.1800000000003,1.0
503,PART0504,transmission,Ford,2017,12.0,125.83,1509.96,
504,PART0505,engine,Mercedes,2001,62.0,326.56,20246.72,1.0
505,PART0506,transmission,BMW,2003,38.0,206.88,7861.44,
506,PART0507,suspension,Mercedes,2005,8.0,387.63,3101.04,0.0
507,PART0508,engine,Honda,2006,95.0,494.94,47019.3,0.0
508,PART0509,transmission,Audi,2014,73.0,401.95,29342.35,1.0
509,PART0510,transmission,Volkswagen,2016,98.0,280.11,27450.780000000002,0.0
510,PART0511,engine,Audi,2010,36.0,162.26,5841.36,1.0
511,PART0512,suspension,Volkswagen,2014,71.0,250.9,17813.9,0.0
512,PART0513,engine,Honda,2016,11.0,125.04,1375.44,1.0
513,PART0514,transmission,Mercedes,2011,76.0,316.39,24045.64,
514,PART0515,brake,Toyota,2021,79.0,288.05,22755.95,0.0
515,PART0516,tire,Mercedes,2006,7.0,110.07,770.49,
516,PART0517,tire,Audi,2003,56.0,114.07,6387.92,1.0
517,PART0518,battery,Volkswagen,2020,67.0,296.96,19896.32,1.0
518,PART0519,engine,Volkswagen,2019,72.0,482.07,34709.04,1.0
519,PART0520,transmission,Toyota,2003,21.0,471.07,9892.47,1.0
520,PART0521,brake,BMW,2004,98.0,180.9,17728.2,
521,PART0522,tire,BMW,2022,34.0,379.94,12917.96,1.0
522,PART0523,engine,Honda,2015,20.0,391.2,7824.0,1.0
523,PART0524,suspension,Toyota,2018,99.0,470.3,46559.700000000004,0.0
524,PART0525,battery,BMW,2007,57.0,176.13,10039.41,0.0
525,PART0526,transmission,Volkswagen,2001,78.0,220.69,17213.82,1.0
526,PART0527,suspension,Ford,2006,6.0,485.55,2913.3,
527,PART0528,engine,Ford,2012,96.0,115.15,11054.400000000001,0.0
528,PART0529,tire,Ford,2007,2.0,236.64,473.28,
529,PART0530,suspension,Audi,2022,41.0,215.51,8835.91,0.0
530,PART0531,brake,Mercedes,2010,30.0,251.47,7544.1,
531,PART0532,suspension,Volkswagen,2009,73.0,55.64,4061.7200000000003,
532,PART0533,suspension,Honda,2015,91.0,398.81,36291.71,1.0
533,PART0534,tire,Mercedes,2015,29.0,176.67,5123.429999999999,
534,PART0535,battery,Toyota,2006,57.0,392.77,22387.89,1.0
535,PART0536,brake,Audi,2004,81.0,461.73,37400.130000000005,1.0
536,PART0537,suspension,BMW,2005,18.0,303.88,5469.84,0.0
537,PART0538,engine,Volkswagen,2020,43.0,252.66,10864.38,0.0
538,PART0539,transmission,BMW,2009,13.0,424.3,5515.900000000001,
539,PART0540,transmission,Ford,2022,50.0,152.22,7611.0,1.0
540,PART0541,tire,Honda,2011,57.0,258.7,14745.9,1.0
541,PART0542,brake,Toyota,2009,30.0,412.02,12360.599999999999,
542,PART0543,battery,Audi,2007,23.0,165.52,3806.96,1.0
543,PART0544,engine,Audi,2013,45.0,488.43,21979.35,0.0
544,PART0545,engine,Volkswagen,2013,3.0,333.04,999.1200000000001,1.0
545,PART0546,tire,Toyota,2004,29.0,211.52,6134.08,1.0
546,PART0547,brake,Volkswagen,2003,79.0,70.3,5553.7,
547,PART0548,battery,Mercedes,2000,11.0,54.67,601.37,
548,PART0549,battery,Volkswagen,2017,24.0,305.13,7323.12,0.0
549,PART0550,battery,Mercedes,2003,32.0,435.6,13939.2,0.0
550,PART0551,tire,BMW,2006,58.0,122.03,7077.74,1.0
551,PART0552,transmission,Mercedes,2007,39.0,222.33,8670.87,
552,PART0553,engine,Mercedes,2015,7.0,486.99,3408.9300000000003,0.0
553,PART0554,suspension,Volkswagen,2008,64.0,346.14,22152.96,1.0
554,PART0555,transmission,Audi,2007,71.0,221.98,15760.58,
555,PART0556,transmission,Volkswagen,2015,74.0,270.99,20053.260000000002,
556,PART0557,tire,Volkswagen,2007,50.0,320.76,16038.0,1.0
557,PART0558,engine,Toyota,2013,33.0,409.1,13500.300000000001,
558,PART0559,transmission,Honda,2003,78.0,319.57,24926.46,1.0
559,PART0560,suspension,Mercedes,2002,5.0,335.89,1679.4499999999998,1.0
560,PART0561,transmission,Toyota,2011,13.0,465.92,6056.96,0.0
561,PART0562,tire,BMW,2003,24.0,310.98,7463.52,
562,PART0563,engine,Honda,2010,98.0,197.99,19403.02,
563,PART0564,engine,Mercedes,2022,25.0,270.66,6766.500000000001,
564,PART0565,tire,Volkswagen,2011,79.0,174.34,13772.86,
565,PART0566,suspension,BMW,2003,38.0,467.41,17761.58,0.0
566,PART0567,tire,Audi,2008,39.0,212.41,8283.99,0.0
567,PART0568,suspension,Ford,2019,68.0,120.0,8160.0,1.0
568,PART0569,suspension,Ford,2001,25.0,311.98,7799.5,
569,PART0570,brake,Ford,2007,55.0,305.2,16786.0,
570,PART0571,transmission,Toyota,2016,3.0,465.93,1397.79,
571,PART0572,brake,Mercedes,2016,80.0,462.39,36991.2,
572,PART0573,engine,Audi,2001,60.0,171.8,10308.0,1.0
573,PART0574,battery,Audi,2007,68.0,85.74,5830.32,0.0
574,PART0575,transmission,Toyota,2015,27.0,366.11,9884.970000000001,1.0
575,PART0576,battery,Honda,2016,65.0,495.68,32219.2,1.0
576,PART0577,transmission,Toyota,2002,42.0,369.39,15514.38,1.0
577,PART0578,transmission,BMW,2012,58.0,493.86,28643.88,
578,PART0579,transmission,Volkswagen,2019,99.0,339.0,33561.0,0.0
579,PART0580,brake,Volkswagen,2021,52.0,407.08,21168.16,1.0
580,PART0581,brake,Ford,2006,20.0,337.14,6742.799999999999,1.0
581,PART0582,suspension,Volkswagen,2012,60.0,59.5,3570.0,
582,PART0583,transmission,Mercedes,2020,73.0,474.81,34661.13,
583,PART0584,transmission,Toyota,2019,37.0,449.2,16620.399999999998,1.0
584,PART0585,suspension,Volkswagen,2002,66.0,350.12,23107.920000000002,1.0
585,PART0586,battery,Mercedes,2012,73.0,205.38,14992.74,0.0
586,PART0587,transmission,Volkswagen,2004,84.0,92.79,7794.360000000001,1.0
587,PART0588,battery,Honda,2004,50.0,426.65,21332.5,
588,PART0589,transmission,Toyota,2019,36.0,212.81,7661.16,1.0
589,PART0590,transmission,Volkswagen,2021,57.0,156.94,8945.58,1.0
590,PART0591,tire,BMW,2016,23.0,426.48,9809.04,
591,PART0592,transmission,BMW,2000,18.0,110.71,1992.78,
592,PART0593,suspension,Toyota,2000,58.0,96.98,5624.84,1.0
593,PART0594,transmission,Honda,2018,5.0,447.66,2238.3,1.0
594,PART0595,suspension,Ford,2015,55.0,480.88,26448.4,
595,PART0596,transmission,Mercedes,2011,8.0,348.66,2789.28,
596,PART0597,engine,BMW,2008,82.0,73.47,6024.54,
597,PART0598,transmission,BMW,2019,45.0,50.14,2256.3,1.0
598,PART0599,brake,Ford,2011,37.0,351.12,12991.44,
599,PART0600,suspension,Mercedes,2010,96.0,175.76,16872.96,
600,PART0601,battery,BMW,2005,33.0,420.77,13885.41,
601,PART0602,battery,Toyota,2014,89.0,457.12,40683.68,1.0
602,PART0603,transmission,Volkswagen,2007,70.0,154.73,10831.099999999999,
603,PART0604,transmission,Toyota,2017,71.0,153.99,10933.29,
604,PART0605,brake,Volkswagen,2008,69.0,357.07,24637.829999999998,0.0
605,PART0606,suspension,Mercedes,2011,46.0,296.85,13655.1,
606,PART0607,battery,Audi,2015,7.0,407.72,2854.04,
607,PART0608,suspension,Toyota,2004,56.0,241.09,13501.04,0.0
608,PART0609,battery,Mercedes,2004,16.0,151.8,2428.8,0.0
609,PART0610,suspension,BMW,2022,19.0,171.84,3264.96,
610,PART0611,transmission,Toyota,2020,45.0,189.93,8546.85,
611,PART0612,battery,BMW,2003,29.0,204.38,5927.0199999999995,0.0
612,PART0613,suspension,Honda,2007,42.0,428.34,17990.28,1.0
613,PART0614,brake,Volkswagen,2019,73.0,352.11,25704.030000000002,1.0
614,PART0615,tire,Honda,2007,90.0,390.77,35169.299999999996,1.0
615,PART0616,brake,Volkswagen,2008,94.0,137.34,12909.960000000001,0.0
616,PART0617,tire,Audi,2017,56.0,95.44,5344.639999999999,0.0
617,PART0618,suspension,Mercedes,2001,26.0,180.87,4702.62,
618,PART0619,engine,Toyota,2004,59.0,226.99,13392.41,1.0
619,PART0620,tire,Toyota,2008,19.0,128.21,2435.9900000000002,0.0
620,PART0621,battery,Volkswagen,2022,93.0,178.6,16609.8,1.0
621,PART0622,battery,BMW,2015,81.0,78.35,6346.349999999999,0.0
622,PART0623,brake,Ford,2008,8.0,415.23,3321.84,1.0
623,PART0624,battery,Toyota,2000,40.0,324.16,12966.400000000001,
624,PART0625,tire,Mercedes,2020,24.0,447.07,10729.68,0.0
625,PART0626,battery,Audi,2008,37.0,311.91,11540.67,0.0
626,PART0627,brake,Audi,2008,50.0,241.99,12099.5,0.0
627,PART0628,brake,Honda,2020,86.0,63.06,5423.16,
628,PART0629,engine,BMW,2019,64.0,389.45,24924.8,0.0
629,PART0630,suspension,Audi,2022,3.0,408.77,1226.31,1.0
630,PART0631,transmission,Mercedes,2003,54.0,303.33,16379.82,1.0
631,PART0632,engine,BMW,2000,19.0,373.84,7102.959999999999,1.0
632,PART0633,engine,Audi,2009,37.0,208.38,7710.0599999999995,1.0
633,PART0634,battery,Honda,2018,94.0,322.97,30359.180000000004,1.0
634,PART0635,engine,Volkswagen,2008,35.0,438.65,15352.75,0.0
635,PART0636,tire,Volkswagen,2008,71.0,84.2,5978.2,1.0
636,PART0637,brake,Volkswagen,2010,46.0,476.1,21900.600000000002,
637,PART0638,transmission,Ford,2020,78.0,206.06,16072.68,
638,PART0639,transmission,Audi,2021,62.0,105.91,6566.42,0.0
639,PART0640,suspension,Audi,2012,62.0,215.76,13377.119999999999,1.0
640,PART0641,battery,Volkswagen,2010,85.0,456.74,38822.9,1.0
641,PART0642,battery,Toyota,2010,33.0,251.9,8312.7,0.0
642,PART0643,tire,Honda,2010,86.0,154.9,13321.4,
643,PART0644,battery,Mercedes,2003,56.0,233.67,13085.519999999999,
644,PART0645,brake,BMW,2018,87.0,133.53,11617.11,0.0
645,PART0646,tire,Honda,2017,59.0,79.7,4702.3,
646,PART0647,battery,BMW,2000,4.0,173.7,694.8,1.0
647,PART0648,battery,Honda,2016,15.0,118.31,1774.65,1.0
648,PART0649,brake,Audi,2011,16.0,198.32,3173.12,
649,PART0650,engine,Audi,2010,17.0,302.18,5137.06,
650,PART0651,engine,Honda,2006,58.0,330.37,19161.46,0.0
651,PART0652,suspension,Toyota,2018,16.0,193.41,3094.56,1.0
652,PART0653,engine,BMW,2018,74.0,65.17,4822.58,0.0
653,PART0654,suspension,Audi,2022,73.0,182.86,13348.78,1.0
654,PART0655,engine,Mercedes,2005,5.0,110.36,551.8,
655,PART0656,engine,BMW,2018,63.0,352.1,22182.300000000003,1.0
656,PART0657,tire,Audi,2006,86.0,100.79,8667.94,
657,PART0658,tire,Ford,2014,45.0,137.91,6205.95,0.0
658,PART0659,engine,Ford,2006,73.0,103.11,7527.03,0.0
659,PART0660,transmission,Volkswagen,2003,29.0,170.76,4952.04,
660,PART0661,battery,Mercedes,2007,23.0,372.67,8571.41,
661,PART0662,suspension,Volkswagen,2002,5.0,180.28,901.4,
662,PART0663,engine,Toyota,2004,34.0,362.46,12323.64,
663,PART0664,battery,Ford,2016,40.0,483.25,19330.0,0.0
664,PART0665,tire,Mercedes,2020,81.0,468.31,37933.11,0.0
665,PART0666,brake,Honda,2006,67.0,318.34,21328.78,0.0
666,PART0667,engine,Audi,2019,56.0,85.49,4787.44,
667,PART0668,tire,Ford,2017,11.0,375.45,4129.95,0.0
668,PART0669,tire,Volkswagen,2016,14.0,359.36,5031.04,1.0
669,PART0670,tire,Ford,2005,96.0,289.96,27836.159999999996,
670,PART0671,transmission,BMW,2004,91.0,332.32,30241.12,
671,PART0672,battery,Audi,2009,68.0,214.51,14586.68,1.0
672,PART0673,tire,Audi,2000,31.0,82.49,2557.19,
673,PART0674,battery,Honda,2021,5.0,267.74,1338.7,0.0
674,PART0675,tire,Mercedes,2000,33.0,302.52,9983.16,1.0
675,PART0676,transmission,Honda,2011,48.0,165.19,7929.12,0.0
676,PART0677,tire,Ford,2020,28.0,430.53,12054.84,1.0
677,PART0678,brake,Volkswagen,2014,89.0,284.22,25295.58,0.0
678,PART0679,brake,Toyota,2018,53.0,278.89,14781.17,0.0
679,PART0680,brake,Honda,2004,92.0,449.06,41313.52,
680,PART0681,brake,Audi,2020,6.0,361.57,2169.42,
681,PART0682,suspension,Toyota,2010,23.0,244.82,5630.86,
682,PART0683,transmission,Ford,2021,85.0,291.01,24735.85,1.0
683,PART0684,engine,BMW,2019,88.0,82.92,7296.96,0.0
684,PART0685,engine,Honda,2011,65.0,141.5,9197.5,
685,PART0686,battery,Honda,2011,23.0,315.54,7257.42,
686,PART0687,battery,BMW,2017,67.0,318.75,21356.25,
687,PART0688,transmission,BMW,2001,93.0,456.04,42411.72,1.0
688,PART0689,suspension,Honda,2019,37.0,260.94,9654.78,1.0
689,PART0690,engine,Audi,2009,81.0,153.3,12417.300000000001,0.0
690,PART0691,engine,BMW,2020,52.0,317.93,16532.36,
691,PART0692,brake,Audi,2021,79.0,149.95,11846.05,
692,PART0693,brake,Volkswagen,2009,13.0,124.01,1612.13,
693,PART0694,brake,Mercedes,2004,21.0,452.17,9495.57,0.0
694,PART0695,battery,Toyota,2000,62.0,456.69,28314.78,
695,PART0696,transmission,Honda,2020,11.0,233.73,2571.0299999999997,0.0
696,PART0697,engine,Ford,2017,44.0,86.73,3816.1200000000003,
697,PART0698,tire,BMW,2017,98.0,168.4,16503.2,0.0
698,PART0699,transmission,Toyota,2014,33.0,409.66,13518.78,
699,PART0700,battery,Ford,2003,53.0,268.03,14205.589999999998,
700,PART0701,engine,Ford,2012,56.0,382.55,21422.8,1.0
701,PART0702,engine,Ford,2013,75.0,253.47,19010.25,
702,PART0703,suspension,Ford,2021,96.0,130.67,12544.32,0.0
703,PART0704,engine,Volkswagen,2007,82.0,328.08,26902.559999999998,
704,PART0705,transmission,Honda,2002,87.0,96.92,8432.04,1.0
705,PART0706,brake,Mercedes,2006,16.0,353.19,5651.04,
706,PART0707,battery,Honda,2016,26.0,456.57,11870.82,1.0
707,PART0708,battery,Volkswagen,2010,4.0,262.31,1049.24,1.0
708,PART0709,brake,Mercedes,2009,61.0,70.91,4325.51,1.0
709,PART0710,tire,Ford,2001,26.0,280.55,7294.3,1.0
710,PART0711,brake,BMW,2003,17.0,396.75,6744.75,1.0
711,PART0712,engine,Honda,2007,55.0,163.04,8967.199999999999,
712,PART0713,tire,Mercedes,2016,78.0,422.95,32990.1,0.0
713,PART0714,brake,Mercedes,2020,90.0,491.54,44238.6,
714,PART0715,engine,BMW,2004,43.0,167.75,7213.25,0.0
715,PART0716,suspension,Audi,2000,26.0,457.49,11894.74,0.0
716,PART0717,transmission,Volkswagen,2017,29.0,222.79,6460.91,1.0
717,PART0718,transmission,Audi,2013,69.0,314.25,21683.25,
718,PART0719,brake,Mercedes,2004,82.0,472.24,38723.68,
719,PART0720,transmission,Mercedes,2022,24.0,301.96,7247.039999999999,0.0
720,PART0721,brake,Honda,2015,67.0,230.98,15475.66,
721,PART0722,transmission,Audi,2012,71.0,158.99,11288.29,1.0
722,PART0723,engine,Toyota,2022,26.0,474.64,12340.64,1.0
723,PART0724,tire,Ford,2013,53.0,435.46,23079.379999999997,0.0
724,PART0725,tire,BMW,2007,64.0,353.77,22641.28,
725,PART0726,brake,Volkswagen,2007,88.0,358.79,31573.52,
726,PART0727,tire,Mercedes,2016,82.0,440.04,36083.28,0.0
727,PART0728,brake,Toyota,2008,18.0,316.72,5700.960000000001,
728,PART0729,transmission,Ford,2014,96.0,70.22,6741.12,1.0
729,PART0730,engine,Honda,2019,49.0,453.54,22223.460000000003,
730,PART0731,engine,Toyota,2021,80.0,316.8,25344.0,1.0
731,PART0732,tire,Audi,2002,4.0,232.52,930.08,
732,PART0733,brake,Toyota,2008,63.0,376.34,23709.42,1.0
733,PART0734,brake,Volkswagen,2018,83.0,246.04,20421.32,1.0
734,PART0735,tire,Mercedes,2021,6.0,137.55,825.3000000000001,0.0
735,PART0736,brake,BMW,2010,5.0,66.21,331.04999999999995,
736,PART0737,brake,Volkswagen,2007,90.0,365.25,32872.5,1.0
737,PART0738,engine,Ford,2004,60.0,207.2,12432.0,
738,PART0739,tire,Toyota,2014,92.0,70.74,6508.08,1.0
739,PART0740,battery,Ford,2017,97.0,293.7,28488.899999999998,
740,PART0741,transmission,Mercedes,2020,77.0,242.91,18704.07,0.0
741,PART0742,engine,BMW,2002,75.0,423.77,31782.75,
742,PART0743,suspension,Toyota,2021,19.0,343.64,6529.16,0.0
743,PART0744,tire,BMW,2021,93.0,202.69,18850.17,0.0
744,PART0745,suspension,Ford,2014,92.0,417.36,38397.12,
745,PART0746,battery,Volkswagen,2015,83.0,316.0,26228.0,1.0
746,PART0747,suspension,Ford,2015,61.0,121.89,7435.29,1.0
747,PART0748,brake,Mercedes,2005,79.0,53.74,4245.46,
748,PART0749,engine,Ford,2018,72.0,431.12,31040.64,1.0
749,PART0750,suspension,Ford,2009,71.0,401.94,28537.74,1.0
750,PART0751,transmission,Ford,2001,86.0,210.3,18085.8,1.0
751,PART0752,suspension,Ford,2020,49.0,371.02,18179.98,1.0
752,PART0753,brake,BMW,2019,1.0,351.6,351.6,0.0
753,PART0754,battery,BMW,2022,15.0,93.64,1404.6,0.0
754,PART0755,suspension,Audi,2016,63.0,246.16,15508.08,0.0
755,PART0756,battery,Ford,2001,67.0,163.56,10958.52,
756,PART0757,brake,Honda,2018,42.0,410.47,17239.74,0.0
757,PART0758,battery,Ford,2019,16.0,289.11,4625.76,1.0
758,PART0759,suspension,Mercedes,2014,34.0,360.54,12258.36,
759,PART0760,battery,Audi,2005,23.0,203.93,4690.39,1.0
760,PART0761,tire,Ford,2008,91.0,276.51,25162.41,
761,PART0762,brake,Volkswagen,2021,21.0,137.59,2889.39,1.0
762,PART0763,suspension,Audi,2022,36.0,267.82,9641.52,0.0
763,PART0764,tire,Mercedes,2010,1.0,491.19,491.19,0.0
764,PART0765,transmission,Audi,2007,46.0,467.85,21521.100000000002,0.0
765,PART0766,battery,Ford,2011,41.0,365.15,14971.15,0.0
766,PART0767,tire,Mercedes,2012,47.0,76.49,3595.0299999999997,
767,PART0768,engine,Mercedes,2008,39.0,133.11,5191.290000000001,0.0
768,PART0769,brake,Audi,2000,59.0,192.5,11357.5,0.0
769,PART0770,battery,Honda,2008,3.0,198.14,594.42,
770,PART0771,tire,Mercedes,2000,11.0,375.86,4134.46,0.0
771,PART0772,suspension,Volkswagen,2014,72.0,142.96,10293.12,1.0
772,PART0773,engine,Ford,2006,73.0,111.93,8170.89,
773,PART0774,brake,Ford,2013,57.0,423.0,24111.0,0.0
774,PART0775,engine,Honda,2014,54.0,337.06,18201.24,1.0
775,PART0776,suspension,Ford,2012,74.0,80.34,5945.16,0.0
776,PART0777,brake,Volkswagen,2008,31.0,499.27,15477.369999999999,1.0
777,PART0778,suspension,Mercedes,2021,87.0,148.01,12876.869999999999,0.0
778,PART0779,tire,Honda,2015,83.0,278.2,23090.6,1.0
779,PART0780,transmission,Honda,2006,33.0,162.43,5360.1900000000005,1.0
780,PART0781,suspension,Toyota,2022,62.0,101.13,6270.0599999999995,0.0
781,PART0782,brake,Ford,2005,41.0,257.25,10547.25,
782,PART0783,engine,Honda,2018,55.0,120.49,6626.95,
783,PART0784,transmission,Honda,2021,52.0,275.76,14339.52,
784,PART0785,tire,Audi,2007,18.0,431.35,7764.3,1.0
785,PART0786,battery,BMW,2007,10.0,311.09,3110.8999999999996,0.0
786,PART0787,engine,Volkswagen,2021,77.0,249.55,19215.350000000002,1.0
787,PART0788,transmission,Volkswagen,2021,75.0,74.1,5557.5,0.0
788,PART0789,tire,Volkswagen,2007,45.0,319.07,14358.15,1.0
789,PART0790,battery,Toyota,2009,9.0,76.32,686.8799999999999,
790,PART0791,tire,Mercedes,2020,96.0,431.37,41411.520000000004,1.0
791,PART0792,tire,Volkswagen,2009,82.0,111.08,9108.56,
792,PART0793,engine,BMW,2014,73.0,101.76,7428.4800000000005,1.0
793,PART0794,engine,Toyota,2012,41.0,434.24,17803.84,0.0
794,PART0795,engine,Honda,2001,72.0,275.89,19864.079999999998,1.0
795,PART0796,tire,Ford,2013,63.0,375.3,23643.9,1.0
796,PART0797,engine,BMW,2013,14.0,274.34,3840.7599999999998,0.0
797,PART0798,transmission,Ford,2014,4.0,392.91,1571.64,0.0
798,PART0799,battery,Toyota,2000,21.0,115.1,2417.1,1.0
799,PART0800,tire,Volkswagen,2001,6.0,346.18,2077.08,
800,PART0801,engine,Audi,2010,3.0,425.13,1275.3899999999999,1.0
801,PART0802,battery,Mercedes,2012,41.0,293.19,12020.789999999999,0.0
802,PART0803,engine,Honda,2011,97.0,84.88,8233.359999999999,
803,PART0804,battery,Audi,2015,35.0,392.78,13747.3,
804,PART0805,suspension,Ford,2021,38.0,93.7,3560.6,0.0
805,PART0806,tire,BMW,2011,42.0,452.32,18997.44,
806,PART0807,tire,Mercedes,2008,26.0,399.82,10395.32,0.0
807,PART0808,transmission,Audi,2019,74.0,285.87,21154.38,1.0
808,PART0809,engine,Toyota,2014,18.0,260.17,4683.06,1.0
809,PART0810,battery,Volkswagen,2004,36.0,225.62,8122.32,1.0
810,PART0811,brake,BMW,2005,4.0,243.33,973.32,0.0
811,PART0812,engine,Audi,2007,27.0,299.47,8085.6900000000005,1.0
812,PART0813,engine,BMW,2015,35.0,81.0,2835.0,0.0
813,PART0814,tire,Honda,2002,22.0,324.39,7136.58,0.0
814,PART0815,tire,BMW,2006,12.0,400.57,4806.84,1.0
815,PART0816,battery,Mercedes,2016,95.0,390.78,37124.1,1.0
816,PART0817,tire,Toyota,2018,64.0,407.19,26060.16,
817,PART0818,battery,Mercedes,2020,26.0,76.4,1986.4,1.0
818,PART0819,transmission,Audi,2005,47.0,435.39,20463.329999999998,1.0
819,PART0820,suspension,Audi,2022,46.0,86.58,3982.68,1.0
820,PART0821,transmission,Mercedes,2008,36.0,146.04,5257.44,1.0
821,PART0822,battery,Honda,2007,59.0,58.27,3437.9300000000003,1.0
822,PART0823,engine,Mercedes,2018,58.0,93.29,5410.820000000001,
823,PART0824,suspension,Honda,2007,34.0,362.51,12325.34,1.0
824,PART0825,engine,Audi,2013,75.0,139.15,10436.25,0.0
825,PART0826,battery,Ford,2002,45.0,137.17,6172.65,0.0
826,PART0827,brake,Honda,2022,75.0,371.4,27855.0,1.0
827,PART0828,engine,BMW,2005,49.0,282.72,13853.28,1.0
828,PART0829,suspension,Ford,2008,87.0,50.98,4435.259999999999,0.0
829,PART0830,engine,Honda,2019,88.0,102.18,8991.84,0.0
830,PART0831,brake,Toyota,2008,83.0,440.69,36577.27,0.0
831,PART0832,transmission,Honda,2010,93.0,268.67,24986.31,
832,PART0833,battery,Ford,2007,25.0,354.0,8850.0,1.0
833,PART0834,tire,BMW,2002,55.0,470.98,25903.9,1.0
834,PART0835,tire,Volkswagen,2000,53.0,399.52,21174.559999999998,
835,PART0836,battery,Audi,2019,61.0,338.44,20644.84,
836,PART0837,brake,Audi,2020,75.0,272.5,20437.5,0.0
837,PART0838,tire,Honda,2005,48.0,117.96,5662.08,
838,PART0839,tire,Honda,2002,47.0,478.52,22490.44,
839,PART0840,battery,Audi,2021,41.0,161.89,6637.49,1.0
840,PART0841,engine,Volkswagen,2003,36.0,368.66,13271.76,1.0
841,PART0842,engine,Honda,2022,4.0,63.66,254.64,1.0
842,PART0843,transmission,Mercedes,2004,12.0,333.1,3997.2000000000003,0.0
843,PART0844,brake,Mercedes,2017,12.0,169.72,2036.6399999999999,1.0
844,PART0845,brake,Volkswagen,2016,80.0,214.79,17183.2,1.0
845,PART0846,battery,Honda,2014,35.0,189.13,6619.55,
846,PART0847,brake,Volkswagen,2013,54.0,273.88,14789.52,1.0
847,PART0848,tire,Honda,2010,61.0,248.19,15139.59,0.0
848,PART0849,suspension,BMW,2009,55.0,200.52,11028.6,0.0
849,PART0850,battery,Ford,2017,97.0,258.23,25048.31,0.0
850,PART0851,tire,Ford,2011,12.0,161.68,1940.16,
851,PART0852,suspension,BMW,2018,27.0,448.56,12111.12,1.0
852,PART0853,battery,Toyota,2008,17.0,471.26,8011.42,0.0
853,PART0854,brake,Ford,2001,13.0,213.42,2774.46,0.0
854,PART0855,transmission,Mercedes,2018,98.0,208.66,20448.68,1.0
855,PART0856,brake,Honda,2016,29.0,450.54,13065.66,
856,PART0857,tire,Mercedes,2017,69.0,166.51,11489.189999999999,
857,PART0858,transmission,BMW,2003,35.0,498.34,17441.899999999998,0.0
858,PART0859,brake,Ford,2008,57.0,329.88,18803.16,0.0
859,PART0860,suspension,Volkswagen,2007,82.0,51.06,4186.92,
860,PART0861,suspension,Mercedes,2004,62.0,408.03,25297.859999999997,1.0
861,PART0862,brake,BMW,2005,77.0,221.52,17057.04,1.0
862,PART0863,brake,Ford,2016,98.0,462.97,45371.060000000005,1.0
863,PART0864,tire,Volkswagen,2009,94.0,259.24,24368.56,1.0
864,PART0865,transmission,Toyota,2010,81.0,237.91,19270.71,0.0
865,PART0866,transmission,Mercedes,2001,61.0,487.45,29734.45,1.0
866,PART0867,battery,Honda,2020,50.0,399.98,19999.0,1.0
867,PART0868,tire,Audi,2011,49.0,216.0,10584.0,1.0
868,PART0869,brake,Toyota,2001,55.0,134.76,7411.799999999999,
869,PART0870,engine,Toyota,2003,16.0,198.55,3176.8,0.0
870,PART0871,brake,Toyota,2011,34.0,55.7,1893.8000000000002,
871,PART0872,engine,Mercedes,2011,52.0,290.96,15129.919999999998,1.0
872,PART0873,battery,Toyota,2015,49.0,63.19,3096.31,
873,PART0874,suspension,Audi,2004,98.0,488.95,47917.1,
874,PART0875,engine,Mercedes,2009,47.0,418.35,19662.45,0.0
875,PART0876,transmission,BMW,2018,80.0,76.63,6130.4,0.0
876,PART0877,brake,Audi,2012,62.0,286.64,17771.68,1.0
877,PART0878,suspension,Mercedes,2016,14.0,417.22,5841.08,0.0
878,PART0879,brake,Volkswagen,2003,4.0,485.62,1942.48,
879,PART0880,battery,Ford,2008,23.0,175.93,4046.3900000000003,
880,PART0881,engine,Mercedes,2008,1.0,207.86,207.86,0.0
881,PART0882,tire,Mercedes,2011,9.0,495.53,4459.7699999999995,
882,PART0883,suspension,Honda,2000,45.0,466.94,21012.3,1.0
883,PART0884,brake,Honda,2018,16.0,466.98,7471.68,0.0
884,PART0885,engine,Volkswagen,2006,5.0,116.97,584.85,0.0
885,PART0886,battery,Honda,2019,32.0,485.91,15549.12,1.0
886,PART0887,engine,Mercedes,2009,46.0,336.32,15470.72,1.0
887,PART0888,suspension,Audi,2007,38.0,407.18,15472.84,1.0
888,PART0889,battery,Volkswagen,2003,80.0,397.07,31765.6,1.0
889,PART0890,transmission,Audi,2001,68.0,236.84,16105.12,1.0
890,PART0891,tire,Audi,2020,18.0,139.41,2509.38,
891,PART0892,battery,Volkswagen,2010,88.0,487.98,42942.240000000005,1.0
892,PART0893,transmission,Volkswagen,2021,69.0,133.51,9212.189999999999,
893,PART0894,battery,Audi,2019,77.0,181.4,13967.800000000001,1.0
894,PART0895,suspension,Toyota,2000,83.0,113.15,9391.45,1.0
895,PART0896,battery,Mercedes,2018,24.0,489.85,11756.400000000001,
896,PART0897,tire,Volkswagen,2013,78.0,198.79,15505.619999999999,0.0
897,PART0898,suspension,Ford,2020,50.0,294.49,14724.5,0.0
898,PART0899,brake,Honda,2017,62.0,196.78,12200.36,0.0
899,PART0900,transmission,Honda,2000,13.0,251.53,3269.89,
900,PART0901,battery,Audi,2019,91.0,280.45,25520.95,1.0
901,PART0902,brake,Toyota,2018,43.0,479.43,20615.49,
902,PART0903,engine,Volkswagen,2018,70.0,231.33,16193.1,
903,PART0904,tire,Mercedes,2000,55.0,225.57,12406.35,
904,PART0905,tire,BMW,2002,59.0,107.5,6342.5,
905,PART0906,tire,Toyota,2007,31.0,319.94,9918.14,1.0
906,PART0907,engine,Mercedes,2002,8.0,411.9,3295.2,1.0
907,PART0908,engine,Honda,2012,65.0,180.12,11707.800000000001,1.0
908,PART0909,transmission,Honda,2008,9.0,137.1,1233.8999999999999,0.0
909,PART0910,battery,Toyota,2009,58.0,256.09,14853.22,
910,PART0911,battery,Volkswagen,2005,38.0,380.11,14444.18,0.0
911,PART0912,transmission,Audi,2017,78.0,130.21,10156.380000000001,0.0
912,PART0913,engine,Audi,2001,76.0,77.03,5854.28,0.0
913,PART0914,transmission,BMW,2003,59.0,108.24,6386.16,
914,PART0915,engine,Volkswagen,2009,18.0,494.95,8909.1,
915,PART0916,transmission,Toyota,2001,11.0,189.71,2086.81,1.0
916,PART0917,suspension,Audi,2013,81.0,388.94,31504.14,
917,PART0918,transmission,Mercedes,2000,30.0,272.39,8171.7,1.0
918,PART0919,brake,Volkswagen,2017,43.0,391.87,16850.41,1.0
919,PART0920,brake,Volkswagen,2012,8.0,425.21,3401.68,
920,PART0921,tire,BMW,2004,79.0,268.6,21219.4,0.0
921,PART0922,tire,Toyota,2000,39.0,377.34,14716.259999999998,
922,PART0923,suspension,Volkswagen,2014,14.0,499.54,6993.56,0.0
923,PART0924,tire,Honda,2004,92.0,313.9,28878.8,
924,PART0925,suspension,Ford,2002,2.0,403.79,807.58,0.0
925,PART0926,brake,Audi,2006,70.0,183.45,12841.5,0.0
926,PART0927,brake,Honda,2008,32.0,325.66,10421.12,1.0
927,PART0928,brake,Ford,2011,72.0,425.07,30605.04,0.0
928,PART0929,tire,Mercedes,2017,89.0,262.11,23327.79,0.0
929,PART0930,tire,Ford,2014,22.0,249.39,5486.58,
930,PART0931,tire,Audi,2013,55.0,407.57,22416.35,1.0
931,PART0932,engine,Ford,2000,53.0,123.78,6560.34,0.0
932,PART0933,transmission,Audi,2019,76.0,209.21,15899.960000000001,
933,PART0934,tire,Volkswagen,2009,1.0,126.45,126.45,0.0
934,PART0935,battery,Ford,2004,62.0,353.21,21899.02,0.0
935,PART0936,transmission,Ford,2019,99.0,171.01,16929.989999999998,
936,PART0937,engine,Ford,2015,8.0,306.14,2449.12,
937,PART0938,transmission,BMW,2015,9.0,384.73,3462.57,
938,PART0939,brake,Honda,2002,51.0,205.76,10493.76,1.0
939,PART0940,transmission,Mercedes,2013,72.0,122.61,8827.92,1.0
940,PART0941,suspension,BMW,2022,37.0,271.76,10055.119999999999,1.0
941,PART0942,transmission,Audi,2016,94.0,297.13,27930.22,
942,PART0943,suspension,Toyota,2000,93.0,498.34,46345.619999999995,0.0
943,PART0944,engine,Toyota,2005,54.0,294.05,15878.7,1.0
944,PART0945,transmission,Toyota,2008,91.0,349.53,31807.229999999996,0.0
945,PART0946,engine,Mercedes,2000,8.0,58.68,469.44,1.0
946,PART0947,tire,Ford,2019,90.0,426.8,38412.0,1.0
947,PART0948,brake,Ford,2018,58.0,448.23,25997.34,0.0
948,PART0949,suspension,Ford,2002,48.0,103.76,4980.4800000000005,
949,PART0950,suspension,BMW,2017,37.0,219.48,8120.759999999999,
950,PART0951,tire,Volkswagen,2020,77.0,427.79,32939.83,0.0
951,PART0952,tire,Toyota,2010,3.0,116.78,350.34000000000003,0.0
952,PART0953,transmission,BMW,2012,83.0,352.11,29225.13,
953,PART0954,tire,BMW,2002,86.0,488.58,42017.88,0.0
954,PART0955,engine,Honda,2012,54.0,435.38,23510.52,1.0
955,PART0956,brake,Mercedes,2016,97.0,400.75,38872.75,1.0
956,PART0957,battery,Ford,2008,49.0,451.01,22099.489999999998,1.0
957,PART0958,suspension,Toyota,2000,8.0,140.36,1122.88,
958,PART0959,engine,Toyota,2001,50.0,421.67,21083.5,0.0
959,PART0960,suspension,Ford,2015,47.0,329.85,15502.95,
960,PART0961,brake,Mercedes,2004,79.0,183.95,14532.05,0.0
961,PART0962,brake,Audi,2017,10.0,264.86,2648.6000000000004,
962,PART0963,tire,Honda,2008,74.0,164.48,12171.519999999999,1.0
963,PART0964,brake,Audi,2000,24.0,306.05,7345.200000000001,
964,PART0965,tire,Ford,2009,76.0,230.7,17533.2,0.0
965,PART0966,transmission,Audi,2005,16.0,456.54,7304.64,0.0
966,PART0967,brake,Toyota,2000,2.0,144.68,289.36,0.0
967,PART0968,brake,Mercedes,2013,65.0,473.42,30772.3,1.0
968,PART0969,suspension,Volkswagen,2012,17.0,310.37,5276.29,
969,PART0970,brake,Audi,2012,69.0,472.47,32600.43,1.0
970,PART0971,suspension,Mercedes,2006,9.0,443.8,3994.2000000000003,
971,PART0972,engine,BMW,2001,31.0,363.12,11256.72,
972,PART0973,suspension,Audi,2007,55.0,72.29,3975.9500000000003,0.0
973,PART0974,brake,Toyota,2006,18.0,52.67,948.0600000000001,0.0
974,PART0975,tire,Audi,2001,83.0,61.25,5083.75,1.0
975,PART0976,engine,Ford,2015,17.0,467.11,7940.87,
976,PART0977,tire,BMW,2000,5.0,313.97,1569.8500000000001,0.0
977,PART0978,tire,Mercedes,2009,29.0,495.5,14369.5,
978,PART0979,brake,BMW,2016,12.0,64.06,768.72,
979,PART0980,transmission,Ford,2009,13.0,363.69,4727.97,1.0
980,PART0981,brake,BMW,2002,88.0,94.26,8294.880000000001,
981,PART0982,transmission,Volkswagen,2016,58.0,77.51,4495.58,1.0
982,PART0983,battery,Mercedes,2008,41.0,372.45,15270.449999999999,
983,PART0984,transmission,Honda,2003,30.0,250.87,7526.1,0.0
984,PART0985,transmission,Mercedes,2000,19.0,384.35,7302.650000000001,
985,PART0986,engine,Mercedes,2009,79.0,88.32,6977.28,1.0
986,PART0987,engine,Audi,2017,36.0,117.75,4239.0,1.0
987,PART0988,brake,BMW,2005,51.0,382.41,19502.91,
988,PART0989,tire,Mercedes,2008,30.0,470.62,14118.6,
989,PART0990,tire,Toyota,2019,61.0,110.31,6728.91,1.0
990,PART0991,tire,Audi,2015,38.0,476.23,18096.74,1.0
991,PART0992,suspension,Honda,2020,98.0,464.9,45560.2,1.0
992,PART0993,battery,Audi,2022,41.0,340.35,13954.35,1.0
993,PART0994,battery,Mercedes,2017,47.0,324.57,15254.789999999999,1.0
994,PART0995,transmission,Audi,2012,25.0,92.44,2311.0,0.0
995,PART0996,tire,BMW,2004,64.0,350.61,22439.04,1.0
996,PART0997,battery,BMW,2007,47.0,271.57,12763.789999999999,1.0
997,PART0998,tire,BMW,2021,42.0,121.02,5082.84,1.0
998,PART0999,suspension,Audi,2017,52.0,460.98,23970.96,0.0
999,PART1000,tire,BMW,2015,42.0,442.0,18564.0,
1000,PART1001,tire,Honda,2019,35.0,351.83,12314.05,0.0
1001,PART1002,brake,Audi,2019,81.0,87.61,7096.41,0.0
1002,PART1003,suspension,Mercedes,2011,56.0,478.56,26799.36,1.0
1003,PART1004,suspension,Ford,2017,88.0,393.65,34641.2,1.0
1004,PART1005,tire,BMW,2010,25.0,199.68,4992.0,
1005,PART1006,suspension,Volkswagen,2005,32.0,60.44,1934.08,0.0
1006,PART1007,engine,Volkswagen,2006,68.0,76.02,5169.36,
1007,PART1008,brake,Audi,2016,66.0,356.42,23523.72,1.0
1008,PART1009,suspension,Toyota,2019,21.0,277.57,5828.97,1.0
1009,PART1010,brake,Honda,2009,80.0,62.01,4960.8,1.0
1010,PART1011,brake,BMW,2013,69.0,152.08,10493.52,0.0
1011,PART1012,engine,Volkswagen,2020,92.0,224.74,20676.08,
1012,PART1013,engine,Honda,2001,39.0,148.51,5791.889999999999,1.0
1013,PART1014,engine,Mercedes,2011,57.0,232.02,13225.140000000001,
1014,PART1015,engine,Volkswagen,2008,42.0,234.57,9851.94,0.0
1015,PART1016,transmission,BMW,2022,86.0,186.99,16081.140000000001,0.0
1016,PART1017,tire,Volkswagen,2020,15.0,276.63,4149.45,0.0
1017,PART1018,transmission,Volkswagen,2020,59.0,355.27,20960.93,
1018,PART1019,battery,Ford,2018,55.0,392.64,21595.2,1.0
1019,PART1020,battery,Honda,2000,74.0,197.71,14630.54,0.0
1020,PART1021,engine,Toyota,2022,10.0,122.55,1225.5,
1021,PART1022,brake,Audi,2009,6.0,200.4,1202.4,
1022,PART1023,tire,BMW,2014,11.0,219.66,2416.2599999999998,1.0
1023,PART1024,suspension,Mercedes,2010,29.0,243.32,7056.28,1.0
1024,PART1025,tire,Toyota,2006,73.0,178.27,13013.710000000001,1.0
1025,PART1026,transmission,BMW,2004,1.0,463.82,463.82,
1026,PART1027,brake,Mercedes,2006,2.0,246.11,492.22,
1027,PART1028,transmission,Volkswagen,2018,39.0,259.48,10119.720000000001,1.0
1028,PART1029,brake,BMW,2016,38.0,205.55,7810.900000000001,1.0
1029,PART1030,brake,BMW,2022,5.0,273.25,1366.25,0.0
1030,PART1031,battery,Volkswagen,2014,53.0,330.48,17515.440000000002,
1031,PART1032,transmission,Volkswagen,2015,89.0,346.42,30831.38,1.0
1032,PART1033,transmission,Mercedes,2014,28.0,408.11,11427.08,0.0
1033,PART1034,brake,Toyota,2006,55.0,126.4,6952.0,1.0
1034,PART1035,transmission,Mercedes,2011,50.0,371.24,18562.0,
1035,PART1036,suspension,Toyota,2011,83.0,139.1,11545.3,
1036,PART1037,suspension,Ford,2013,33.0,345.65,11406.449999999999,0.0
1037,PART1038,transmission,Ford,2016,36.0,215.15,7745.400000000001,0.0
1038,PART1039,suspension,Toyota,2011,50.0,56.46,2823.0,0.0
1039,PART1040,transmission,BMW,2018,96.0,302.69,29058.239999999998,
1040,PART1041,engine,Ford,2020,64.0,309.66,19818.24,
1041,PART1042,transmission,Mercedes,2013,96.0,297.73,28582.08,
1042,PART1043,engine,Toyota,2022,32.0,199.68,6389.76,0.0
1043,PART1044,engine,Volkswagen,2019,33.0,100.76,3325.0800000000004,1.0
1044,PART1045,brake,Volkswagen,2002,44.0,340.0,14960.0,0.0
1045,PART1046,tire,Honda,2018,10.0,106.31,1063.1,
1046,PART1047,tire,Toyota,2017,38.0,259.64,9866.32,1.0
1047,PART1048,brake,Volkswagen,2020,71.0,318.74,22630.54,1.0
1048,PART1049,tire,BMW,2012,73.0,67.09,4897.570000000001,0.0
1049,PART1050,battery,Mercedes,2010,6.0,370.13,2220.7799999999997,0.0
1050,PART1051,battery,Honda,2015,45.0,497.45,22385.25,0.0
1051,PART1052,engine,Mercedes,2015,30.0,476.88,14306.4,0.0
1052,PART1053,battery,BMW,2009,25.0,324.46,8111.499999999999,1.0
1053,PART1054,transmission,Volkswagen,2012,69.0,173.77,11990.130000000001,1.0
1054,PART1055,transmission,Mercedes,2003,56.0,142.0,7952.0,1.0
1055,PART1056,brake,Toyota,2020,82.0,307.11,25183.02,1.0
1056,PART1057,engine,Honda,2018,32.0,330.48,10575.36,1.0
1057,PART1058,battery,Ford,2017,34.0,270.9,9210.599999999999,0.0
1058,PART1059,engine,Volkswagen,2019,33.0,399.39,13179.869999999999,1.0
1059,PART1060,engine,Volkswagen,2002,43.0,446.66,19206.38,
1060,PART1061,suspension,BMW,2014,66.0,400.73,26448.18,
1061,PART1062,tire,Volkswagen,2007,92.0,364.78,33559.759999999995,1.0
1062,PART1063,transmission,Volkswagen,2011,83.0,172.74,14337.42,0.0
1063,PART1064,transmission,Volkswagen,2003,49.0,150.67,7382.829999999999,1.0
1064,PART1065,transmission,Volkswagen,2019,29.0,459.52,13326.08,0.0
1065,PART1066,battery,Audi,2005,74.0,483.24,35759.76,1.0
1066,PART1067,battery,Audi,2018,39.0,144.24,5625.360000000001,1.0
1067,PART1068,suspension,Volkswagen,2007,31.0,414.83,12859.73,
1068,PART1069,engine,Volkswagen,2000,93.0,340.25,31643.25,
1069,PART1070,suspension,Ford,2017,78.0,294.52,22972.559999999998,0.0
1070,PART1071,suspension,Volkswagen,2019,31.0,193.38,5994.78,
1071,PART1072,brake,Audi,2000,88.0,60.8,5350.4,1.0
1072,PART1073,transmission,Audi,2010,65.0,324.34,21082.1,
1073,PART1074,battery,Volkswagen,2010,99.0,253.62,25108.38,0.0
1074,PART1075,suspension,Toyota,2012,21.0,449.47,9438.87,
1075,PART1076,brake,Volkswagen,2006,46.0,384.66,17694.36,0.0
1076,PART1077,engine,Volkswagen,2013,51.0,57.98,2956.98,1.0
1077,PART1078,suspension,Toyota,2001,17.0,89.07,1514.1899999999998,
1078,PART1079,battery,Toyota,2012,65.0,101.92,6624.8,1.0
1079,PART1080,engine,Honda,2006,18.0,79.3,1427.3999999999999,1.0
1080,PART1081,tire,Toyota,2011,99.0,320.14,31693.859999999997,
1081,PART1082,suspension,Toyota,2005,56.0,81.95,4589.2,
1082,PART1083,engine,Honda,2011,16.0,169.45,2711.2,1.0
1083,PART1084,suspension,Honda,2018,41.0,150.35,6164.349999999999,
1084,PART1085,tire,Honda,2019,15.0,64.72,970.8,
1085,PART1086,suspension,Honda,2014,99.0,248.23,24574.77,1.0
1086,PART1087,suspension,Mercedes,2007,4.0,208.56,834.24,0.0
1087,PART1088,transmission,Toyota,2008,79.0,211.43,16702.97,1.0
1088,PART1089,battery,Honda,2014,84.0,403.98,33934.32,0.0
1089,PART1090,tire,Ford,2012,6.0,220.6,1323.6,1.0
1090,PART1091,engine,Ford,2002,72.0,460.22,33135.840000000004,1.0
1091,PART1092,transmission,Audi,2004,97.0,439.12,42594.64,
1092,PART1093,suspension,Audi,2016,25.0,273.7,6842.5,0.0
1093,PART1094,battery,BMW,2009,58.0,442.94,25690.52,
1094,PART1095,tire,BMW,2001,9.0,337.89,3041.0099999999998,
1095,PART1096,battery,Honda,2003,94.0,468.07,43998.58,1.0
1096,PART1097,engine,BMW,2008,93.0,482.34,44857.619999999995,0.0
1097,PART1098,battery,Toyota,2012,95.0,286.77,27243.149999999998,1.0
1098,PART1099,transmission,Ford,2006,9.0,332.75,2994.75,0.0
1099,PART1100,transmission,Honda,2022,30.0,154.88,4646.4,1.0
1100,PART1101,engine,Honda,2019,11.0,314.37,3458.07,
1101,PART1102,suspension,Honda,2015,15.0,221.81,3327.15,
1102,PART1103,battery,Audi,2013,3.0,283.29,849.8700000000001,0.0
1103,PART1104,engine,Mercedes,2015,37.0,84.42,3123.54,
1104,PART1105,brake,Volkswagen,2007,47.0,290.62,13659.14,0.0
1105,PART1106,suspension,Toyota,2013,80.0,201.37,16109.6,1.0
1106,PART1107,engine,Ford,2014,42.0,497.83,20908.86,0.0
1107,PART1108,transmission,Volkswagen,2002,24.0,394.26,9462.24,1.0
1108,PART1109,tire,Volkswagen,2019,59.0,327.3,19310.7,
1109,PART1110,suspension,Mercedes,2007,80.0,484.0,38720.0,
1110,PART1111,brake,Mercedes,2007,83.0,128.09,10631.470000000001,
1111,PART1112,brake,Audi,2003,2.0,203.87,407.74,
1112,PART1113,engine,BMW,2001,86.0,152.84,13144.24,1.0
1113,PART1114,transmission,Audi,2010,85.0,201.4,17119.0,0.0
1114,PART1115,transmission,Honda,2021,6.0,81.19,487.14,
1115,PART1116,brake,Audi,2010,44.0,316.85,13941.400000000001,1.0
1116,PART1117,tire,Honda,2001,35.0,498.87,17460.45,
1117,PART1118,transmission,BMW,2009,15.0,158.96,2384.4,0.0
1118,PART1119,engine,Ford,2019,94.0,376.43,35384.42,
1119,PART1120,suspension,BMW,2020,52.0,218.29,11351.08,
1120,PART1121,battery,Mercedes,2022,37.0,465.92,17239.04,1.0
1121,PART1122,suspension,Volkswagen,2004,86.0,368.99,31733.14,
1122,PART1123,engine,Audi,2001,75.0,302.25,22668.75,
1123,PART1124,suspension,Ford,2019,49.0,279.76,13708.24,0.0
1124,PART1125,suspension,Honda,2005,2.0,82.11,164.22,
1125,PART1126,tire,BMW,2015,62.0,257.75,15980.5,1.0
1126,PART1127,brake,Toyota,2013,28.0,279.23,7818.4400000000005,1.0
1127,PART1128,suspension,Audi,2018,82.0,476.22,39050.04,
1128,PART1129,transmission,BMW,2005,55.0,50.38,2770.9,
1129,PART1130,transmission,Toyota,2016,24.0,496.84,11924.16,
1130,PART1131,battery,Ford,2009,64.0,469.71,30061.44,0.0
1131,PART1132,tire,Volkswagen,2006,44.0,58.74,2584.56,1.0
1132,PART1133,suspension,Mercedes,2019,99.0,204.62,20257.38,
1133,PART1134,suspension,Volkswagen,2010,57.0,355.04,20237.280000000002,1.0
1134,PART1135,tire,Audi,2000,70.0,123.76,8663.2,0.0
1135,PART1136,engine,Toyota,2005,1.0,129.43,129.43,
1136,PART1137,tire,Audi,2010,98.0,220.81,21639.38,
1137,PART1138,engine,Mercedes,2005,53.0,53.57,2839.21,
1138,PART1139,engine,Toyota,2013,23.0,254.89,5862.469999999999,1.0
1139,PART1140,battery,Mercedes,2008,22.0,82.99,1825.78,
1140,PART1141,transmission,BMW,2018,72.0,463.89,33400.08,0.0
1141,PART1142,battery,BMW,2022,65.0,102.5,6662.5,0.0
1142,PART1143,transmission,Mercedes,2006,94.0,66.68,6267.920000000001,
1143,PART1144,engine,Volkswagen,2017,1.0,181.19,181.19,
1144,PART1145,tire,BMW,2008,73.0,369.59,26980.07,
1145,PART1146,brake,Audi,2012,1.0,87.28,87.28,
1146,PART1147,engine,Toyota,2018,66.0,153.87,10155.42,0.0
1147,PART1148,transmission,Volkswagen,2004,52.0,164.58,8558.16,0.0
1148,PART1149,brake,Toyota,2020,57.0,438.3,24983.100000000002,
1149,PART1150,brake,Toyota,2013,2.0,75.41,150.82,1.0
1150,PART1151,transmission,Toyota,2009,77.0,238.71,18380.670000000002,1.0
1151,PART1152,battery,Honda,2001,76.0,138.89,10555.64,1.0
1152,PART1153,brake,Honda,2022,48.0,195.22,9370.56,0.0
1153,PART1154,battery,Ford,2001,19.0,213.54,4057.2599999999998,1.0
1154,PART1155,transmission,Toyota,2003,82.0,379.98,31158.36,
1155,PART1156,tire,BMW,2007,6.0,99.94,599.64,0.0
1156,PART1157,brake,Honda,2015,55.0,152.74,8400.7,
1157,PART1158,suspension,Honda,2016,22.0,393.18,8649.960000000001,0.0
1158,PART1159,battery,Ford,2010,10.0,403.14,4031.3999999999996,0.0
1159,PART1160,battery,Toyota,2007,84.0,289.92,24353.280000000002,
1160,PART1161,transmission,Honda,2022,83.0,195.18,16199.94,
1161,PART1162,tire,Mercedes,2019,80.0,86.81,6944.8,0.0
1162,PART1163,suspension,Honda,2013,95.0,420.87,39982.65,1.0
1163,PART1164,brake,Ford,2009,48.0,226.51,10872.48,
1164,PART1165,brake,BMW,2018,55.0,53.77,2957.3500000000004,0.0
1165,PART1166,engine,Audi,2013,25.0,380.13,9503.25,1.0
1166,PART1167,suspension,Toyota,2021,48.0,492.17,23624.16,1.0
1167,PART1168,suspension,Honda,2001,96.0,50.47,4845.12,
1168,PART1169,suspension,Toyota,2021,87.0,311.52,27102.239999999998,
1169,PART1170,suspension,Ford,2016,28.0,86.65,2426.2000000000003,0.0
1170,PART1171,brake,BMW,2015,26.0,406.45,10567.699999999999,1.0
1171,PART1172,brake,Honda,2000,99.0,359.64,35604.36,1.0
1172,PART1173,suspension,Volkswagen,2005,71.0,415.89,29528.19,0.0
1173,PART1174,suspension,BMW,2014,9.0,345.48,3109.32,
1174,PART1175,transmission,Volkswagen,2018,46.0,480.46,22101.16,
1175,PART1176,battery,Mercedes,2006,82.0,83.68,6861.76,0.0
1176,PART1177,transmission,Honda,2014,52.0,59.49,3093.48,0.0
1177,PART1178,transmission,Ford,2010,90.0,156.82,14113.8,
1178,PART1179,transmission,Audi,2020,72.0,427.85,30805.2,1.0
1179,PART1180,battery,Ford,2002,74.0,200.64,14847.359999999999,0.0
1180,PART1181,suspension,Toyota,2004,64.0,121.42,7770.88,
1181,PART1182,tire,Ford,2001,93.0,385.8,35879.4,1.0
1182,PART1183,engine,Toyota,2021,10.0,318.6,3186.0,0.0
1183,PART1184,transmission,Mercedes,2014,82.0,464.02,38049.64,0.0
1184,PART1185,transmission,Mercedes,2021,67.0,207.14,13878.38,1.0
1185,PART1186,brake,Mercedes,2012,34.0,66.36,2256.24,1.0
1186,PART1187,suspension,Mercedes,2005,40.0,245.35,9814.0,
1187,PART1188,brake,Toyota,2007,61.0,53.66,3273.2599999999998,1.0
1188,PART1189,transmission,Toyota,2022,50.0,118.05,5902.5,0.0
1189,PART1190,battery,Ford,2012,50.0,372.42,18621.0,0.0
1190,PART1191,suspension,Toyota,2000,71.0,379.78,26964.379999999997,
1191,PART1192,battery,Audi,2017,16.0,114.61,1833.76,0.0
1192,PART1193,brake,Honda,2020,35.0,374.75,13116.25,
1193,PART1194,engine,Volkswagen,2010,31.0,249.39,7731.089999999999,1.0
1194,PART1195,transmission,BMW,2008,42.0,451.75,18973.5,1.0
1195,PART1196,transmission,Toyota,2020,70.0,305.63,21394.1,0.0
1196,PART1197,tire,Ford,2010,8.0,128.63,1029.04,1.0
1197,PART1198,transmission,Honda,2015,18.0,392.19,7059.42,0.0
1198,PART1199,engine,Ford,2003,51.0,409.87,20903.37,1.0
1199,PART1200,tire,BMW,2019,49.0,433.91,21261.59,1.0
1200,PART1201,suspension,BMW,2019,35.0,321.14,11239.9,0.0
1201,PART1202,suspension,Ford,2001,1.0,489.03,489.03,1.0
1202,PART1203,tire,BMW,2017,25.0,92.41,2310.25,1.0
1203,PART1204,battery,Volkswagen,2006,12.0,303.86,3646.32,1.0
1204,PART1205,suspension,Volkswagen,2012,85.0,290.31,24676.35,
1205,PART1206,engine,Ford,2001,94.0,409.12,38457.28,
1206,PART1207,tire,BMW,2006,59.0,450.01,26550.59,0.0
1207,PART1208,battery,Honda,2003,81.0,419.07,33944.67,
1208,PART1209,battery,BMW,2002,57.0,246.14,14029.98,0.0
1209,PART1210,transmission,Volkswagen,2001,73.0,73.64,5375.72,
1210,PART1211,suspension,Mercedes,2022,78.0,237.95,18560.1,0.0
1211,PART1212,engine,Audi,2006,81.0,163.4,13235.4,
1212,PART1213,battery,Honda,2008,66.0,260.73,17208.18,1.0
1213,PART1214,battery,Audi,2018,57.0,265.71,15145.47,
1214,PART1215,engine,Ford,2010,80.0,452.37,36189.6,
1215,PART1216,engine,Audi,2005,8.0,207.17,1657.36,1.0
1216,PART1217,brake,Volkswagen,2013,65.0,287.5,18687.5,1.0
1217,PART1218,brake,BMW,2019,79.0,384.54,30378.66,
1218,PART1219,suspension,BMW,2002,74.0,142.47,10542.78,1.0
1219,PART1220,tire,Honda,2001,8.0,265.49,2123.92,1.0
1220,PART1221,battery,BMW,2008,96.0,350.01,33600.96,0.0
1221,PART1222,suspension,Ford,2011,15.0,360.96,5414.4,
1222,PART1223,tire,Audi,2017,78.0,295.42,23042.760000000002,
1223,PART1224,transmission,BMW,2013,88.0,238.28,20968.64,
1224,PART1225,tire,Audi,2019,69.0,250.44,17280.36,1.0
1225,PART1226,engine,Toyota,2002,94.0,101.18,9510.92,1.0
1226,PART1227,brake,Ford,2012,30.0,368.97,11069.1,1.0
1227,PART1228,battery,Mercedes,2019,53.0,208.4,11045.2,1.0
1228,PART1229,tire,Volkswagen,2001,73.0,380.86,27802.780000000002,
1229,PART1230,transmission,Volkswagen,2022,86.0,351.6,30237.600000000002,1.0
1230,PART1231,tire,Ford,2017,80.0,471.82,37745.6,
1231,PART1232,brake,Toyota,2013,1.0,334.78,334.78,1.0
1232,PART1233,engine,Toyota,2016,31.0,135.52,4201.12,1.0
1233,PART1234,suspension,Toyota,2008,23.0,87.57,2014.11,
1234,PART1235,brake,Volkswagen,2008,66.0,359.81,23747.46,0.0
1235,PART1236,engine,Volkswagen,2004,91.0,253.92,23106.719999999998,0.0
1236,PART1237,suspension,Honda,2015,24.0,153.01,3672.24,1.0
1237,PART1238,suspension,Toyota,2021,98.0,100.3,9829.4,1.0
1238,PART1239,brake,Volkswagen,2009,91.0,187.33,17047.030000000002,1.0
1239,PART1240,tire,BMW,2004,23.0,488.13,11226.99,1.0
1240,PART1241,brake,BMW,2019,28.0,228.27,6391.56,0.0
1241,PART1242,transmission,Volkswagen,2016,65.0,236.23,15354.949999999999,
1242,PART1243,engine,Volkswagen,2005,52.0,249.37,12967.24,
1243,PART1244,tire,Toyota,2020,84.0,385.48,32380.32,1.0
1244,PART1245,engine,Audi,2003,33.0,193.62,6389.46,1.0
1245,PART1246,suspension,Volkswagen,2010,1.0,267.4,267.4,
1246,PART1247,transmission,Toyota,2014,5.0,347.35,1736.75,
1247,PART1248,tire,Volkswagen,2011,74.0,326.21,24139.539999999997,0.0
1248,PART1249,transmission,Ford,2012,92.0,270.73,24907.160000000003,1.0
1249,PART1250,battery,Mercedes,2020,82.0,303.83,24914.059999999998,
1250,PART1251,brake,Mercedes,2002,73.0,203.88,14883.24,0.0
1251,PART1252,suspension,Ford,2021,70.0,275.12,19258.4,0.0
1252,PART1253,tire,Honda,2021,8.0,126.4,1011.2,1.0
1253,PART1254,tire,Volkswagen,2017,70.0,184.94,12945.8,1.0
1254,PART1255,engine,Mercedes,2006,54.0,197.68,10674.720000000001,0.0
1255,PART1256,tire,Honda,2010,14.0,411.32,5758.48,0.0
1256,PART1257,battery,Ford,2010,49.0,352.6,17277.4,
1257,PART1258,brake,Audi,2012,30.0,148.15,4444.5,0.0
1258,PART1259,brake,Audi,2001,3.0,162.66,487.98,
1259,PART1260,battery,Honda,2007,78.0,181.41,14149.98,1.0
1260,PART1261,battery,Mercedes,2018,98.0,339.08,33229.84,1.0
1261,PART1262,brake,Toyota,2005,11.0,243.54,2678.94,
1262,PART1263,tire,Volkswagen,2013,38.0,365.5,13889.0,0.0
1263,PART1264,suspension,Audi,2016,96.0,378.49,36335.04,
1264,PART1265,suspension,Honda,2013,89.0,329.07,29287.23,0.0
1265,PART1266,transmission,Volkswagen,2011,9.0,77.08,693.72,
1266,PART1267,suspension,Audi,2017,31.0,220.04,6821.24,
1267,PART1268,tire,Mercedes,2001,28.0,239.12,6695.360000000001,
1268,PART1269,transmission,Audi,2022,21.0,321.19,6744.99,
1269,PART1270,engine,Ford,2018,43.0,77.74,3342.8199999999997,1.0
1270,PART1271,brake,Toyota,2020,10.0,75.61,756.1,0.0
1271,PART1272,engine,Toyota,2007,32.0,199.92,6397.44,0.0
1272,PART1273,transmission,Honda,2001,51.0,291.25,14853.75,0.0
1273,PART1274,engine,Mercedes,2009,60.0,77.92,4675.2,1.0
1274,PART1275,suspension,Toyota,2003,11.0,180.25,1982.75,
1275,PART1276,suspension,BMW,2005,58.0,450.49,26128.420000000002,
1276,PART1277,battery,Honda,2015,5.0,194.03,970.15,0.0
1277,PART1278,battery,Honda,2004,90.0,432.91,38961.9,0.0
1278,PART1279,transmission,Honda,2000,10.0,375.06,3750.6,0.0
1279,PART1280,engine,Ford,2017,56.0,345.56,19351.36,
1280,PART1281,brake,Toyota,2014,52.0,236.97,12322.44,0.0
1281,PART1282,transmission,Toyota,2001,57.0,376.66,21469.620000000003,1.0
1282,PART1283,engine,Volkswagen,2019,59.0,354.09,20891.309999999998,
1283,PART1284,tire,Honda,2000,73.0,422.2,30820.6,1.0
1284,PART1285,suspension,Mercedes,2019,15.0,225.05,3375.75,
1285,PART1286,brake,Mercedes,2012,7.0,294.14,2058.98,
1286,PART1287,engine,Audi,2002,65.0,258.75,16818.75,0.0
1287,PART1288,transmission,Ford,2003,39.0,177.54,6924.0599999999995,0.0
1288,PART1289,brake,Mercedes,2014,91.0,473.22,43063.020000000004,1.0
1289,PART1290,tire,BMW,2002,46.0,233.2,10727.199999999999,1.0
1290,PART1291,engine,Honda,2006,54.0,453.0,24462.0,1.0
1291,PART1292,tire,Mercedes,2006,97.0,191.97,18621.09,
1292,PART1293,tire,Toyota,2013,95.0,461.44,43836.8,
1293,PART1294,engine,Toyota,2020,54.0,206.92,11173.679999999998,1.0
1294,PART1295,suspension,Ford,2013,63.0,306.02,19279.26,1.0
1295,PART1296,suspension,Volkswagen,2022,73.0,208.82,15243.859999999999,
1296,PART1297,engine,Volkswagen,2003,52.0,402.76,20943.52,0.0
1297,PART1298,transmission,Audi,2005,37.0,246.07,9104.59,1.0
1298,PART1299,brake,BMW,2008,53.0,403.12,21365.36,
1299,PART1300,transmission,Audi,2009,90.0,245.37,22083.3,
1300,PART1301,tire,Mercedes,2001,9.0,347.92,3131.28,0.0
1301,PART1302,suspension,Mercedes,2001,51.0,410.82,20951.82,1.0
1302,PART1303,suspension,Ford,2015,24.0,176.62,4238.88,0.0
1303,PART1304,engine,Volkswagen,2014,67.0,290.27,19448.09,1.0
1304,PART1305,tire,Honda,2019,38.0,250.17,9506.46,1.0
1305,PART1306,engine,Honda,2017,54.0,201.36,10873.44,0.0
1306,PART1307,engine,Honda,2013,10.0,142.05,1420.5,1.0
1307,PART1308,transmission,Volkswagen,2002,7.0,182.32,1276.24,
1308,PART1309,tire,Honda,2001,92.0,166.02,15273.84,0.0
1309,PART1310,engine,Honda,2011,74.0,172.29,12749.46,
1310,PART1311,tire,Volkswagen,2002,61.0,57.7,3519.7000000000003,
1311,PART1312,battery,Toyota,2015,37.0,320.1,11843.7,0.0
1312,PART1313,transmission,Toyota,2016,73.0,490.77,35826.21,0.0
1313,PART1314,suspension,Ford,2008,23.0,90.03,2070.69,0.0
1314,PART1315,tire,Toyota,2006,80.0,241.09,19287.2,0.0
1315,PART1316,tire,Honda,2004,52.0,189.01,9828.52,
1316,PART1317,suspension,Audi,2006,69.0,467.11,32230.59,1.0
1317,PART1318,battery,Volkswagen,2021,46.0,209.07,9617.22,0.0
1318,PART1319,engine,BMW,2008,23.0,451.26,10378.98,
1319,PART1320,transmission,Ford,2014,69.0,98.69,6809.61,
1320,PART1321,battery,BMW,2019,38.0,477.32,18138.16,0.0
1321,PART1322,brake,Mercedes,2008,50.0,165.99,8299.5,1.0
1322,PART1323,battery,Honda,2003,10.0,205.81,2058.1,0.0
1323,PART1324,battery,Ford,2009,70.0,341.25,23887.5,0.0
1324,PART1325,brake,Honda,2002,29.0,385.62,11182.98,0.0
1325,PART1326,engine,Honda,2021,10.0,254.18,2541.8,
1326,PART1327,battery,Volkswagen,2005,28.0,337.37,9446.36,0.0
1327,PART1328,engine,Audi,2017,27.0,279.81,7554.87,
1328,PART1329,suspension,BMW,2020,33.0,211.73,6987.089999999999,
1329,PART1330,suspension,Toyota,2003,94.0,372.98,35060.12,0.0
1330,PART1331,engine,BMW,2011,27.0,234.38,6328.26,
1331,PART1332,engine,Volkswagen,2001,69.0,267.69,18470.61,0.0
1332,PART1333,battery,Mercedes,2003,42.0,415.43,17448.06,1.0
1333,PART1334,brake,Honda,2015,9.0,158.52,1426.68,0.0
1334,PART1335,suspension,Honda,2003,8.0,186.19,1489.52,1.0
1335,PART1336,brake,Mercedes,2015,26.0,94.35,2453.1,
1336,PART1337,engine,BMW,2004,71.0,258.47,18351.370000000003,1.0
1337,PART1338,battery,Mercedes,2002,33.0,344.16,11357.28,0.0
1338,PART1339,engine,Ford,2000,66.0,199.34,13156.44,1.0
1339,PART1340,battery,Ford,2001,40.0,249.61,9984.400000000001,1.0
1340,PART1341,engine,Volkswagen,2014,83.0,328.91,27299.530000000002,1.0
1341,PART1342,engine,Audi,2018,40.0,294.15,11766.0,0.0
1342,PART1343,battery,Audi,2008,75.0,435.83,32687.25,
1343,PART1344,suspension,Volkswagen,2012,54.0,147.15,7946.1,0.0
1344,PART1345,engine,Toyota,2003,64.0,141.78,9073.92,0.0
1345,PART1346,engine,Volkswagen,2008,98.0,268.15,26278.699999999997,0.0
1346,PART1347,suspension,Honda,2022,95.0,360.02,34201.9,0.0
1347,PART1348,engine,Audi,2019,96.0,208.3,19996.800000000003,1.0
1348,PART1349,brake,Audi,2006,73.0,458.65,33481.45,0.0
1349,PART1350,engine,Toyota,2018,86.0,406.26,34938.36,
1350,PART1351,battery,Mercedes,2009,25.0,213.18,5329.5,
1351,PART1352,transmission,Audi,2004,53.0,251.79,13344.869999999999,
1352,PART1353,battery,Honda,2007,38.0,145.0,5510.0,1.0
1353,PART1354,engine,Ford,2006,67.0,352.52,23618.84,
1354,PART1355,transmission,Volkswagen,2012,69.0,57.41,3961.29,0.0
1355,PART1356,engine,BMW,2015,71.0,392.46,27864.66,0.0
1356,PART1357,suspension,Mercedes,2003,93.0,375.77,34946.61,
1357,PART1358,battery,BMW,2011,57.0,449.02,25594.14,
1358,PART1359,suspension,Ford,2002,40.0,209.17,8366.8,
1359,PART1360,brake,Honda,2017,46.0,227.58,10468.68,1.0
1360,PART1361,transmission,Toyota,2000,3.0,273.87,821.61,
1361,PART1362,engine,Audi,2014,32.0,266.14,8516.48,
1362,PART1363,brake,Toyota,2012,37.0,184.89,6840.929999999999,1.0
1363,PART1364,brake,Ford,2007,28.0,472.01,13216.279999999999,1.0
1364,PART1365,brake,Toyota,2013,33.0,421.74,13917.42,1.0
1365,PART1366,tire,Mercedes,2005,45.0,484.19,21788.55,0.0
1366,PART1367,transmission,BMW,2009,21.0,70.11,1472.31,1.0
1367,PART1368,tire,Mercedes,2002,17.0,129.0,2193.0,0.0
1368,PART1369,tire,Honda,2009,93.0,128.12,11915.16,
1369,PART1370,brake,Audi,2002,99.0,152.61,15108.390000000001,
1370,PART1371,tire,Audi,2000,74.0,143.56,10623.44,
1371,PART1372,battery,Toyota,2008,31.0,450.13,13954.03,
1372,PART1373,brake,Honda,2013,48.0,204.01,9792.48,1.0
1373,PART1374,engine,Volkswagen,2000,40.0,493.32,19732.8,1.0
1374,PART1375,suspension,Mercedes,2015,22.0,428.59,9428.98,0.0
1375,PART1376,transmission,Volkswagen,2019,26.0,259.6,6749.6,1.0
1376,PART1377,transmission,Volkswagen,2015,87.0,66.07,5748.089999999999,1.0
1377,PART1378,engine,Toyota,2003,56.0,416.63,23331.28,0.0
1378,PART1379,tire,Mercedes,2016,51.0,199.02,10150.02,0.0
1379,PART1380,battery,Mercedes,2021,33.0,308.92,10194.36,
1380,PART1381,suspension,Toyota,2006,90.0,429.05,38614.5,0.0
1381,PART1382,engine,Audi,2020,28.0,498.3,13952.4,
1382,PART1383,battery,Toyota,2013,54.0,363.6,19634.4,1.0
1383,PART1384,transmission,BMW,2015,52.0,410.63,21352.76,
1384,PART1385,suspension,Honda,2020,33.0,478.77,15799.41,1.0
1385,PART1386,transmission,Audi,2000,70.0,357.18,25002.600000000002,0.0
1386,PART1387,brake,Ford,2015,20.0,124.7,2494.0,0.0
1387,PART1388,transmission,Mercedes,2020,80.0,180.79,14463.199999999999,1.0
1388,PART1389,suspension,Audi,2001,17.0,231.26,3931.42,0.0
1389,PART1390,engine,Volkswagen,2011,8.0,51.8,414.4,
1390,PART1391,transmission,Ford,2008,70.0,349.32,24452.399999999998,
1391,PART1392,transmission,BMW,2015,75.0,422.29,31671.75,
1392,PART1393,brake,Honda,2021,8.0,166.82,1334.56,0.0
1393,PART1394,suspension,Toyota,2010,92.0,190.49,17525.08,0.0
1394,PART1395,battery,Honda,2012,46.0,132.08,6075.68,1.0
1395,PART1396,tire,BMW,2010,4.0,92.34,369.36,1.0
1396,PART1397,battery,Mercedes,2016,33.0,479.03,15807.99,0.0
1397,PART1398,transmission,Volkswagen,2016,12.0,361.83,4341.96,1.0
1398,PART1399,engine,Audi,2009,99.0,165.04,16338.96,0.0
1399,PART1400,transmission,Ford,2017,39.0,137.27,5353.530000000001,0.0
1400,PART1401,suspension,Ford,2015,48.0,197.92,9500.16,0.0
1401,PART1402,tire,BMW,2011,76.0,462.25,35131.0,0.0
1402,PART1403,transmission,BMW,2010,23.0,252.02,5796.46,0.0
1403,PART1404,suspension,Audi,2009,69.0,161.36,11133.84,0.0
1404,PART1405,battery,Mercedes,2020,96.0,127.03,12194.880000000001,0.0
1405,PART1406,suspension,Audi,2012,64.0,101.45,6492.8,
1406,PART1407,battery,BMW,2007,33.0,493.35,16280.550000000001,0.0
1407,PART1408,tire,Toyota,2011,98.0,468.55,45917.9,0.0
1408,PART1409,tire,Toyota,2020,68.0,192.33,13078.44,1.0
1409,PART1410,suspension,Toyota,2002,1.0,213.4,213.4,
1410,PART1411,engine,Ford,2007,35.0,293.73,10280.550000000001,0.0
1411,PART1412,battery,BMW,2010,38.0,415.8,15800.4,0.0
1412,PART1413,engine,Toyota,2015,36.0,338.66,12191.76,1.0
1413,PART1414,suspension,Toyota,2014,66.0,398.64,26310.239999999998,
1414,PART1415,brake,Audi,2003,25.0,365.22,9130.5,0.0
1415,PART1416,transmission,Honda,2017,81.0,346.26,28047.059999999998,1.0
1416,PART1417,suspension,Toyota,2012,69.0,180.38,12446.22,1.0
1417,PART1418,brake,Honda,2008,66.0,148.5,9801.0,1.0
1418,PART1419,transmission,Toyota,2005,84.0,406.86,34176.24,
1419,PART1420,suspension,BMW,2022,29.0,406.99,11802.710000000001,0.0
1420,PART1421,transmission,Audi,2021,25.0,253.32,6333.0,0.0
1421,PART1422,battery,Audi,2014,40.0,271.99,10879.6,1.0
1422,PART1423,brake,Toyota,2009,53.0,117.08,6205.24,0.0
1423,PART1424,suspension,Mercedes,2009,30.0,79.29,2378.7000000000003,0.0
1424,PART1425,tire,Mercedes,2016,9.0,331.22,2980.9800000000005,1.0
1425,PART1426,suspension,Volkswagen,2021,55.0,299.99,16499.45,0.0
1426,PART1427,battery,Audi,2020,36.0,119.8,4312.8,0.0
1427,PART1428,brake,Volkswagen,2006,27.0,258.14,6969.78,0.0
1428,PART1429,transmission,Toyota,2005,56.0,424.11,23750.16,0.0
1429,PART1430,tire,Honda,2019,56.0,184.52,10333.12,
1430,PART1431,engine,BMW,2010,6.0,342.66,2055.96,
1431,PART1432,battery,Ford,2005,52.0,436.19,22681.88,1.0
1432,PART1433,brake,Mercedes,2003,1.0,360.75,360.75,1.0
1433,PART1434,tire,Honda,2004,42.0,337.64,14180.88,0.0
1434,PART1435,battery,Ford,2005,31.0,470.55,14587.050000000001,
1435,PART1436,suspension,Audi,2005,70.0,254.04,17782.8,0.0
1436,PART1437,suspension,Ford,2008,26.0,216.83,5637.58,1.0
1437,PART1438,suspension,Ford,2000,61.0,364.45,22231.45,0.0
1438,PART1439,brake,Toyota,2018,50.0,80.2,4010.0,1.0
1439,PART1440,engine,Toyota,2000,86.0,491.78,42293.079999999994,1.0
1440,PART1441,transmission,Audi,2013,5.0,302.46,1512.3,
1441,PART1442,brake,Ford,2009,94.0,340.74,32029.56,1.0
1442,PART1443,battery,Honda,2016,32.0,82.86,2651.52,0.0
1443,PART1444,brake,BMW,2014,37.0,199.24,7371.88,
1444,PART1445,tire,Mercedes,2001,94.0,259.82,24423.079999999998,1.0
1445,PART1446,transmission,BMW,2021,85.0,499.17,42429.450000000004,
1446,PART1447,suspension,BMW,2001,66.0,76.13,5024.58,0.0
1447,PART1448,brake,Audi,2011,12.0,160.65,1927.8000000000002,0.0
1448,PART1449,suspension,Audi,2007,98.0,422.76,41430.479999999996,0.0
1449,PART1450,tire,Mercedes,2011,80.0,155.32,12425.599999999999,0.0
1450,PART1451,tire,Mercedes,2008,49.0,183.41,8987.09,0.0
1451,PART1452,transmission,Audi,2017,51.0,343.5,17518.5,1.0
1452,PART1453,tire,Toyota,2002,66.0,195.27,12887.820000000002,0.0
1453,PART1454,tire,BMW,2022,35.0,399.72,13990.2,0.0
1454,PART1455,transmission,Honda,2016,4.0,168.06,672.24,0.0
1455,PART1456,suspension,Mercedes,2017,72.0,89.88,6471.36,
1456,PART1457,engine,Honda,2002,41.0,416.97,17095.77,
1457,PART1458,brake,Ford,2008,96.0,272.88,26196.48,0.0
1458,PART1459,battery,Toyota,2011,98.0,105.52,10340.96,1.0
1459,PART1460,tire,Mercedes,2021,12.0,243.15,2917.8,1.0
1460,PART1461,engine,Honda,2017,7.0,353.49,2474.4300000000003,0.0
1461,PART1462,suspension,Mercedes,2006,15.0,64.1,961.4999999999999,0.0
1462,PART1463,suspension,Honda,2004,52.0,82.28,4278.56,0.0
1463,PART1464,battery,Mercedes,2003,15.0,426.52,6397.799999999999,0.0
1464,PART1465,tire,Mercedes,2020,46.0,70.59,3247.1400000000003,
1465,PART1466,battery,Volkswagen,2015,75.0,192.89,14466.749999999998,1.0
1466,PART1467,engine,BMW,2005,76.0,416.9,31684.399999999998,
1467,PART1468,engine,Honda,2005,84.0,367.15,30840.6,0.0
1468,PART1469,battery,Honda,2018,50.0,160.19,8009.5,1.0
1469,PART1470,transmission,Honda,2002,5.0,476.49,2382.45,0.0
1470,PART1471,transmission,Audi,2018,79.0,424.04,33499.16,0.0
1471,PART1472,suspension,Honda,2012,6.0,478.21,2869.2599999999998,0.0
1472,PART1473,battery,Audi,2011,27.0,108.72,2935.44,0.0
1473,PART1474,engine,Volkswagen,2001,31.0,208.1,6451.099999999999,1.0
1474,PART1475,brake,Audi,2003,30.0,479.46,14383.8,
1475,PART1476,engine,Honda,2015,67.0,332.28,22262.76,0.0
1476,PART1477,engine,Volkswagen,2007,74.0,462.19,34202.06,
1477,PART1478,battery,Volkswagen,2016,62.0,232.65,14424.300000000001,0.0
1478,PART1479,engine,Mercedes,2004,34.0,164.52,5593.68,1.0
1479,PART1480,brake,Mercedes,2000,76.0,155.56,11822.56,
1480,PART1481,transmission,Volkswagen,2000,73.0,490.05,35773.65,
1481,PART1482,engine,Honda,2005,16.0,249.88,3998.08,0.0
1482,PART1483,suspension,Honda,2010,25.0,121.78,3044.5,
1483,PART1484,transmission,Volkswagen,2011,94.0,246.71,23190.74,0.0
1484,PART1485,battery,Ford,2009,37.0,324.15,11993.55,1.0
1485,PART1486,brake,Toyota,2012,17.0,298.56,5075.52,
1486,PART1487,brake,Toyota,2002,80.0,281.29,22503.2,1.0
1487,PART1488,transmission,Audi,2017,1.0,355.29,355.29,
1488,PART1489,suspension,Volkswagen,2011,3.0,205.71,617.13,1.0
1489,PART1490,brake,Honda,2005,59.0,123.14,7265.26,1.0
1490,PART1491,tire,BMW,2002,17.0,300.49,5108.33,1.0
1491,PART1492,engine,BMW,2000,70.0,459.32,32152.399999999998,1.0
1492,PART1493,engine,Audi,2022,33.0,90.13,2974.29,
1493,PART1494,tire,Volkswagen,2008,35.0,127.66,4468.099999999999,1.0
1494,PART1495,battery,Ford,2012,70.0,218.11,15267.7,0.0
1495,PART1496,engine,Audi,2004,45.0,449.01,20205.45,0.0
1496,PART1497,engine,Mercedes,2011,31.0,398.94,12367.14,0.0
1497,PART1498,engine,Volkswagen,2006,94.0,409.64,38506.159999999996,0.0
1498,PART1499,battery,Mercedes,2021,18.0,399.82,7196.76,1.0
1499,PART1500,battery,Volkswagen,2000,62.0,164.25,10183.5,0.0
1500,PART1501,brake,Volkswagen,2004,69.0,359.56,24809.64,0.0
1501,PART1502,battery,Honda,2011,28.0,362.41,10147.480000000001,0.0
1502,PART1503,transmission,Ford,2009,45.0,209.76,9439.199999999999,0.0
1503,PART1504,tire,BMW,2000,30.0,255.9,7677.0,
1504,PART1505,engine,Mercedes,2019,47.0,426.55,20047.850000000002,0.0
1505,PART1506,suspension,Mercedes,2021,44.0,477.45,21007.8,1.0
1506,PART1507,brake,Ford,2001,40.0,156.49,6259.6,0.0
1507,PART1508,brake,Toyota,2014,31.0,460.23,14267.130000000001,
1508,PART1509,transmission,Audi,2002,58.0,489.4,28385.199999999997,1.0
1509,PART1510,engine,Mercedes,2016,42.0,84.3,3540.6,
1510,PART1511,battery,Ford,2006,49.0,159.41,7811.09,0.0
1511,PART1512,tire,Honda,2005,96.0,223.4,21446.4,1.0
1512,PART1513,transmission,BMW,2006,71.0,342.19,24295.49,0.0
1513,PART1514,brake,Audi,2018,27.0,182.53,4928.31,
1514,PART1515,suspension,Audi,2020,1.0,414.67,414.67,
1515,PART1516,engine,BMW,2013,27.0,158.87,4289.49,1.0
1516,PART1517,brake,Ford,2011,48.0,130.27,6252.960000000001,
1517,PART1518,engine,BMW,2016,27.0,320.65,8657.55,1.0
1518,PART1519,transmission,Ford,2017,91.0,172.31,15680.210000000001,
1519,PART1520,transmission,Honda,2020,87.0,498.39,43359.93,
1520,PART1521,brake,Ford,2013,33.0,162.73,5370.089999999999,
1521,PART1522,transmission,Toyota,2011,51.0,336.87,17180.37,
1522,PART1523,suspension,Honda,2021,84.0,278.09,23359.559999999998,1.0
1523,PART1524,engine,Volkswagen,2015,71.0,216.21,15350.91,
1524,PART1525,suspension,Toyota,2005,96.0,319.96,30716.159999999996,1.0
1525,PART1526,battery,Toyota,2009,36.0,99.77,3591.72,0.0
1526,PART1527,tire,Volkswagen,2004,91.0,321.48,29254.68,0.0
1527,PART1528,suspension,Honda,2012,58.0,303.01,17574.579999999998,1.0
1528,PART1529,engine,Audi,2011,38.0,93.3,3545.4,1.0
1529,PART1530,engine,Ford,2011,25.0,367.5,9187.5,
1530,PART1531,engine,BMW,2000,92.0,301.52,27739.839999999997,1.0
1531,PART1532,engine,Audi,2002,83.0,496.58,41216.14,
1532,PART1533,suspension,Audi,2015,39.0,322.47,12576.330000000002,
1533,PART1534,tire,Honda,2013,51.0,189.87,9683.37,1.0
1534,PART1535,battery,Honda,2019,73.0,156.16,11399.68,
1535,PART1536,suspension,Audi,2004,72.0,449.85,32389.2,
1536,PART1537,transmission,Honda,2020,57.0,417.66,23806.620000000003,1.0
1537,PART1538,suspension,Ford,2018,22.0,352.22,7748.84,1.0
1538,PART1539,suspension,Audi,2006,21.0,368.69,7742.49,1.0
1539,PART1540,brake,Audi,2009,46.0,114.1,5248.599999999999,0.0
1540,PART1541,suspension,Audi,2016,55.0,351.09,19309.949999999997,0.0
1541,PART1542,tire,Audi,2014,46.0,235.0,10810.0,0.0
1542,PART1543,engine,Volkswagen,2001,14.0,170.23,2383.22,1.0
1543,PART1544,transmission,Honda,2015,52.0,110.49,5745.48,1.0
1544,PART1545,tire,Volkswagen,2004,85.0,404.8,34408.0,0.0
1545,PART1546,battery,Toyota,2017,81.0,491.13,39781.53,
1546,PART1547,brake,Honda,2010,46.0,491.26,22597.96,1.0
1547,PART1548,suspension,Toyota,2015,1.0,347.57,347.57,1.0
1548,PART1549,brake,Ford,2008,8.0,456.9,3655.2,
1549,PART1550,engine,Toyota,2001,82.0,51.77,4245.14,1.0
1550,PART1551,tire,BMW,2008,16.0,68.83,1101.28,
1551,PART1552,transmission,Volkswagen,2017,14.0,160.64,2248.96,1.0
1552,PART1553,engine,Toyota,2011,92.0,108.48,9980.16,0.0
1553,PART1554,battery,Mercedes,2005,47.0,388.18,18244.46,
1554,PART1555,brake,Audi,2015,99.0,336.51,33314.49,1.0
1555,PART1556,engine,Ford,2016,17.0,324.85,5522.450000000001,1.0
1556,PART1557,suspension,Ford,2011,70.0,108.16,7571.2,
1557,PART1558,engine,Volkswagen,2001,73.0,382.79,27943.670000000002,
1558,PART1559,brake,BMW,2013,86.0,210.33,18088.38,
1559,PART1560,brake,BMW,2007,65.0,62.72,4076.7999999999997,1.0
1560,PART1561,engine,Mercedes,2006,5.0,227.41,1137.05,
1561,PART1562,tire,Honda,2010,41.0,230.73,9459.93,1.0
1562,PART1563,engine,Ford,2006,91.0,306.92,27929.72,0.0
1563,PART1564,transmission,Audi,2017,55.0,174.49,9596.95,0.0
1564,PART1565,tire,BMW,2003,42.0,168.38,7071.96,0.0
1565,PART1566,suspension,Ford,2000,67.0,425.51,28509.17,0.0
1566,PART1567,transmission,Mercedes,2004,70.0,344.47,24112.9,0.0
1567,PART1568,tire,Volkswagen,2000,93.0,487.3,45318.9,0.0
1568,PART1569,transmission,Volkswagen,2022,38.0,126.82,4819.16,1.0
1569,PART1570,tire,Ford,2017,77.0,142.33,10959.410000000002,
1570,PART1571,engine,Honda,2011,46.0,267.87,12322.02,0.0
1571,PART1572,suspension,BMW,2015,72.0,177.33,12767.76,
1572,PART1573,transmission,BMW,2004,63.0,235.91,14862.33,0.0
1573,PART1574,tire,Toyota,2006,39.0,177.1,6906.9,
1574,PART1575,battery,Ford,2008,75.0,70.51,5288.25,
1575,PART1576,transmission,Volkswagen,2021,78.0,471.11,36746.58,1.0
1576,PART1577,battery,Volkswagen,2002,64.0,272.37,17431.68,0.0
1577,PART1578,tire,Audi,2020,73.0,278.08,20299.84,1.0
1578,PART1579,tire,Toyota,2013,12.0,135.7,1628.3999999999999,
1579,PART1580,battery,Toyota,2007,55.0,477.67,26271.850000000002,1.0
1580,PART1581,tire,Toyota,2005,52.0,350.66,18234.32,0.0
1581,PART1582,brake,BMW,2016,75.0,306.69,23001.75,
1582,PART1583,brake,Mercedes,2003,33.0,220.05,7261.650000000001,
1583,PART1584,transmission,BMW,2010,42.0,109.23,4587.66,
1584,PART1585,transmission,Toyota,2021,80.0,307.63,24610.4,1.0
1585,PART1586,brake,Toyota,2019,80.0,182.98,14638.4,
1586,PART1587,transmission,Audi,2007,90.0,243.36,21902.4,0.0
1587,PART1588,battery,Toyota,2011,11.0,187.46,2062.06,1.0
1588,PART1589,tire,Volkswagen,2014,54.0,393.43,21245.22,
1589,PART1590,transmission,BMW,2000,38.0,365.4,13885.199999999999,
1590,PART1591,transmission,BMW,2007,29.0,448.15,12996.349999999999,1.0
1591,PART1592,transmission,BMW,2013,73.0,499.83,36487.59,
1592,PART1593,suspension,Toyota,2000,57.0,301.43,17181.510000000002,
1593,PART1594,tire,Honda,2009,70.0,139.38,9756.6,1.0
1594,PART1595,transmission,Ford,2002,75.0,101.72,7629.0,0.0
1595,PART1596,suspension,Ford,2021,79.0,252.77,19968.83,0.0
1596,PART1597,tire,Honda,2007,79.0,474.24,37464.96,
1597,PART1598,tire,Toyota,2011,20.0,208.55,4171.0,0.0
1598,PART1599,suspension,Mercedes,2007,7.0,120.93,846.51,1.0
1599,PART1600,brake,Ford,2005,44.0,324.52,14278.88,0.0
1600,PART1601,transmission,Audi,2014,96.0,437.42,41992.32,0.0
1601,PART1602,battery,Mercedes,2008,89.0,209.46,18641.940000000002,1.0
1602,PART1603,tire,Ford,2016,82.0,226.5,18573.0,1.0
1603,PART1604,brake,Ford,2012,21.0,215.61,4527.81,0.0
1604,PART1605,tire,Mercedes,2005,68.0,332.06,22580.08,
1605,PART1606,tire,Volkswagen,2000,14.0,173.77,2432.78,0.0
1606,PART1607,brake,Volkswagen,2002,64.0,371.2,23756.8,
1607,PART1608,suspension,Honda,2005,7.0,343.18,2402.26,0.0
1608,PART1609,transmission,Audi,2017,75.0,415.4,31155.0,
1609,PART1610,engine,Ford,2011,38.0,138.75,5272.5,1.0
1610,PART1611,battery,Toyota,2002,63.0,161.31,10162.53,
1611,PART1612,tire,Toyota,2001,3.0,355.68,1067.04,0.0
1612,PART1613,tire,Audi,2017,78.0,73.0,5694.0,
1613,PART1614,tire,Volkswagen,2009,30.0,227.02,6810.6,0.0
1614,PART1615,engine,Audi,2019,9.0,366.8,3301.2000000000003,0.0
1615,PART1616,engine,Honda,2017,15.0,127.82,1917.3,0.0
1616,PART1617,brake,Mercedes,2022,30.0,291.47,8744.1,1.0
1617,PART1618,tire,Ford,2013,65.0,205.15,13334.75,
1618,PART1619,tire,Audi,2011,93.0,349.37,32491.41,1.0
1619,PART1620,tire,Toyota,2010,71.0,355.51,25241.21,1.0
1620,PART1621,transmission,Honda,2012,72.0,381.64,27478.079999999998,1.0
1621,PART1622,brake,Audi,2004,16.0,474.49,7591.84,1.0
1622,PART1623,transmission,Ford,2009,63.0,439.53,27690.39,
1623,PART1624,transmission,Audi,2020,56.0,65.03,3641.6800000000003,
1624,PART1625,suspension,Honda,2019,60.0,362.52,21751.199999999997,1.0
1625,PART1626,tire,Audi,2022,6.0,436.37,2618.2200000000003,0.0
1626,PART1627,tire,Volkswagen,2018,61.0,275.16,16784.760000000002,1.0
1627,PART1628,tire,Volkswagen,2008,31.0,114.67,3554.77,1.0
1628,PART1629,transmission,Volkswagen,2018,78.0,230.58,17985.24,0.0
1629,PART1630,battery,Toyota,2001,4.0,268.44,1073.76,1.0
1630,PART1631,transmission,Volkswagen,2018,11.0,352.09,3872.99,0.0
1631,PART1632,battery,BMW,2008,47.0,117.58,5526.26,
1632,PART1633,brake,Ford,2010,33.0,271.31,8953.23,0.0
1633,PART1634,transmission,Toyota,2015,60.0,166.96,10017.6,
1634,PART1635,transmission,BMW,2017,39.0,268.92,10487.880000000001,1.0
1635,PART1636,brake,Audi,2020,89.0,299.19,26627.91,
1636,PART1637,transmission,Audi,2022,24.0,403.22,9677.28,0.0
1637,PART1638,tire,BMW,2003,51.0,396.45,20218.95,
1638,PART1639,brake,Ford,2012,66.0,350.23,23115.18,
1639,PART1640,transmission,Toyota,2006,55.0,82.45,4534.75,1.0
1640,PART1641,engine,Mercedes,2003,99.0,468.45,46376.549999999996,1.0
1641,PART1642,transmission,Toyota,2005,64.0,299.44,19164.16,1.0
1642,PART1643,battery,Audi,2022,74.0,302.71,22400.539999999997,1.0
1643,PART1644,brake,Mercedes,2009,20.0,195.08,3901.6000000000004,1.0
1644,PART1645,engine,BMW,2014,46.0,349.89,16094.939999999999,0.0
1645,PART1646,tire,Toyota,2002,96.0,352.89,33877.44,1.0
1646,PART1647,suspension,Honda,2006,89.0,289.85,25796.65,1.0
1647,PART1648,battery,Audi,2005,33.0,256.02,8448.66,0.0
1648,PART1649,brake,Audi,2020,30.0,344.91,10347.300000000001,0.0
1649,PART1650,engine,Mercedes,2004,26.0,166.48,4328.48,1.0
1650,PART1651,engine,BMW,2003,77.0,139.16,10715.32,1.0
1651,PART1652,engine,Audi,2020,85.0,256.23,21779.550000000003,1.0
1652,PART1653,suspension,Mercedes,2022,58.0,249.38,14464.039999999999,1.0
1653,PART1654,tire,Ford,2014,7.0,334.0,2338.0,0.0
1654,PART1655,battery,BMW,2000,1.0,260.66,260.66,1.0
1655,PART1656,tire,Audi,2000,94.0,194.3,18264.2,1.0
1656,PART1657,battery,Audi,2002,76.0,296.24,22514.24,
1657,PART1658,tire,BMW,2002,65.0,151.44,9843.6,1.0
1658,PART1659,battery,Toyota,2009,55.0,114.34,6288.7,1.0
1659,PART1660,tire,Audi,2000,48.0,352.06,16898.88,
1660,PART1661,brake,Toyota,2003,81.0,480.01,38880.81,0.0
1661,PART1662,tire,Ford,2016,90.0,107.98,9718.2,0.0
1662,PART1663,engine,Ford,2002,32.0,156.76,5016.32,0.0
1663,PART1664,engine,Mercedes,2018,52.0,417.15,21691.8,1.0
1664,PART1665,engine,BMW,2011,30.0,278.1,8343.0,
1665,PART1666,engine,Volkswagen,2009,91.0,401.7,36554.7,
1666,PART1667,brake,Mercedes,2001,90.0,306.23,27560.7,1.0
1667,PART1668,engine,Mercedes,2001,48.0,472.47,22678.56,
1668,PART1669,brake,BMW,2011,65.0,88.7,5765.5,
1669,PART1670,suspension,Ford,2018,63.0,275.44,17352.72,0.0
1670,PART1671,tire,Honda,2018,27.0,273.84,7393.679999999999,1.0
1671,PART1672,suspension,Toyota,2009,37.0,452.67,16748.79,
1672,PART1673,battery,Mercedes,2008,32.0,480.88,15388.16,
1673,PART1674,tire,BMW,2009,94.0,351.26,33018.44,1.0
1674,PART1675,brake,Audi,2003,85.0,244.39,20773.149999999998,
1675,PART1676,engine,BMW,2010,34.0,353.52,12019.68,0.0
1676,PART1677,transmission,BMW,2015,61.0,78.43,4784.2300000000005,0.0
1677,PART1678,battery,Volkswagen,2005,12.0,444.82,5337.84,1.0
1678,PART1679,battery,Audi,2017,67.0,300.5,20133.5,0.0
1679,PART1680,transmission,Honda,2015,58.0,189.94,11016.52,
1680,PART1681,transmission,BMW,2010,57.0,362.18,20644.260000000002,1.0
1681,PART1682,battery,Mercedes,2003,40.0,114.06,4562.4,
1682,PART1683,tire,Ford,2003,59.0,234.86,13856.740000000002,1.0
1683,PART1684,battery,Volkswagen,2002,2.0,382.26,764.52,
1684,PART1685,suspension,Audi,2005,57.0,141.86,8086.02,
1685,PART1686,engine,Ford,2000,91.0,129.88,11819.08,1.0
1686,PART1687,battery,Volkswagen,2020,57.0,339.41,19346.370000000003,0.0
1687,PART1688,tire,Ford,2016,19.0,402.6,7649.400000000001,0.0
1688,PART1689,tire,BMW,2000,37.0,130.49,4828.13,0.0
1689,PART1690,brake,Honda,2013,33.0,194.4,6415.2,1.0
1690,PART1691,transmission,Ford,2019,76.0,91.01,6916.76,1.0
1691,PART1692,suspension,Volkswagen,2020,57.0,337.05,19211.850000000002,0.0
1692,PART1693,brake,BMW,2000,88.0,311.68,27427.84,0.0
1693,PART1694,brake,BMW,2003,18.0,438.62,7895.16,0.0
1694,PART1695,engine,Audi,2008,73.0,479.87,35030.51,
1695,PART1696,battery,Volkswagen,2001,89.0,110.7,9852.300000000001,0.0
1696,PART1697,engine,Toyota,2015,56.0,425.24,23813.440000000002,0.0
1697,PART1698,brake,Ford,2018,58.0,94.84,5500.72,
1698,PART1699,suspension,Honda,2009,25.0,294.33,7358.25,0.0
1699,PART1700,suspension,Honda,2015,79.0,261.12,20628.48,0.0
1700,PART1701,suspension,Mercedes,2004,23.0,188.78,4341.94,0.0
1701,PART1702,brake,Mercedes,2006,35.0,259.24,9073.4,0.0
1702,PART1703,battery,Honda,2015,41.0,157.66,6464.0599999999995,1.0
1703,PART1704,battery,Volkswagen,2019,73.0,272.82,19915.86,
1704,PART1705,transmission,Volkswagen,2004,74.0,112.69,8339.06,
1705,PART1706,transmission,Ford,2019,38.0,317.81,12076.78,1.0
1706,PART1707,brake,BMW,2006,1.0,134.08,134.08,
1707,PART1708,tire,Audi,2022,90.0,307.28,27655.199999999997,1.0
1708,PART1709,transmission,Toyota,2005,25.0,297.38,7434.5,1.0
1709,PART1710,transmission,Audi,2010,23.0,125.99,2897.77,0.0
1710,PART1711,brake,Toyota,2019,61.0,438.12,26725.32,
1711,PART1712,engine,Mercedes,2017,39.0,405.74,15823.86,0.0
1712,PART1713,transmission,Volkswagen,2007,24.0,68.48,1643.52,
1713,PART1714,suspension,BMW,2004,69.0,169.61,11703.09,1.0
1714,PART1715,engine,Ford,2014,89.0,204.27,18180.030000000002,
1715,PART1716,suspension,Volkswagen,2004,62.0,171.95,10660.9,0.0
1716,PART1717,transmission,Mercedes,2018,15.0,71.74,1076.1,0.0
1717,PART1718,brake,Toyota,2009,37.0,177.67,6573.79,0.0
1718,PART1719,suspension,Ford,2002,8.0,163.09,1304.72,0.0
1719,PART1720,tire,Audi,2001,63.0,341.06,21486.78,
1720,PART1721,suspension,BMW,2018,61.0,423.1,25809.100000000002,
1721,PART1722,tire,Toyota,2022,93.0,405.24,37687.32,1.0
1722,PART1723,brake,Volkswagen,2022,38.0,102.49,3894.62,1.0
1723,PART1724,brake,Honda,2018,20.0,159.54,3190.7999999999997,0.0
1724,PART1725,suspension,Ford,2000,25.0,466.07,11651.75,0.0
1725,PART1726,engine,Volkswagen,2016,52.0,341.11,17737.72,0.0
1726,PART1727,tire,Honda,2017,16.0,194.2,3107.2,0.0
1727,PART1728,tire,Mercedes,2021,53.0,406.72,21556.16,
1728,PART1729,engine,Mercedes,2020,63.0,123.19,7760.97,
1729,PART1730,suspension,Audi,2007,60.0,162.17,9730.199999999999,
1730,PART1731,battery,Volkswagen,2004,66.0,123.2,8131.2,
1731,PART1732,brake,Mercedes,2003,51.0,50.44,2572.44,0.0
1732,PART1733,battery,Volkswagen,2008,60.0,422.46,25347.6,
1733,PART1734,tire,Volkswagen,2019,52.0,228.67,11890.84,0.0
1734,PART1735,brake,Ford,2013,75.0,215.92,16193.999999999998,1.0
1735,PART1736,transmission,Audi,2002,43.0,98.46,4233.78,
1736,PART1737,brake,Ford,2009,65.0,479.95,31196.75,1.0
1737,PART1738,engine,Audi,2016,50.0,161.3,8065.000000000001,1.0
1738,PART1739,battery,Ford,2022,30.0,483.09,14492.699999999999,0.0
1739,PART1740,engine,Honda,2012,39.0,286.18,11161.02,1.0
1740,PART1741,suspension,Honda,2015,60.0,445.5,26730.0,
1741,PART1742,engine,Audi,2016,67.0,337.92,22640.64,0.0
1742,PART1743,engine,Audi,2017,60.0,264.37,15862.2,0.0
1743,PART1744,brake,BMW,2021,25.0,460.91,11522.75,0.0
1744,PART1745,brake,BMW,2016,70.0,270.64,18944.8,
1745,PART1746,tire,Mercedes,2008,67.0,182.63,12236.21,0.0
1746,PART1747,tire,Ford,2010,25.0,227.33,5683.25,0.0
1747,PART1748,transmission,Honda,2009,37.0,373.58,13822.46,0.0
1748,PART1749,transmission,Toyota,2019,50.0,50.33,2516.5,
1749,PART1750,battery,BMW,2016,55.0,360.79,19843.45,0.0
1750,PART1751,transmission,Volkswagen,2021,51.0,250.37,12768.87,1.0
1751,PART1752,tire,Volkswagen,2015,23.0,83.75,1926.25,1.0
1752,PART1753,battery,Toyota,2007,22.0,440.8,9697.6,
1753,PART1754,engine,Mercedes,2005,71.0,114.44,8125.24,1.0
1754,PART1755,suspension,Audi,2012,40.0,344.16,13766.400000000001,1.0
1755,PART1756,transmission,Honda,2008,93.0,340.54,31670.22,1.0
1756,PART1757,battery,Volkswagen,2009,75.0,431.94,32395.5,0.0
1757,PART1758,transmission,Audi,2002,78.0,95.1,7417.799999999999,0.0
1758,PART1759,transmission,Honda,2005,78.0,279.62,21810.36,0.0
1759,PART1760,suspension,Toyota,2011,61.0,296.82,18106.02,
1760,PART1761,brake,Audi,2020,32.0,385.58,12338.56,1.0
1761,PART1762,transmission,BMW,2009,45.0,470.73,21182.850000000002,
1762,PART1763,engine,Honda,2021,10.0,222.15,2221.5,1.0
1763,PART1764,engine,BMW,2001,32.0,460.05,14721.6,1.0
1764,PART1765,tire,Mercedes,2000,87.0,111.2,9674.4,0.0
1765,PART1766,brake,Audi,2014,4.0,82.86,331.44,0.0
1766,PART1767,transmission,Toyota,2016,21.0,54.95,1153.95,
1767,PART1768,tire,Ford,2016,88.0,294.05,25876.4,0.0
1768,PART1769,battery,BMW,2010,45.0,287.17,12922.650000000001,0.0
1769,PART1770,engine,Toyota,2006,63.0,297.55,18745.65,1.0
1770,PART1771,brake,Volkswagen,2010,13.0,285.66,3713.5800000000004,
1771,PART1772,suspension,Toyota,2006,27.0,248.12,6699.24,
1772,PART1773,transmission,Mercedes,2005,2.0,170.94,341.88,1.0
1773,PART1774,brake,Ford,2015,89.0,420.73,37444.97,0.0
1774,PART1775,engine,Ford,2002,25.0,198.78,4969.5,
1775,PART1776,suspension,Volkswagen,2021,92.0,368.04,33859.68,1.0
1776,PART1777,battery,BMW,2000,91.0,410.51,37356.409999999996,0.0
1777,PART1778,suspension,Ford,2002,40.0,422.3,16892.0,
1778,PART1779,tire,Toyota,2011,80.0,294.26,23540.8,1.0
1779,PART1780,suspension,Ford,2016,69.0,141.86,9788.34,
1780,PART1781,suspension,Volkswagen,2003,57.0,499.27,28458.39,0.0
1781,PART1782,battery,Mercedes,2018,2.0,346.5,693.0,
1782,PART1783,suspension,Toyota,2010,50.0,124.03,6201.5,
1783,PART1784,engine,Mercedes,2016,12.0,278.9,3346.7999999999997,0.0
1784,PART1785,suspension,Volkswagen,2022,37.0,161.87,5989.1900000000005,
1785,PART1786,transmission,BMW,2015,40.0,282.15,11286.0,
1786,PART1787,suspension,Honda,2016,38.0,152.47,5793.86,
1787,PART1788,engine,Honda,2020,40.0,77.34,3093.6000000000004,
1788,PART1789,engine,Volkswagen,2007,40.0,209.14,8365.599999999999,1.0
1789,PART1790,brake,Audi,2014,19.0,328.13,6234.47,1.0
1790,PART1791,suspension,Mercedes,2000,70.0,295.36,20675.2,0.0
1791,PART1792,battery,Honda,2011,59.0,335.3,19782.7,1.0
1792,PART1793,battery,Mercedes,2000,78.0,294.46,22967.879999999997,
1793,PART1794,suspension,Ford,2020,71.0,422.96,30030.16,0.0
1794,PART1795,transmission,Audi,2008,17.0,111.31,1892.27,1.0
1795,PART1796,brake,Ford,2004,59.0,465.23,27448.57,
1796,PART1797,tire,Mercedes,2002,26.0,433.51,11271.26,1.0
1797,PART1798,engine,BMW,2011,94.0,76.78,7217.32,1.0
1798,PART1799,tire,Audi,2007,49.0,66.99,3282.5099999999998,0.0
1799,PART1800,tire,Honda,2013,16.0,400.54,6408.64,1.0
1800,PART1801,transmission,Toyota,2014,11.0,255.91,2815.0099999999998,1.0
1801,PART1802,tire,Honda,2000,1.0,400.42,400.42,1.0
1802,PART1803,battery,Toyota,2016,47.0,424.75,19963.25,0.0
1803,PART1804,battery,Toyota,2010,82.0,112.9,9257.800000000001,1.0
1804,PART1805,brake,Volkswagen,2022,45.0,197.39,8882.55,0.0
1805,PART1806,battery,Audi,2002,50.0,197.72,9886.0,1.0
1806,PART1807,transmission,Audi,2008,86.0,145.87,12544.82,1.0
1807,PART1808,transmission,Audi,2002,43.0,376.68,16197.24,
1808,PART1809,transmission,Toyota,2022,79.0,323.88,25586.52,
1809,PART1810,transmission,BMW,2010,87.0,472.84,41137.079999999994,
1810,PART1811,tire,BMW,2000,29.0,214.22,6212.38,1.0
1811,PART1812,engine,Volkswagen,2001,62.0,298.48,18505.760000000002,0.0
1812,PART1813,suspension,Toyota,2007,85.0,295.01,25075.85,0.0
1813,PART1814,engine,Ford,2003,13.0,252.18,3278.34,1.0
1814,PART1815,transmission,Audi,2012,65.0,108.64,7061.6,
1815,PART1816,battery,BMW,2012,36.0,219.04,7885.44,
1816,PART1817,tire,Audi,2013,76.0,273.94,20819.44,1.0
1817,PART1818,battery,Volkswagen,2006,84.0,447.25,37569.0,1.0
1818,PART1819,brake,Honda,2000,81.0,121.38,9831.779999999999,0.0
1819,PART1820,suspension,Ford,2019,37.0,285.28,10555.359999999999,
1820,PART1821,engine,Honda,2020,44.0,284.02,12496.88,1.0
1821,PART1822,engine,Toyota,2004,53.0,92.06,4879.18,
1822,PART1823,brake,Volkswagen,2016,47.0,182.64,8584.08,
1823,PART1824,tire,Volkswagen,2019,60.0,298.64,17918.399999999998,0.0
1824,PART1825,battery,Volkswagen,2018,42.0,390.56,16403.52,
1825,PART1826,brake,Ford,2021,78.0,329.13,25672.14,1.0
1826,PART1827,brake,Audi,2015,96.0,205.79,19755.84,1.0
1827,PART1828,brake,Toyota,2017,35.0,337.33,11806.55,1.0
1828,PART1829,battery,Audi,2006,47.0,232.42,10923.74,0.0
1829,PART1830,brake,Honda,2010,18.0,266.83,4802.94,
1830,PART1831,engine,Audi,2013,26.0,409.31,10642.06,
1831,PART1832,transmission,Toyota,2010,61.0,185.43,11311.23,0.0
1832,PART1833,transmission,Audi,2009,58.0,383.55,22245.9,1.0
1833,PART1834,battery,Mercedes,2008,69.0,315.9,21797.1,
1834,PART1835,transmission,Mercedes,2021,91.0,113.35,10314.85,
1835,PART1836,engine,Honda,2003,42.0,470.11,19744.62,0.0
1836,PART1837,transmission,Ford,2013,49.0,167.32,8198.68,
1837,PART1838,battery,Mercedes,2007,40.0,224.05,8962.0,1.0
1838,PART1839,engine,BMW,2014,25.0,464.34,11608.5,1.0
1839,PART1840,battery,Audi,2011,59.0,485.99,28673.41,1.0
1840,PART1841,suspension,Honda,2003,59.0,235.73,13908.07,1.0
1841,PART1842,brake,Ford,2007,67.0,435.69,29191.23,
1842,PART1843,suspension,Ford,2021,36.0,186.41,6710.76,0.0
1843,PART1844,engine,Toyota,2010,82.0,383.68,31461.760000000002,0.0
1844,PART1845,transmission,Toyota,2004,16.0,121.15,1938.4,
1845,PART1846,tire,Volkswagen,2018,90.0,185.3,16677.0,
1846,PART1847,transmission,BMW,2013,80.0,376.21,30096.8,0.0
1847,PART1848,engine,Volkswagen,2007,49.0,428.07,20975.43,
1848,PART1849,suspension,Audi,2006,12.0,175.43,2105.16,1.0
1849,PART1850,transmission,Honda,2020,18.0,421.22,7581.960000000001,1.0
1850,PART1851,engine,BMW,2009,18.0,387.74,6979.32,
1851,PART1852,engine,Honda,2009,64.0,327.07,20932.48,0.0
1852,PART1853,tire,Volkswagen,2012,21.0,493.46,10362.66,
1853,PART1854,brake,Ford,2017,99.0,261.78,25916.219999999998,1.0
1854,PART1855,transmission,Ford,2012,56.0,465.4,26062.399999999998,
1855,PART1856,tire,Honda,2008,1.0,338.74,338.74,
1856,PART1857,tire,Ford,2018,62.0,267.22,16567.640000000003,1.0
1857,PART1858,engine,Ford,2019,3.0,137.74,413.22,1.0
1858,PART1859,transmission,BMW,2006,66.0,399.71,26380.859999999997,0.0
1859,PART1860,engine,Mercedes,2013,65.0,306.99,19954.350000000002,0.0
1860,PART1861,brake,Volkswagen,2019,78.0,217.42,16958.76,1.0
1861,PART1862,engine,Audi,2004,89.0,496.43,44182.270000000004,
1862,PART1863,brake,Toyota,2016,97.0,57.02,5530.9400000000005,
1863,PART1864,battery,Volkswagen,2014,58.0,272.97,15832.260000000002,
1864,PART1865,engine,Honda,2006,90.0,487.99,43919.1,0.0
1865,PART1866,transmission,Audi,2006,22.0,319.18,7021.96,1.0
1866,PART1867,tire,Ford,2015,58.0,324.39,18814.62,
1867,PART1868,brake,Honda,2012,52.0,374.34,19465.68,
1868,PART1869,brake,Volkswagen,2015,47.0,450.15,21157.05,0.0
1869,PART1870,transmission,Honda,2021,56.0,351.34,19675.039999999997,1.0
1870,PART1871,brake,Audi,2014,61.0,473.36,28874.96,0.0
1871,PART1872,transmission,Toyota,2003,77.0,55.92,4305.84,1.0
1872,PART1873,tire,Audi,2005,95.0,315.91,30011.45,
1873,PART1874,suspension,Toyota,2008,28.0,124.76,3493.28,
1874,PART1875,tire,Volkswagen,2017,34.0,442.68,15051.12,1.0
1875,PART1876,tire,Audi,2008,96.0,118.92,11416.32,0.0
1876,PART1877,engine,Toyota,2015,33.0,407.18,13436.94,1.0
1877,PART1878,transmission,Ford,2018,26.0,94.82,2465.3199999999997,0.0
1878,PART1879,battery,Volkswagen,2019,44.0,66.22,2913.68,1.0
1879,PART1880,tire,Volkswagen,2015,84.0,174.83,14685.720000000001,1.0
1880,PART1881,brake,Honda,2017,94.0,72.95,6857.3,0.0
1881,PART1882,brake,Ford,2002,21.0,351.54,7382.34,
1882,PART1883,engine,Honda,2011,44.0,210.54,9263.76,0.0
1883,PART1884,transmission,Honda,2004,10.0,389.77,3897.7,
1884,PART1885,battery,Ford,2017,43.0,245.31,10548.33,0.0
1885,PART1886,transmission,Audi,2018,43.0,395.78,17018.539999999997,
1886,PART1887,battery,Audi,2021,36.0,142.15,5117.400000000001,1.0
1887,PART1888,brake,Volkswagen,2015,52.0,421.74,21930.48,
1888,PART1889,suspension,Mercedes,2006,45.0,115.92,5216.4,1.0
1889,PART1890,battery,Audi,2020,36.0,465.01,16740.36,0.0
1890,PART1891,transmission,BMW,2000,70.0,367.72,25740.4,0.0
1891,PART1892,engine,Volkswagen,2022,96.0,274.99,26399.04,
1892,PART1893,battery,Ford,2021,49.0,208.34,10208.66,
1893,PART1894,tire,Honda,2000,70.0,432.73,30291.100000000002,0.0
1894,PART1895,suspension,Volkswagen,2010,13.0,365.98,4757.74,1.0
1895,PART1896,transmission,Toyota,2010,92.0,337.18,31020.56,
1896,PART1897,tire,Honda,2000,13.0,387.53,5037.889999999999,
1897,PART1898,brake,Honda,2021,69.0,169.58,11701.02,1.0
1898,PART1899,engine,Volkswagen,2011,33.0,326.94,10789.02,1.0
1899,PART1900,suspension,Audi,2019,83.0,196.91,16343.529999999999,1.0
1900,PART1901,transmission,Mercedes,2021,3.0,160.0,480.0,
1901,PART1902,battery,Honda,2012,39.0,209.26,8161.139999999999,0.0
1902,PART1903,suspension,Audi,2003,78.0,424.45,33107.1,1.0
1903,PART1904,engine,BMW,2021,83.0,479.52,39800.159999999996,0.0
1904,PART1905,engine,BMW,2002,23.0,474.01,10902.23,
1905,PART1906,battery,Volkswagen,2018,61.0,446.24,27220.64,0.0
1906,PART1907,battery,Toyota,2011,45.0,397.65,17894.25,
1907,PART1908,brake,Toyota,2001,12.0,201.12,2413.44,
1908,PART1909,transmission,Mercedes,2009,52.0,264.35,13746.2,
1909,PART1910,transmission,Toyota,2018,54.0,407.9,22026.6,0.0
1910,PART1911,battery,BMW,2009,97.0,303.66,29455.020000000004,0.0
1911,PART1912,suspension,BMW,2008,57.0,257.76,14692.32,1.0
1912,PART1913,engine,Honda,2022,32.0,382.48,12239.36,0.0
1913,PART1914,tire,Honda,2007,52.0,131.63,6844.76,0.0
1914,PART1915,tire,Honda,2014,58.0,388.07,22508.06,0.0
1915,PART1916,battery,Mercedes,2001,75.0,369.7,27727.5,1.0
1916,PART1917,engine,BMW,2006,86.0,449.61,38666.46,0.0
1917,PART1918,engine,Ford,2013,92.0,150.45,13841.4,
1918,PART1919,brake,Audi,2011,86.0,403.42,34694.12,
1919,PART1920,suspension,Volkswagen,2004,59.0,412.52,24338.68,
1920,PART1921,transmission,Ford,2000,95.0,108.92,10347.4,1.0
1921,PART1922,suspension,Mercedes,2011,68.0,105.71,7188.28,
1922,PART1923,tire,Ford,2006,89.0,418.19,37218.909999999996,
1923,PART1924,brake,BMW,2019,95.0,494.57,46984.15,0.0
1924,PART1925,engine,Ford,2012,27.0,184.55,4982.85,1.0
1925,PART1926,transmission,Mercedes,2002,10.0,172.17,1721.6999999999998,1.0
1926,PART1927,battery,Honda,2008,99.0,426.94,42267.06,
1927,PART1928,transmission,Ford,2001,56.0,124.29,6960.240000000001,0.0
1928,PART1929,battery,Volkswagen,2009,32.0,491.59,15730.88,1.0
1929,PART1930,battery,BMW,2005,62.0,426.14,26420.68,0.0
1930,PART1931,transmission,Honda,2003,45.0,304.52,13703.4,
1931,PART1932,engine,Audi,2020,58.0,310.9,18032.199999999997,1.0
1932,PART1933,transmission,Audi,2007,21.0,76.55,1607.55,
1933,PART1934,battery,Volkswagen,2007,42.0,258.08,10839.359999999999,1.0
1934,PART1935,engine,Mercedes,2008,30.0,498.59,14957.699999999999,
1935,PART1936,suspension,Honda,2021,45.0,305.83,13762.349999999999,
1936,PART1937,tire,Ford,2012,93.0,299.35,27839.550000000003,0.0
1937,PART1938,brake,Toyota,2020,42.0,286.56,12035.52,
1938,PART1939,transmission,Toyota,2007,37.0,362.2,13401.4,
1939,PART1940,engine,Ford,2012,86.0,259.57,22323.02,0.0
1940,PART1941,engine,Audi,2001,18.0,150.52,2709.36,
1941,PART1942,engine,BMW,2005,24.0,382.01,9168.24,
1942,PART1943,transmission,Volkswagen,2008,98.0,78.14,7657.72,
1943,PART1944,tire,Volkswagen,2020,72.0,51.87,3734.64,1.0
1944,PART1945,suspension,Ford,2017,91.0,86.36,7858.76,1.0
1945,PART1946,brake,Volkswagen,2006,4.0,96.99,387.96,0.0
1946,PART1947,transmission,Ford,2019,48.0,77.08,3699.84,
1947,PART1948,engine,BMW,2014,80.0,212.31,16984.8,
1948,PART1949,tire,Mercedes,2010,71.0,187.64,13322.439999999999,
1949,PART1950,suspension,Volkswagen,2013,28.0,245.59,6876.52,1.0
1950,PART1951,battery,Volkswagen,2006,70.0,188.0,13160.0,1.0
1951,PART1952,brake,Audi,2008,97.0,323.51,31380.469999999998,0.0
1952,PART1953,tire,Honda,2019,30.0,190.17,5705.099999999999,0.0
1953,PART1954,tire,Ford,2003,48.0,300.99,14447.52,1.0
1954,PART1955,battery,Audi,2005,67.0,129.02,8644.34,
1955,PART1956,tire,BMW,2003,48.0,213.2,10233.599999999999,
1956,PART1957,engine,Volkswagen,2011,14.0,369.05,5166.7,1.0
1957,PART1958,engine,Toyota,2007,49.0,474.1,23230.9,0.0
1958,PART1959,transmission,Toyota,2012,30.0,229.71,6891.3,1.0
1959,PART1960,engine,Honda,2014,50.0,456.4,22820.0,1.0
1960,PART1961,transmission,Toyota,2019,11.0,348.49,3833.3900000000003,0.0
1961,PART1962,brake,Honda,2009,90.0,128.79,11591.099999999999,1.0
1962,PART1963,suspension,Mercedes,2008,91.0,56.31,5124.21,1.0
1963,PART1964,transmission,Volkswagen,2005,33.0,65.1,2148.2999999999997,1.0
1964,PART1965,engine,Toyota,2019,21.0,468.48,9838.08,0.0
1965,PART1966,battery,Honda,2008,44.0,315.34,13874.96,
1966,PART1967,tire,Honda,2011,35.0,363.42,12719.7,0.0
1967,PART1968,tire,Toyota,2005,26.0,165.88,4312.88,1.0
1968,PART1969,suspension,Audi,2017,25.0,492.76,12319.0,0.0
1969,PART1970,suspension,BMW,2005,3.0,424.96,1274.8799999999999,
1970,PART1971,brake,BMW,2009,76.0,321.09,24402.839999999997,
1971,PART1972,engine,Honda,2020,21.0,101.12,2123.52,1.0
1972,PART1973,tire,Honda,2020,13.0,370.42,4815.46,0.0
1973,PART1974,tire,BMW,2014,15.0,100.29,1504.3500000000001,1.0
1974,PART1975,transmission,Mercedes,2016,36.0,233.38,8401.68,
1975,PART1976,tire,Volkswagen,2012,13.0,342.14,4447.82,
1976,PART1977,suspension,Toyota,2021,52.0,355.88,18505.76,1.0
1977,PART1978,engine,Ford,2013,59.0,71.58,4223.22,1.0
1978,PART1979,transmission,Mercedes,2018,64.0,310.72,19886.08,
1979,PART1980,engine,Audi,2001,96.0,495.53,47570.88,
1980,PART1981,brake,Ford,2000,22.0,422.71,9299.619999999999,0.0
1981,PART1982,suspension,Ford,2016,2.0,280.76,561.52,1.0
1982,PART1983,transmission,Volkswagen,2010,44.0,192.46,8468.24,
1983,PART1984,tire,Mercedes,2017,53.0,94.04,4984.12,
1984,PART1985,tire,Honda,2000,90.0,314.32,28288.8,1.0
1985,PART1986,battery,Mercedes,2014,75.0,383.29,28746.75,0.0
1986,PART1987,tire,Honda,2011,76.0,498.99,37923.24,
1987,PART1988,engine,Mercedes,2020,96.0,248.19,23826.239999999998,
1988,PART1989,suspension,Audi,2004,4.0,264.49,1057.96,
1989,PART1990,battery,Toyota,2008,39.0,77.11,3007.29,1.0
1990,PART1991,transmission,Volkswagen,2005,83.0,148.9,12358.7,1.0
1991,PART1992,suspension,Mercedes,2012,31.0,170.16,5274.96,
1992,PART1993,engine,Honda,2014,5.0,412.81,2064.05,0.0
1993,PART1994,transmission,BMW,2015,3.0,210.42,631.26,
1994,PART1995,engine,Toyota,2006,70.0,69.11,4837.7,0.0
1995,PART1996,brake,Audi,2002,52.0,263.1,13681.2,1.0
1996,PART1997,suspension,Volkswagen,2006,24.0,364.24,8741.76,
1997,PART1998,engine,BMW,2005,7.0,450.31,3152.17,0.0
1998,PART1999,engine,Ford,2009,73.0,272.79,19913.670000000002,
1999,PART2000,suspension,Audi,2015,89.0,419.24,37312.36,0.0
2000,PART2001,engine,Audi,2000,3.0,293.2,879.5999999999999,
2001,PART2002,suspension,Audi,2010,35.0,134.48,4706.799999999999,1.0
2002,PART2003,tire,Honda,2014,48.0,408.21,19594.079999999998,
2003,PART2004,tire,Toyota,2008,53.0,98.26,5207.780000000001,0.0
2004,PART2005,transmission,Ford,2014,65.0,281.35,18287.75,
2005,PART2006,tire,Mercedes,2014,38.0,140.37,5334.06,1.0
2006,PART2007,suspension,Volkswagen,2018,26.0,261.89,6809.139999999999,1.0
2007,PART2008,battery,Toyota,2013,38.0,175.42,6665.959999999999,0.0
2008,PART2009,transmission,Honda,2002,47.0,62.19,2922.93,0.0
2009,PART2010,transmission,Toyota,2022,71.0,426.48,30280.08,
2010,PART2011,tire,Ford,2013,20.0,135.27,2705.4,0.0
2011,PART2012,tire,Toyota,2010,42.0,375.1,15754.2,
2012,PART2013,battery,Mercedes,2012,40.0,349.7,13988.0,0.0
2013,PART2014,engine,Audi,2012,11.0,56.93,626.23,0.0
2014,PART2015,suspension,Mercedes,2010,30.0,312.37,9371.1,1.0
2015,PART2016,battery,Honda,2014,57.0,103.45,5896.650000000001,
2016,PART2017,battery,Toyota,2015,64.0,99.29,6354.56,1.0
2017,PART2018,tire,Audi,2013,19.0,352.18,6691.42,
2018,PART2019,engine,Audi,2011,54.0,263.73,14241.420000000002,0.0
2019,PART2020,suspension,Honda,2004,55.0,348.31,19157.05,
2020,PART2021,transmission,Volkswagen,2003,21.0,127.8,2683.7999999999997,
2021,PART2022,battery,Toyota,2011,76.0,72.02,5473.5199999999995,1.0
2022,PART2023,engine,Ford,2000,67.0,365.71,24502.57,
2023,PART2024,engine,Volkswagen,2002,49.0,210.97,10337.53,0.0
2024,PART2025,tire,BMW,2006,81.0,434.99,35234.19,
2025,PART2026,battery,Volkswagen,2004,22.0,160.77,3536.94,1.0
2026,PART2027,tire,Toyota,2007,88.0,121.22,10667.36,1.0
2027,PART2028,suspension,BMW,2000,83.0,103.26,8570.58,1.0
2028,PART2029,battery,BMW,2021,57.0,250.95,14304.15,
2029,PART2030,suspension,Audi,2011,28.0,483.94,13550.32,0.0
2030,PART2031,transmission,Honda,2018,64.0,263.74,16879.36,
2031,PART2032,transmission,Toyota,2016,17.0,265.09,4506.53,
2032,PART2033,battery,Mercedes,2003,98.0,164.71,16141.58,0.0
2033,PART2034,transmission,Toyota,2007,27.0,219.47,5925.69,
2034,PART2035,engine,Audi,2002,92.0,132.91,12227.72,1.0
2035,PART2036,brake,Audi,2001,7.0,348.64,2440.48,
2036,PART2037,tire,Mercedes,2002,25.0,127.94,3198.5,0.0
2037,PART2038,suspension,Toyota,2012,48.0,166.65,7999.200000000001,1.0
2038,PART2039,transmission,Mercedes,2007,49.0,461.76,22626.239999999998,0.0
2039,PART2040,brake,Honda,2008,46.0,361.91,16647.86,
2040,PART2041,transmission,Mercedes,2004,80.0,360.77,28861.6,0.0
2041,PART2042,brake,Honda,2015,79.0,483.81,38220.99,1.0
2042,PART2043,engine,Toyota,2020,93.0,76.12,7079.160000000001,1.0
2043,PART2044,suspension,Audi,2015,51.0,415.97,21214.47,0.0
2044,PART2045,brake,Audi,2016,89.0,416.91,37104.990000000005,0.0
2045,PART2046,transmission,Mercedes,2017,57.0,239.44,13648.08,1.0
2046,PART2047,battery,Toyota,2022,52.0,143.91,7483.32,1.0
2047,PART2048,battery,Mercedes,2017,99.0,250.73,24822.27,
2048,PART2049,engine,Audi,2014,92.0,149.51,13754.919999999998,1.0
2049,PART2050,battery,Honda,2012,46.0,407.71,18754.66,
2050,PART2051,brake,BMW,2001,48.0,138.85,6664.799999999999,0.0
2051,PART2052,suspension,Audi,2008,48.0,382.7,18369.6,
2052,PART2053,suspension,Mercedes,2019,47.0,215.77,10141.19,1.0
2053,PART2054,engine,BMW,2004,22.0,309.97,6819.34,1.0
2054,PART2055,battery,Ford,2014,94.0,108.88,10234.72,1.0
2055,PART2056,brake,Mercedes,2006,34.0,208.33,7083.22,
2056,PART2057,transmission,BMW,2013,17.0,333.46,5668.82,1.0
2057,PART2058,engine,Mercedes,2022,94.0,474.35,44588.9,1.0
2058,PART2059,battery,Volkswagen,2014,28.0,421.89,11812.92,0.0
2059,PART2060,engine,Mercedes,2007,89.0,216.71,19287.190000000002,1.0
2060,PART2061,battery,Mercedes,2006,35.0,303.02,10605.699999999999,1.0
2061,PART2062,brake,Mercedes,2008,37.0,201.31,7448.47,0.0
2062,PART2063,transmission,Mercedes,2011,55.0,110.59,6082.45,0.0
2063,PART2064,battery,Honda,2001,24.0,124.07,2977.68,0.0
2064,PART2065,transmission,Mercedes,2020,38.0,382.39,14530.82,0.0
2065,PART2066,battery,Audi,2008,74.0,290.49,21496.260000000002,
2066,PART2067,battery,Honda,2002,84.0,119.82,10064.88,
2067,PART2068,transmission,Volkswagen,2007,45.0,351.2,15804.0,1.0
2068,PART2069,transmission,Audi,2019,11.0,425.84,4684.24,0.0
2069,PART2070,transmission,Honda,2012,68.0,402.18,27348.24,0.0
2070,PART2071,battery,Toyota,2019,53.0,438.66,23248.98,1.0
2071,PART2072,suspension,Toyota,2016,27.0,488.29,13183.83,0.0
2072,PART2073,tire,Audi,2018,69.0,254.44,17556.36,1.0
2073,PART2074,brake,Ford,2011,61.0,452.96,27630.559999999998,0.0
2074,PART2075,battery,Volkswagen,2000,96.0,101.92,9784.32,1.0
2075,PART2076,engine,Ford,2021,61.0,233.59,14248.99,0.0
2076,PART2077,tire,Audi,2007,81.0,333.42,27007.02,0.0
2077,PART2078,suspension,Honda,2012,35.0,278.89,9761.15,0.0
2078,PART2079,battery,Ford,2006,39.0,410.52,16010.279999999999,1.0
2079,PART2080,tire,Toyota,2019,80.0,320.04,25603.2,1.0
2080,PART2081,brake,Toyota,2015,85.0,431.42,36670.700000000004,0.0
2081,PART2082,engine,Mercedes,2001,67.0,432.14,28953.379999999997,1.0
2082,PART2083,suspension,Mercedes,2021,45.0,144.59,6506.55,
2083,PART2084,battery,Audi,2021,92.0,446.5,41078.0,
2084,PART2085,engine,Volkswagen,2019,95.0,81.56,7748.2,0.0
2085,PART2086,transmission,Audi,2008,85.0,266.82,22679.7,
2086,PART2087,transmission,Audi,2003,84.0,203.28,17075.52,1.0
2087,PART2088,battery,Audi,2004,43.0,252.36,10851.480000000001,0.0
2088,PART2089,tire,Toyota,2005,84.0,178.27,14974.68,0.0
2089,PART2090,tire,Audi,2022,72.0,421.56,30352.32,1.0
2090,PART2091,suspension,Mercedes,2017,83.0,129.04,10710.32,1.0
2091,PART2092,engine,Ford,2019,10.0,486.95,4869.5,1.0
2092,PART2093,transmission,Ford,2006,99.0,134.42,13307.579999999998,1.0
2093,PART2094,tire,Audi,2001,20.0,173.09,3461.8,1.0
2094,PART2095,suspension,Ford,2011,5.0,120.82,604.0999999999999,1.0
2095,PART2096,transmission,Honda,2002,79.0,215.43,17018.97,0.0
2096,PART2097,brake,BMW,2020,21.0,134.52,2824.92,
2097,PART2098,battery,Volkswagen,2003,69.0,487.97,33669.93,1.0
2098,PART2099,engine,BMW,2005,39.0,259.3,10112.7,1.0
2099,PART2100,tire,Audi,2003,17.0,480.91,8175.47,0.0
2100,PART2101,suspension,Volkswagen,2003,28.0,379.6,10628.800000000001,1.0
2101,PART2102,engine,Honda,2010,83.0,138.62,11505.460000000001,0.0
2102,PART2103,suspension,Mercedes,2016,55.0,366.29,20145.95,
2103,PART2104,tire,Honda,2019,24.0,310.48,7451.52,
2104,PART2105,transmission,Audi,2020,52.0,259.39,13488.279999999999,
2105,PART2106,suspension,Mercedes,2011,1.0,499.48,499.48,
2106,PART2107,tire,Volkswagen,2003,8.0,360.42,2883.36,0.0
2107,PART2108,tire,Mercedes,2021,79.0,426.01,33654.79,
2108,PART2109,tire,Mercedes,2005,88.0,431.94,38010.72,
2109,PART2110,tire,BMW,2004,2.0,397.63,795.26,1.0
2110,PART2111,transmission,Ford,2003,41.0,445.98,18285.18,0.0
2111,PART2112,engine,Volkswagen,2014,59.0,495.53,29236.269999999997,1.0
2112,PART2113,tire,BMW,2005,73.0,308.03,22486.19,0.0
2113,PART2114,transmission,Volkswagen,2000,75.0,264.17,19812.75,
2114,PART2115,tire,Honda,2016,8.0,431.06,3448.48,0.0
2115,PART2116,battery,Volkswagen,2021,97.0,445.38,43201.86,0.0
2116,PART2117,battery,Ford,2015,30.0,63.37,1901.1,0.0
2117,PART2118,brake,BMW,2006,90.0,163.95,14755.499999999998,1.0
2118,PART2119,transmission,Toyota,2013,46.0,117.11,5387.06,0.0
2119,PART2120,transmission,Toyota,2009,35.0,408.12,14284.2,0.0
2120,PART2121,suspension,Toyota,2006,11.0,268.07,2948.77,0.0
2121,PART2122,transmission,BMW,2008,35.0,108.62,3801.7000000000003,0.0
2122,PART2123,transmission,Audi,2001,81.0,247.1,20015.1,1.0
2123,PART2124,tire,BMW,2015,24.0,158.01,3792.24,
2124,PART2125,engine,Toyota,2020,89.0,483.84,43061.759999999995,1.0
2125,PART2126,battery,Audi,2016,16.0,286.39,4582.24,
2126,PART2127,tire,Audi,2000,48.0,126.37,6065.76,1.0
2127,PART2128,battery,Volkswagen,2021,48.0,277.12,13301.76,1.0
2128,PART2129,transmission,Audi,2020,90.0,275.35,24781.500000000004,1.0
2129,PART2130,battery,Toyota,2016,25.0,191.58,4789.5,0.0
2130,PART2131,transmission,Toyota,2012,61.0,412.04,25134.440000000002,
2131,PART2132,engine,Ford,2022,71.0,158.38,11244.98,
2132,PART2133,tire,Volkswagen,2004,85.0,409.36,34795.6,1.0
2133,PART2134,battery,Honda,2021,99.0,290.5,28759.5,1.0
2134,PART2135,engine,Honda,2003,87.0,263.68,22940.16,1.0
2135,PART2136,engine,Honda,2006,3.0,348.09,1044.27,
2136,PART2137,engine,Audi,2010,85.0,196.17,16674.45,
2137,PART2138,engine,Toyota,2005,29.0,51.12,1482.48,0.0
2138,PART2139,engine,Mercedes,2008,3.0,245.89,737.67,
2139,PART2140,brake,Honda,2020,71.0,344.71,24474.41,1.0
2140,PART2141,brake,Audi,2009,86.0,319.94,27514.84,1.0
2141,PART2142,brake,Volkswagen,2020,12.0,170.54,2046.48,1.0
2142,PART2143,suspension,Ford,2007,83.0,186.85,15508.55,
2143,PART2144,brake,Honda,2020,94.0,281.63,26473.22,
2144,PART2145,engine,Ford,2008,76.0,90.72,6894.72,
2145,PART2146,tire,Mercedes,2006,40.0,250.83,10033.2,
2146,PART2147,battery,Volkswagen,2000,80.0,329.51,26360.8,
2147,PART2148,suspension,Audi,2007,97.0,253.07,24547.79,1.0
2148,PART2149,battery,Honda,2006,27.0,333.29,8998.83,1.0
2149,PART2150,tire,Mercedes,2001,92.0,346.18,31848.56,
2150,PART2151,tire,BMW,2000,49.0,260.24,12751.76,
2151,PART2152,tire,BMW,2021,19.0,409.21,7774.99,
2152,PART2153,transmission,Ford,2022,11.0,445.09,4895.99,1.0
2153,PART2154,battery,Toyota,2020,90.0,404.18,36376.2,0.0
2154,PART2155,battery,Volkswagen,2002,32.0,144.94,4638.08,
2155,PART2156,tire,Honda,2000,87.0,85.32,7422.839999999999,
2156,PART2157,battery,Honda,2009,61.0,257.36,15698.960000000001,
2157,PART2158,suspension,Toyota,2001,95.0,164.09,15588.550000000001,0.0
2158,PART2159,engine,Volkswagen,2005,19.0,488.38,9279.22,1.0
2159,PART2160,brake,BMW,2022,87.0,59.85,5206.95,
2160,PART2161,brake,BMW,2005,95.0,463.75,44056.25,
2161,PART2162,battery,Audi,2022,3.0,499.06,1497.18,
2162,PART2163,transmission,Audi,2007,62.0,249.62,15476.44,
2163,PART2164,tire,BMW,2019,85.0,376.33,31988.05,
2164,PART2165,engine,Volkswagen,2007,84.0,161.93,13602.12,0.0
2165,PART2166,transmission,Toyota,2017,46.0,325.54,14974.84,
2166,PART2167,transmission,BMW,2003,26.0,258.37,6717.62,1.0
2167,PART2168,engine,BMW,2007,21.0,484.26,10169.46,0.0
2168,PART2169,battery,Ford,2019,92.0,385.9,35502.799999999996,0.0
2169,PART2170,battery,Ford,2004,42.0,207.91,8732.22,
2170,PART2171,suspension,Audi,2009,9.0,139.48,1255.32,
2171,PART2172,transmission,Mercedes,2003,69.0,484.21,33410.49,0.0
2172,PART2173,battery,Honda,2013,27.0,215.46,5817.42,
2173,PART2174,transmission,Mercedes,2003,38.0,318.86,12116.68,1.0
2174,PART2175,suspension,Audi,2000,21.0,450.19,9453.99,1.0
2175,PART2176,transmission,Audi,2014,62.0,390.12,24187.44,
2176,PART2177,battery,Ford,2001,59.0,202.8,11965.2,0.0
2177,PART2178,brake,Honda,2004,92.0,331.86,30531.120000000003,0.0
2178,PART2179,battery,Audi,2004,45.0,165.3,7438.500000000001,1.0
2179,PART2180,transmission,Volkswagen,2016,55.0,59.13,3252.15,
2180,PART2181,brake,Audi,2000,32.0,62.22,1991.04,0.0
2181,PART2182,suspension,Toyota,2020,88.0,286.65,25225.199999999997,
2182,PART2183,battery,Volkswagen,2015,10.0,468.89,4688.9,1.0
2183,PART2184,suspension,Honda,2015,43.0,207.42,8919.06,0.0
2184,PART2185,battery,Toyota,2009,1.0,291.24,291.24,0.0
2185,PART2186,brake,Volkswagen,2017,8.0,158.3,1266.4,0.0
2186,PART2187,engine,Mercedes,2009,40.0,60.84,2433.6000000000004,1.0
2187,PART2188,brake,BMW,2005,34.0,289.21,9833.14,1.0
2188,PART2189,battery,Volkswagen,2014,88.0,176.13,15499.439999999999,0.0
2189,PART2190,transmission,Ford,2010,82.0,137.27,11256.140000000001,
2190,PART2191,tire,Audi,2014,72.0,72.57,5225.039999999999,
2191,PART2192,engine,Honda,2002,75.0,330.42,24781.5,0.0
2192,PART2193,engine,Toyota,2002,81.0,425.66,34478.46,0.0
2193,PART2194,battery,Mercedes,2022,89.0,393.2,34994.799999999996,
2194,PART2195,brake,Ford,2006,55.0,362.32,19927.6,1.0
2195,PART2196,battery,Honda,2008,89.0,278.14,24754.46,1.0
2196,PART2197,engine,Honda,2018,99.0,293.16,29022.840000000004,
2197,PART2198,brake,Volkswagen,2006,42.0,446.23,18741.66,0.0
2198,PART2199,battery,Ford,2008,39.0,181.79,7089.8099999999995,0.0
2199,PART2200,tire,Toyota,2012,81.0,425.9,34497.9,
2200,PART2201,tire,Toyota,2004,5.0,87.25,436.25,1.0
2201,PART2202,battery,Audi,2011,3.0,170.22,510.65999999999997,1.0
2202,PART2203,tire,Ford,2006,49.0,482.22,23628.780000000002,0.0
2203,PART2204,engine,Audi,2012,66.0,400.77,26450.82,0.0
2204,PART2205,engine,Toyota,2006,11.0,415.83,4574.13,1.0
2205,PART2206,brake,BMW,2019,73.0,239.07,17452.11,
2206,PART2207,engine,BMW,2013,21.0,50.98,1070.58,0.0
2207,PART2208,transmission,BMW,2021,55.0,251.4,13827.0,
2208,PART2209,battery,BMW,2002,21.0,324.36,6811.56,0.0
2209,PART2210,brake,Volkswagen,2017,7.0,63.61,445.27,1.0
2210,PART2211,suspension,Audi,2014,21.0,306.37,6433.77,
2211,PART2212,battery,Toyota,2012,10.0,467.89,4678.9,0.0
2212,PART2213,brake,Toyota,2012,86.0,256.53,22061.579999999998,0.0
2213,PART2214,brake,Toyota,2006,70.0,159.24,11146.800000000001,1.0
2214,PART2215,brake,Toyota,2015,4.0,434.52,1738.08,
2215,PART2216,brake,Audi,2016,57.0,415.19,23665.829999999998,0.0
2216,PART2217,tire,Mercedes,2019,5.0,443.74,2218.7,0.0
2217,PART2218,tire,Toyota,2002,51.0,271.8,13861.800000000001,1.0
2218,PART2219,brake,Audi,2020,29.0,413.03,11977.869999999999,0.0
2219,PART2220,suspension,Volkswagen,2007,33.0,243.49,8035.17,1.0
2220,PART2221,transmission,Volkswagen,2018,9.0,391.02,3519.18,0.0
2221,PART2222,suspension,Volkswagen,2015,83.0,329.99,27389.170000000002,
2222,PART2223,transmission,Toyota,2002,24.0,314.51,7548.24,1.0
2223,PART2224,brake,BMW,2005,7.0,441.23,3088.61,1.0
2224,PART2225,tire,BMW,2003,67.0,247.83,16604.61,
2225,PART2226,tire,Toyota,2013,91.0,348.51,31714.41,1.0
2226,PART2227,battery,Volkswagen,2004,60.0,186.64,11198.4,
2227,PART2228,suspension,Toyota,2007,84.0,141.78,11909.52,0.0
2228,PART2229,tire,Mercedes,2001,1.0,283.14,283.14,1.0
2229,PART2230,suspension,Mercedes,2015,83.0,250.49,20790.670000000002,0.0
2230,PART2231,tire,Audi,2007,7.0,78.33,548.31,
2231,PART2232,transmission,Volkswagen,2006,78.0,490.96,38294.88,0.0
2232,PART2233,battery,Ford,2017,63.0,362.72,22851.36,0.0
2233,PART2234,transmission,Audi,2019,98.0,428.58,42000.84,0.0
2234,PART2235,tire,Ford,2008,28.0,82.65,2314.2000000000003,0.0
2235,PART2236,engine,Mercedes,2016,7.0,214.54,1501.78,0.0
2236,PART2237,battery,Volkswagen,2004,50.0,243.04,12152.0,
2237,PART2238,battery,BMW,2014,4.0,464.98,1859.92,0.0
2238,PART2239,transmission,Volkswagen,2021,1.0,338.19,338.19,
2239,PART2240,engine,Ford,2011,32.0,368.42,11789.44,
2240,PART2241,transmission,Mercedes,2021,15.0,462.0,6930.0,0.0
2241,PART2242,suspension,Ford,2011,66.0,256.87,16953.420000000002,0.0
2242,PART2243,battery,Honda,2003,5.0,422.55,2112.75,0.0
2243,PART2244,battery,Audi,2015,59.0,339.23,20014.57,0.0
2244,PART2245,engine,BMW,2017,13.0,368.66,4792.58,
2245,PART2246,brake,Toyota,2019,48.0,129.28,6205.4400000000005,0.0
2246,PART2247,tire,Volkswagen,2018,97.0,484.97,47042.090000000004,0.0
2247,PART2248,tire,Audi,2006,98.0,395.28,38737.439999999995,1.0
2248,PART2249,battery,Mercedes,2007,99.0,339.54,33614.46,
2249,PART2250,brake,Honda,2017,73.0,322.79,23563.670000000002,1.0
2250,PART2251,brake,BMW,2019,15.0,135.43,2031.45,0.0
2251,PART2252,battery,Toyota,2000,11.0,152.09,1672.99,0.0
2252,PART2253,tire,Ford,2020,19.0,323.57,6147.83,1.0
2253,PART2254,transmission,Ford,2000,20.0,290.73,5814.6,
2254,PART2255,battery,Mercedes,2002,96.0,433.43,41609.28,
2255,PART2256,suspension,Audi,2014,96.0,423.65,40670.399999999994,
2256,PART2257,tire,Volkswagen,2021,23.0,394.14,9065.22,1.0
2257,PART2258,battery,BMW,2011,99.0,486.99,48212.01,0.0
2258,PART2259,battery,Toyota,2009,76.0,188.27,14308.52,1.0
2259,PART2260,brake,Volkswagen,2018,19.0,384.65,7308.349999999999,
2260,PART2261,battery,BMW,2010,1.0,214.18,214.18,1.0
2261,PART2262,brake,Volkswagen,2014,19.0,107.64,2045.16,
2262,PART2263,battery,Ford,2001,96.0,228.67,21952.32,1.0
2263,PART2264,brake,Toyota,2008,88.0,158.93,13985.84,1.0
2264,PART2265,engine,BMW,2020,47.0,306.53,14406.909999999998,0.0
2265,PART2266,tire,Audi,2019,6.0,328.82,1972.92,0.0
2266,PART2267,brake,Mercedes,2005,30.0,178.73,5361.9,0.0
2267,PART2268,suspension,Honda,2009,75.0,95.68,7176.000000000001,0.0
2268,PART2269,tire,Audi,2017,85.0,244.66,20796.1,
2269,PART2270,brake,Ford,2004,40.0,214.43,8577.2,0.0
2270,PART2271,brake,Toyota,2004,47.0,398.88,18747.36,1.0
2271,PART2272,suspension,BMW,2011,62.0,107.99,6695.38,
2272,PART2273,suspension,Ford,2009,81.0,293.27,23754.87,0.0
2273,PART2274,engine,Volkswagen,2015,60.0,338.21,20292.6,1.0
2274,PART2275,tire,Mercedes,2021,14.0,327.0,4578.0,
2275,PART2276,transmission,BMW,2002,98.0,379.43,37184.14,
2276,PART2277,suspension,Ford,2002,29.0,58.88,1707.52,1.0
2277,PART2278,battery,BMW,2019,8.0,414.19,3313.52,1.0
2278,PART2279,engine,BMW,2017,95.0,284.54,27031.300000000003,0.0
2279,PART2280,engine,BMW,2014,13.0,99.21,1289.73,1.0
2280,PART2281,transmission,Honda,2006,72.0,251.8,18129.600000000002,0.0
2281,PART2282,tire,Mercedes,2022,1.0,57.06,57.06,
2282,PART2283,battery,Honda,2003,8.0,323.91,2591.28,
2283,PART2284,suspension,BMW,2005,95.0,361.66,34357.700000000004,0.0
2284,PART2285,engine,Honda,2006,74.0,483.64,35789.36,
2285,PART2286,tire,Audi,2019,79.0,105.84,8361.36,1.0
2286,PART2287,brake,Volkswagen,2013,92.0,487.11,44814.12,1.0
2287,PART2288,tire,Mercedes,2018,37.0,376.41,13927.17,
2288,PART2289,transmission,Honda,2000,70.0,444.82,31137.399999999998,
2289,PART2290,transmission,Mercedes,2009,48.0,75.68,3632.6400000000003,
2290,PART2291,tire,Ford,2014,16.0,334.91,5358.56,
2291,PART2292,engine,Toyota,2019,43.0,412.94,17756.42,0.0
2292,PART2293,brake,Honda,2014,87.0,399.61,34766.07,0.0
2293,PART2294,battery,Mercedes,2016,14.0,279.91,3918.7400000000002,1.0
2294,PART2295,transmission,Ford,2020,46.0,367.89,16922.94,0.0
2295,PART2296,battery,Audi,2011,40.0,291.48,11659.2,
2296,PART2297,tire,Volkswagen,2012,2.0,206.53,413.06,
2297,PART2298,engine,Honda,2017,6.0,153.92,923.52,0.0
2298,PART2299,engine,Audi,2008,74.0,178.6,13216.4,0.0
2299,PART2300,battery,Audi,2004,59.0,481.04,28381.36,0.0
2300,PART2301,battery,Honda,2015,96.0,189.46,18188.16,0.0
2301,PART2302,tire,Toyota,2003,90.0,260.87,23478.3,
2302,PART2303,brake,Toyota,2006,20.0,364.92,7298.400000000001,0.0
2303,PART2304,brake,Honda,2022,65.0,156.32,10160.8,0.0
2304,PART2305,suspension,Audi,2013,47.0,311.03,14618.409999999998,1.0
2305,PART2306,engine,Audi,2009,37.0,142.42,5269.54,
2306,PART2307,brake,Ford,2015,42.0,401.72,16872.24,1.0
2307,PART2308,suspension,Mercedes,2002,11.0,454.21,4996.3099999999995,
2308,PART2309,battery,BMW,2016,51.0,76.92,3922.92,
2309,PART2310,engine,Audi,2008,48.0,429.67,20624.16,0.0
2310,PART2311,engine,Audi,2004,14.0,439.8,6157.2,
2311,PART2312,suspension,BMW,2017,87.0,223.57,19450.59,
2312,PART2313,brake,Audi,2011,21.0,343.58,7215.179999999999,1.0
2313,PART2314,tire,BMW,2008,57.0,163.1,9296.699999999999,
2314,PART2315,transmission,BMW,2021,68.0,70.84,4817.12,
2315,PART2316,transmission,BMW,2006,51.0,179.85,9172.35,0.0
2316,PART2317,transmission,Mercedes,2003,8.0,274.25,2194.0,0.0
2317,PART2318,tire,Mercedes,2007,53.0,389.02,20618.059999999998,
2318,PART2319,brake,BMW,2004,48.0,72.28,3469.44,
2319,PART2320,battery,Mercedes,2014,82.0,111.11,9111.02,0.0
2320,PART2321,transmission,Audi,2001,96.0,266.25,25560.0,
2321,PART2322,battery,Volkswagen,2015,83.0,199.15,16529.45,
2322,PART2323,engine,Volkswagen,2001,59.0,82.01,4838.59,0.0
2323,PART2324,suspension,Honda,2020,51.0,368.29,18782.79,0.0
2324,PART2325,transmission,Toyota,2021,62.0,234.85,14560.699999999999,1.0
2325,PART2326,tire,Ford,2011,33.0,127.8,4217.4,
2326,PART2327,suspension,Ford,2007,90.0,120.87,10878.300000000001,
2327,PART2328,tire,Audi,2021,26.0,228.92,5951.92,
2328,PART2329,battery,Ford,2014,42.0,64.59,2712.78,1.0
2329,PART2330,tire,Toyota,2015,25.0,417.55,10438.75,1.0
2330,PART2331,tire,Mercedes,2003,17.0,465.13,7907.21,
2331,PART2332,brake,BMW,2015,11.0,232.81,2560.91,0.0
2332,PART2333,brake,Honda,2018,4.0,192.78,771.12,1.0
2333,PART2334,engine,Volkswagen,2005,30.0,386.04,11581.2,1.0
2334,PART2335,battery,Ford,2005,35.0,268.33,9391.55,0.0
2335,PART2336,battery,Mercedes,2005,40.0,230.27,9210.800000000001,0.0
2336,PART2337,tire,Audi,2019,2.0,204.9,409.8,0.0
2337,PART2338,tire,BMW,2011,22.0,54.26,1193.72,0.0
2338,PART2339,battery,Volkswagen,2013,72.0,241.22,17367.84,
2339,PART2340,brake,Audi,2014,16.0,254.8,4076.8,1.0
2340,PART2341,suspension,Mercedes,2006,90.0,274.05,24664.5,1.0
2341,PART2342,battery,Honda,2015,11.0,203.2,2235.2,1.0
2342,PART2343,suspension,Toyota,2015,37.0,292.11,10808.07,0.0
2343,PART2344,engine,Toyota,2015,44.0,273.88,12050.72,1.0
2344,PART2345,brake,BMW,2011,26.0,466.74,12135.24,0.0
2345,PART2346,tire,Mercedes,2000,89.0,358.14,31874.46,0.0
2346,PART2347,tire,Volkswagen,2005,17.0,314.15,5340.549999999999,1.0
2347,PART2348,transmission,BMW,2019,51.0,339.97,17338.47,1.0
2348,PART2349,tire,Volkswagen,2017,54.0,98.86,5338.44,1.0
2349,PART2350,engine,Honda,2013,59.0,288.24,17006.16,1.0
2350,PART2351,tire,Ford,2020,70.0,200.62,14043.4,
2351,PART2352,battery,Audi,2013,95.0,343.67,32648.65,
2352,PART2353,suspension,Honda,2020,99.0,202.96,20093.04,1.0
2353,PART2354,suspension,Honda,2014,75.0,203.74,15280.5,
2354,PART2355,brake,Honda,2001,88.0,463.3,40770.4,
2355,PART2356,battery,Audi,2011,63.0,199.39,12561.57,
2356,PART2357,brake,Volkswagen,2009,13.0,375.96,4887.48,1.0
2357,PART2358,suspension,Honda,2013,83.0,296.52,24611.16,0.0
2358,PART2359,tire,Audi,2013,15.0,311.32,4669.8,0.0
2359,PART2360,suspension,Honda,2009,3.0,262.57,787.71,1.0
2360,PART2361,engine,Volkswagen,2020,36.0,256.98,9251.28,1.0
2361,PART2362,engine,Volkswagen,2008,43.0,453.72,19509.960000000003,0.0
2362,PART2363,tire,Volkswagen,2010,49.0,473.42,23197.58,
2363,PART2364,battery,BMW,2009,32.0,151.86,4859.52,
2364,PART2365,battery,Volkswagen,2000,71.0,151.48,10755.08,0.0
2365,PART2366,battery,Audi,2006,66.0,151.42,9993.72,0.0
2366,PART2367,brake,BMW,2019,79.0,402.05,31761.95,1.0
2367,PART2368,brake,Toyota,2000,89.0,247.47,22024.829999999998,1.0
2368,PART2369,transmission,BMW,2003,55.0,256.37,14100.35,0.0
2369,PART2370,brake,Volkswagen,2002,49.0,341.2,16718.8,
2370,PART2371,suspension,Honda,2016,36.0,479.77,17271.72,
2371,PART2372,brake,Honda,2010,1.0,268.59,268.59,1.0
2372,PART2373,transmission,Volkswagen,2004,31.0,369.8,11463.800000000001,0.0
2373,PART2374,suspension,Volkswagen,2005,86.0,240.99,20725.14,
2374,PART2375,battery,Toyota,2006,24.0,270.41,6489.84,
2375,PART2376,engine,Honda,2015,21.0,225.39,4733.19,1.0
2376,PART2377,battery,Honda,2008,35.0,268.73,9405.550000000001,1.0
2377,PART2378,battery,Honda,2022,80.0,182.85,14628.0,1.0
2378,PART2379,suspension,Audi,2017,21.0,277.86,5835.06,1.0
2379,PART2380,transmission,Audi,2003,63.0,448.77,28272.51,1.0
2380,PART2381,brake,Volkswagen,2021,45.0,271.76,12229.199999999999,
2381,PART2382,suspension,Honda,2006,74.0,56.27,4163.9800000000005,0.0
2382,PART2383,suspension,Honda,2009,80.0,486.77,38941.6,0.0
2383,PART2384,engine,BMW,2006,95.0,456.37,43355.15,
2384,PART2385,brake,Honda,2013,73.0,259.61,18951.530000000002,
2385,PART2386,suspension,Volkswagen,2018,19.0,125.07,2376.33,0.0
2386,PART2387,brake,Volkswagen,2016,76.0,225.88,17166.88,1.0
2387,PART2388,suspension,Toyota,2018,33.0,86.88,2867.04,1.0
2388,PART2389,battery,Audi,2019,78.0,346.72,27044.160000000003,0.0
2389,PART2390,battery,Volkswagen,2017,57.0,322.08,18358.559999999998,0.0
2390,PART2391,battery,BMW,2004,32.0,81.46,2606.72,0.0
2391,PART2392,engine,Audi,2003,37.0,275.11,10179.07,1.0
2392,PART2393,transmission,Honda,2011,65.0,374.74,24358.100000000002,0.0
2393,PART2394,brake,BMW,2019,83.0,488.04,40507.32,1.0
2394,PART2395,transmission,Honda,2005,13.0,77.1,1002.3,
2395,PART2396,suspension,Toyota,2008,56.0,402.28,22527.68,1.0
2396,PART2397,transmission,BMW,2010,31.0,155.51,4820.8099999999995,
2397,PART2398,suspension,Audi,2018,80.0,208.47,16677.6,
2398,PART2399,tire,Volkswagen,2017,11.0,294.03,3234.33,1.0
2399,PART2400,battery,Mercedes,2012,85.0,164.45,13978.249999999998,1.0
2400,PART2401,engine,Audi,2013,53.0,294.19,15592.07,0.0
2401,PART2402,tire,Toyota,2014,39.0,241.14,9404.46,1.0
2402,PART2403,transmission,Audi,2013,53.0,364.86,19337.58,
2403,PART2404,battery,Toyota,2009,48.0,168.23,8075.039999999999,1.0
2404,PART2405,transmission,Mercedes,2014,31.0,76.89,2383.59,0.0
2405,PART2406,transmission,Mercedes,2022,20.0,75.31,1506.2,
2406,PART2407,suspension,Ford,2021,62.0,417.29,25871.98,
2407,PART2408,tire,Ford,2005,1.0,331.48,331.48,
2408,PART2409,transmission,Toyota,2004,95.0,287.13,27277.35,
2409,PART2410,engine,Ford,2008,93.0,367.54,34181.22,
2410,PART2411,suspension,Honda,2005,23.0,303.94,6990.62,0.0
2411,PART2412,suspension,Audi,2014,26.0,138.79,3608.54,0.0
2412,PART2413,transmission,Ford,2013,91.0,392.18,35688.38,0.0
2413,PART2414,suspension,Audi,2007,41.0,246.52,10107.32,1.0
2414,PART2415,suspension,Honda,2010,16.0,277.07,4433.12,1.0
2415,PART2416,engine,Audi,2014,67.0,135.15,9055.050000000001,0.0
2416,PART2417,transmission,Audi,2002,44.0,214.22,9425.68,1.0
2417,PART2418,brake,Audi,2010,19.0,495.0,9405.0,
2418,PART2419,tire,Honda,2015,89.0,240.46,21400.940000000002,0.0
2419,PART2420,battery,Volkswagen,2009,95.0,180.4,17138.0,0.0
2420,PART2421,transmission,Ford,2020,28.0,244.63,6849.639999999999,1.0
2421,PART2422,tire,Mercedes,2002,46.0,229.93,10576.78,0.0
2422,PART2423,transmission,BMW,2012,75.0,177.19,13289.25,
2423,PART2424,battery,Ford,2019,14.0,410.48,5746.72,0.0
2424,PART2425,suspension,BMW,2003,31.0,425.52,13191.119999999999,1.0
2425,PART2426,brake,Toyota,2000,99.0,408.84,40475.159999999996,1.0
2426,PART2427,brake,Volkswagen,2022,46.0,59.76,2748.96,0.0
2427,PART2428,suspension,Toyota,2019,67.0,69.27,4641.09,1.0
2428,PART2429,brake,Mercedes,2007,39.0,136.34,5317.26,1.0
2429,PART2430,brake,Volkswagen,2006,13.0,390.2,5072.599999999999,1.0
2430,PART2431,battery,Honda,2006,43.0,194.71,8372.53,
2431,PART2432,brake,Honda,2010,95.0,371.17,35261.15,1.0
2432,PART2433,suspension,Toyota,2018,39.0,233.29,9098.31,1.0
2433,PART2434,battery,Toyota,2015,51.0,394.92,20140.920000000002,0.0
2434,PART2435,suspension,Ford,2013,99.0,383.54,37970.46,0.0
2435,PART2436,battery,Audi,2020,74.0,360.25,26658.5,
2436,PART2437,suspension,Audi,2017,50.0,93.21,4660.5,0.0
2437,PART2438,tire,Ford,2022,6.0,483.6,2901.6000000000004,1.0
2438,PART2439,battery,BMW,2004,7.0,140.51,983.5699999999999,1.0
2439,PART2440,engine,Honda,2018,30.0,269.17,8075.1,0.0
2440,PART2441,battery,Mercedes,2012,89.0,371.37,33051.93,
2441,PART2442,battery,Volkswagen,2020,42.0,374.3,15720.6,1.0
2442,PART2443,tire,Toyota,2018,14.0,379.23,5309.22,1.0
2443,PART2444,brake,Ford,2016,60.0,118.62,7117.200000000001,1.0
2444,PART2445,transmission,Ford,2002,39.0,448.17,17478.63,1.0
2445,PART2446,engine,Honda,2000,80.0,96.16,7692.799999999999,0.0
2446,PART2447,transmission,Mercedes,2015,90.0,129.29,11636.099999999999,1.0
2447,PART2448,transmission,Ford,2019,32.0,412.55,13201.6,1.0
2448,PART2449,tire,Mercedes,2005,48.0,171.72,8242.56,0.0
2449,PART2450,battery,Audi,2018,49.0,286.45,14036.05,
2450,PART2451,suspension,Audi,2011,78.0,74.77,5832.0599999999995,1.0
2451,PART2452,battery,Volkswagen,2013,29.0,463.42,13439.18,
2452,PART2453,battery,Ford,2021,62.0,111.15,6891.3,1.0
2453,PART2454,brake,Ford,2020,41.0,386.21,15834.609999999999,0.0
2454,PART2455,transmission,Audi,2009,71.0,208.88,14830.48,
2455,PART2456,brake,Audi,2015,60.0,329.33,19759.8,
2456,PART2457,engine,Volkswagen,2008,40.0,449.64,17985.6,
2457,PART2458,brake,Mercedes,2006,98.0,188.34,18457.32,1.0
2458,PART2459,brake,Audi,2008,49.0,148.29,7266.21,0.0
2459,PART2460,engine,Toyota,2007,60.0,145.54,8732.4,1.0
2460,PART2461,tire,Honda,2012,73.0,314.68,22971.64,0.0
2461,PART2462,suspension,Ford,2014,53.0,52.36,2775.08,
2462,PART2463,brake,Toyota,2000,11.0,240.88,2649.68,
2463,PART2464,transmission,Audi,2000,35.0,201.45,7050.75,1.0
2464,PART2465,suspension,Honda,2018,22.0,315.65,6944.299999999999,
2465,PART2466,transmission,Toyota,2002,75.0,363.42,27256.5,
2466,PART2467,brake,Mercedes,2001,17.0,409.77,6966.09,1.0
2467,PART2468,suspension,Mercedes,2010,45.0,241.06,10847.7,1.0
2468,PART2469,tire,Audi,2019,10.0,338.79,3387.9,
2469,PART2470,tire,Audi,2008,19.0,254.08,4827.52,
2470,PART2471,tire,Mercedes,2022,18.0,426.66,7679.88,0.0
2471,PART2472,engine,Honda,2004,84.0,456.25,38325.0,
2472,PART2473,suspension,Volkswagen,2002,62.0,238.4,14780.800000000001,1.0
2473,PART2474,transmission,Ford,2014,11.0,151.63,1667.9299999999998,0.0
2474,PART2475,battery,Audi,2009,1.0,156.67,156.67,1.0
2475,PART2476,engine,Audi,2006,69.0,161.07,11113.83,1.0
2476,PART2477,transmission,Mercedes,2011,19.0,374.33,7112.2699999999995,1.0
2477,PART2478,suspension,BMW,2000,23.0,415.85,9564.550000000001,0.0
2478,PART2479,engine,Mercedes,2008,58.0,465.02,26971.16,
2479,PART2480,brake,Volkswagen,2000,49.0,494.18,24214.82,1.0
2480,PART2481,brake,Toyota,2017,40.0,70.33,2813.2,1.0
2481,PART2482,suspension,Mercedes,2012,71.0,236.02,16757.420000000002,1.0
2482,PART2483,engine,Mercedes,2016,12.0,305.88,3670.56,
2483,PART2484,engine,Volkswagen,2015,59.0,97.57,5756.629999999999,1.0
2484,PART2485,battery,Ford,2000,28.0,203.21,5689.88,0.0
2485,PART2486,engine,Audi,2021,24.0,323.9,7773.599999999999,1.0
2486,PART2487,brake,Mercedes,2018,54.0,499.95,26997.3,
2487,PART2488,tire,BMW,2022,16.0,208.49,3335.84,1.0
2488,PART2489,transmission,Toyota,2001,67.0,379.56,25430.52,
2489,PART2490,battery,Audi,2000,38.0,448.88,17057.44,1.0
2490,PART2491,suspension,Mercedes,2005,63.0,241.12,15190.56,0.0
2491,PART2492,engine,Toyota,2020,27.0,309.78,8364.06,0.0
2492,PART2493,transmission,Toyota,2015,70.0,220.01,15400.699999999999,1.0
2493,PART2494,suspension,BMW,2018,84.0,129.09,10843.56,0.0
2494,PART2495,tire,Audi,2002,51.0,320.49,16344.99,0.0
2495,PART2496,tire,BMW,2002,7.0,410.6,2874.2000000000003,
2496,PART2497,battery,Mercedes,2005,23.0,351.98,8095.540000000001,
2497,PART2498,battery,Audi,2021,65.0,110.54,7185.1,1.0
2498,PART2499,battery,Toyota,2015,35.0,289.55,10134.25,1.0
2499,PART2500,brake,BMW,2006,57.0,390.99,22286.43,1.0
2500,PART2501,suspension,Ford,2010,49.0,65.85,3226.6499999999996,1.0
2501,PART2502,transmission,Honda,2009,26.0,75.14,1953.64,
2502,PART2503,transmission,Honda,2001,70.0,120.14,8409.8,
2503,PART2504,suspension,BMW,2015,99.0,246.89,24442.109999999997,1.0
2504,PART2505,brake,Volkswagen,2021,78.0,338.43,26397.54,0.0
2505,PART2506,suspension,BMW,2019,73.0,363.99,26571.27,
2506,PART2507,transmission,Honda,2011,72.0,111.43,8022.960000000001,0.0
2507,PART2508,suspension,Honda,2010,9.0,396.41,3567.69,
2508,PART2509,battery,Audi,2006,85.0,254.55,21636.75,1.0
2509,PART2510,engine,Ford,2018,64.0,471.21,30157.44,1.0
2510,PART2511,engine,Ford,2002,86.0,121.46,10445.56,0.0
2511,PART2512,tire,Audi,2010,3.0,127.9,383.70000000000005,1.0
2512,PART2513,battery,Ford,2013,98.0,237.46,23271.08,0.0
2513,PART2514,tire,Toyota,2021,29.0,356.53,10339.369999999999,1.0
2514,PART2515,suspension,Toyota,2003,56.0,202.31,11329.36,1.0
2515,PART2516,battery,Toyota,2003,54.0,384.73,20775.420000000002,0.0
2516,PART2517,suspension,Mercedes,2015,9.0,306.73,2760.57,1.0
2517,PART2518,engine,Mercedes,2017,70.0,130.16,9111.199999999999,
2518,PART2519,transmission,Toyota,2005,9.0,114.55,1030.95,
2519,PART2520,tire,Ford,2006,29.0,407.66,11822.140000000001,1.0
2520,PART2521,suspension,Mercedes,2003,50.0,177.0,8850.0,1.0
2521,PART2522,suspension,BMW,2015,79.0,172.75,13647.25,0.0
2522,PART2523,engine,Ford,2010,95.0,472.87,44922.65,1.0
2523,PART2524,battery,Toyota,2015,40.0,493.86,19754.4,1.0
2524,PART2525,engine,Honda,2011,98.0,330.4,32379.199999999997,
2525,PART2526,brake,Volkswagen,2011,39.0,261.12,10183.68,
2526,PART2527,transmission,BMW,2005,85.0,127.02,10796.699999999999,1.0
2527,PART2528,tire,Honda,2017,43.0,379.62,16323.66,
2528,PART2529,transmission,Toyota,2016,64.0,286.9,18361.6,
2529,PART2530,battery,Honda,2020,37.0,241.11,8921.07,
2530,PART2531,battery,Audi,2014,39.0,240.49,9379.11,0.0
2531,PART2532,engine,Volkswagen,2012,99.0,309.38,30628.62,1.0
2532,PART2533,tire,Toyota,2001,21.0,168.64,3541.4399999999996,
2533,PART2534,engine,BMW,2008,78.0,406.47,31704.660000000003,
2534,PART2535,battery,Audi,2011,98.0,335.71,32899.579999999994,1.0
2535,PART2536,engine,Volkswagen,2007,52.0,119.87,6233.24,
2536,PART2537,tire,BMW,2006,1.0,145.2,145.2,1.0
2537,PART2538,battery,Ford,2000,8.0,237.67,1901.36,0.0
2538,PART2539,transmission,Toyota,2021,84.0,294.45,24733.8,1.0
2539,PART2540,transmission,Volkswagen,2016,84.0,357.11,29997.24,0.0
2540,PART2541,brake,BMW,2003,17.0,79.55,1352.35,1.0
2541,PART2542,battery,Volkswagen,2015,89.0,370.49,32973.61,
2542,PART2543,battery,Audi,2001,18.0,176.78,3182.04,0.0
2543,PART2544,brake,Ford,2018,16.0,471.96,7551.36,
2544,PART2545,battery,Toyota,2021,58.0,182.68,10595.44,0.0
2545,PART2546,engine,Ford,2020,36.0,311.3,11206.800000000001,1.0
2546,PART2547,battery,Mercedes,2006,72.0,404.98,29158.56,1.0
2547,PART2548,brake,Ford,2006,87.0,293.75,25556.25,0.0
2548,PART2549,brake,Volkswagen,2012,43.0,455.11,19569.73,1.0
2549,PART2550,battery,BMW,2022,14.0,249.27,3489.78,0.0
2550,PART2551,engine,Audi,2004,34.0,178.88,6081.92,1.0
2551,PART2552,transmission,Volkswagen,2019,1.0,303.14,303.14,0.0
2552,PART2553,brake,Volkswagen,2002,36.0,258.36,9300.960000000001,1.0
2553,PART2554,transmission,Toyota,2003,78.0,496.66,38739.48,1.0
2554,PART2555,suspension,Volkswagen,2022,15.0,408.41,6126.150000000001,
2555,PART2556,transmission,Honda,2018,97.0,111.96,10860.119999999999,1.0
2556,PART2557,battery,Toyota,2013,41.0,220.01,9020.41,0.0
2557,PART2558,brake,Toyota,2002,35.0,66.09,2313.15,
2558,PART2559,engine,Toyota,2001,44.0,222.14,9774.16,
2559,PART2560,brake,Mercedes,2012,86.0,475.03,40852.579999999994,0.0
2560,PART2561,engine,BMW,2021,72.0,233.54,16814.88,1.0
2561,PART2562,brake,Audi,2006,50.0,301.24,15062.0,1.0
2562,PART2563,battery,Mercedes,2021,87.0,437.51,38063.37,1.0
2563,PART2564,tire,BMW,2013,85.0,227.46,19334.100000000002,0.0
2564,PART2565,tire,Honda,2018,23.0,166.92,3839.16,1.0
2565,PART2566,brake,Honda,2013,77.0,187.18,14412.86,1.0
2566,PART2567,suspension,Audi,2018,92.0,224.2,20626.399999999998,1.0
2567,PART2568,tire,Mercedes,2004,85.0,65.3,5550.5,
2568,PART2569,tire,Mercedes,2017,23.0,329.58,7580.339999999999,
2569,PART2570,tire,Volkswagen,2003,84.0,377.15,31680.6,
2570,PART2571,brake,Ford,2015,25.0,355.28,8882.0,1.0
2571,PART2572,brake,Mercedes,2013,86.0,215.15,18502.9,1.0
2572,PART2573,suspension,Audi,2014,46.0,384.82,17701.72,
2573,PART2574,suspension,Mercedes,2004,89.0,325.03,28927.67,
2574,PART2575,battery,BMW,2020,66.0,418.51,27621.66,1.0
2575,PART2576,transmission,Volkswagen,2001,95.0,460.21,43719.95,0.0
2576,PART2577,battery,BMW,2010,26.0,161.0,4186.0,
2577,PART2578,suspension,Audi,2000,42.0,297.2,12482.4,0.0
2578,PART2579,brake,Honda,2000,34.0,121.55,4132.7,0.0
2579,PART2580,engine,Toyota,2015,46.0,343.37,15795.02,1.0
2580,PART2581,transmission,Ford,2000,90.0,151.91,13671.9,
2581,PART2582,battery,Ford,2006,15.0,166.82,2502.2999999999997,
2582,PART2583,engine,Audi,2000,68.0,412.44,28045.92,0.0
2583,PART2584,tire,Mercedes,2001,41.0,329.49,13509.09,0.0
2584,PART2585,tire,Ford,2010,49.0,368.12,18037.88,
2585,PART2586,engine,Honda,2004,16.0,157.91,2526.56,1.0
2586,PART2587,brake,Mercedes,2013,54.0,304.33,16433.82,0.0
2587,PART2588,engine,Volkswagen,2008,11.0,333.42,3667.6200000000003,0.0
2588,PART2589,tire,BMW,2013,26.0,348.66,9065.16,0.0
2589,PART2590,brake,BMW,2001,9.0,165.44,1488.96,0.0
2590,PART2591,engine,Audi,2003,3.0,348.44,1045.32,0.0
2591,PART2592,suspension,Toyota,2017,78.0,86.45,6743.1,1.0
2592,PART2593,transmission,Toyota,2002,41.0,221.14,9066.74,1.0
2593,PART2594,engine,Toyota,2003,53.0,291.87,15469.11,
2594,PART2595,transmission,Volkswagen,2002,22.0,305.02,6710.44,0.0
2595,PART2596,engine,Audi,2001,18.0,485.29,8735.220000000001,0.0
2596,PART2597,brake,Audi,2014,2.0,92.13,184.26,0.0
2597,PART2598,tire,BMW,2011,49.0,395.12,19360.88,1.0
2598,PART2599,suspension,BMW,2022,81.0,329.58,26695.98,
2599,PART2600,transmission,Honda,2007,67.0,197.11,13206.37,1.0
2600,PART2601,suspension,Mercedes,2020,9.0,467.05,4203.45,
2601,PART2602,battery,Ford,2014,34.0,469.59,15966.06,1.0
2602,PART2603,tire,Mercedes,2001,87.0,79.09,6880.83,
2603,PART2604,suspension,Volkswagen,2009,87.0,54.48,4739.759999999999,
2604,PART2605,battery,Honda,2006,68.0,426.27,28986.36,1.0
2605,PART2606,tire,Honda,2014,17.0,234.29,3982.93,0.0
2606,PART2607,engine,Audi,2012,17.0,198.25,3370.25,0.0
2607,PART2608,transmission,Volkswagen,2015,13.0,122.3,1589.8999999999999,0.0
2608,PART2609,transmission,Honda,2002,4.0,68.68,274.72,1.0
2609,PART2610,battery,Ford,2020,17.0,173.51,2949.67,1.0
2610,PART2611,brake,Volkswagen,2003,69.0,337.41,23281.29,0.0
2611,PART2612,engine,Toyota,2012,12.0,209.08,2508.96,1.0
2612,PART2613,brake,Mercedes,2001,76.0,372.85,28336.600000000002,
2613,PART2614,battery,Toyota,2010,91.0,198.06,18023.46,
2614,PART2615,battery,Volkswagen,2020,9.0,331.44,2982.96,0.0
2615,PART2616,suspension,Ford,2022,21.0,133.16,2796.36,0.0
2616,PART2617,engine,Toyota,2010,77.0,175.43,13508.11,0.0
2617,PART2618,battery,Volkswagen,2016,18.0,182.95,3293.1,
2618,PART2619,battery,Mercedes,2011,66.0,252.57,16669.62,0.0
2619,PART2620,suspension,Volkswagen,2021,19.0,79.48,1510.1200000000001,1.0
2620,PART2621,tire,Ford,2000,8.0,147.84,1182.72,1.0
2621,PART2622,brake,Toyota,2010,92.0,220.77,20310.84,1.0
2622,PART2623,transmission,Volkswagen,2010,23.0,458.97,10556.310000000001,1.0
2623,PART2624,transmission,Toyota,2009,21.0,254.16,5337.36,0.0
2624,PART2625,battery,BMW,2013,73.0,289.03,21099.19,1.0
2625,PART2626,suspension,Volkswagen,2017,71.0,382.62,27166.02,
2626,PART2627,suspension,Audi,2021,87.0,298.45,25965.149999999998,1.0
2627,PART2628,battery,Audi,2012,15.0,270.68,4060.2000000000003,0.0
2628,PART2629,brake,Mercedes,2007,94.0,285.51,26837.94,
2629,PART2630,engine,Mercedes,2000,6.0,288.1,1728.6000000000001,0.0
2630,PART2631,engine,Ford,2003,35.0,227.32,7956.2,1.0
2631,PART2632,engine,Volkswagen,2021,19.0,94.01,1786.19,
2632,PART2633,brake,Mercedes,2013,44.0,460.24,20250.56,1.0
2633,PART2634,suspension,Audi,2018,83.0,388.73,32264.59,0.0
2634,PART2635,battery,BMW,2006,90.0,415.02,37351.799999999996,0.0
2635,PART2636,brake,Audi,2022,89.0,422.34,37588.259999999995,0.0
2636,PART2637,transmission,Ford,2006,7.0,288.82,2021.74,1.0
2637,PART2638,transmission,Volkswagen,2007,85.0,491.09,41742.65,1.0
2638,PART2639,transmission,Mercedes,2012,12.0,485.13,5821.5599999999995,0.0
2639,PART2640,suspension,Volkswagen,2020,82.0,358.13,29366.66,
2640,PART2641,suspension,Toyota,2015,49.0,99.39,4870.11,0.0
2641,PART2642,transmission,Mercedes,2001,3.0,198.02,594.0600000000001,
2642,PART2643,suspension,Toyota,2001,45.0,451.93,20336.85,1.0
2643,PART2644,engine,Toyota,2016,2.0,239.99,479.98,0.0
2644,PART2645,battery,Honda,2009,88.0,143.39,12618.32,
2645,PART2646,brake,Ford,2005,77.0,452.97,34878.69,1.0
2646,PART2647,battery,Volkswagen,2017,6.0,447.13,2682.7799999999997,1.0
2647,PART2648,brake,Toyota,2008,49.0,134.97,6613.53,
2648,PART2649,battery,Audi,2016,70.0,164.82,11537.4,0.0
2649,PART2650,transmission,BMW,2020,42.0,416.73,17502.66,0.0
2650,PART2651,tire,Toyota,2022,40.0,257.12,10284.8,1.0
2651,PART2652,suspension,Toyota,2011,54.0,498.94,26942.76,0.0
2652,PART2653,suspension,Honda,2005,18.0,244.24,4396.32,1.0
2653,PART2654,brake,Mercedes,2003,51.0,180.28,9194.28,
2654,PART2655,battery,Volkswagen,2014,44.0,360.36,15855.84,
2655,PART2656,transmission,Honda,2022,28.0,116.42,3259.76,1.0
2656,PART2657,brake,Honda,2003,32.0,96.81,3097.92,
2657,PART2658,brake,Mercedes,2017,46.0,220.55,10145.300000000001,1.0
2658,PART2659,tire,BMW,2013,56.0,364.13,20391.28,1.0
2659,PART2660,tire,Audi,2012,52.0,367.15,19091.8,
2660,PART2661,battery,BMW,2004,23.0,203.85,4688.55,0.0
2661,PART2662,engine,Ford,2010,52.0,123.23,6407.96,1.0
2662,PART2663,brake,BMW,2003,89.0,99.66,8869.74,
2663,PART2664,suspension,Audi,2021,34.0,239.3,8136.200000000001,
2664,PART2665,tire,Ford,2022,53.0,480.7,25477.1,0.0
2665,PART2666,engine,BMW,2014,64.0,401.31,25683.84,
2666,PART2667,tire,Honda,2016,13.0,61.4,798.1999999999999,0.0
2667,PART2668,suspension,Honda,2008,37.0,327.42,12114.54,0.0
2668,PART2669,suspension,BMW,2010,44.0,92.35,4063.3999999999996,
2669,PART2670,brake,Ford,2020,68.0,52.96,3601.28,0.0
2670,PART2671,engine,Toyota,2022,83.0,263.98,21910.34,
2671,PART2672,brake,Honda,2013,83.0,269.97,22407.510000000002,
2672,PART2673,transmission,Audi,2013,60.0,297.0,17820.0,1.0
2673,PART2674,transmission,Toyota,2017,15.0,154.8,2322.0,1.0
2674,PART2675,brake,Volkswagen,2004,71.0,307.0,21797.0,
2675,PART2676,battery,BMW,2009,92.0,268.94,24742.48,1.0
2676,PART2677,tire,Audi,2002,54.0,443.16,23930.640000000003,0.0
2677,PART2678,engine,Audi,2005,99.0,143.41,14197.59,
2678,PART2679,tire,BMW,2013,6.0,322.18,1933.08,0.0
2679,PART2680,brake,Toyota,2010,50.0,485.34,24267.0,0.0
2680,PART2681,tire,Honda,2011,34.0,75.3,2560.2,0.0
2681,PART2682,suspension,BMW,2011,98.0,100.01,9800.980000000001,
2682,PART2683,transmission,Honda,2021,28.0,389.33,10901.24,0.0
2683,PART2684,battery,BMW,2021,92.0,233.67,21497.64,
2684,PART2685,transmission,Ford,2019,80.0,144.92,11593.599999999999,
2685,PART2686,suspension,Toyota,2020,24.0,93.56,2245.44,1.0
2686,PART2687,tire,Honda,2013,40.0,197.13,7885.2,1.0
2687,PART2688,brake,Honda,2005,32.0,145.34,4650.88,1.0
2688,PART2689,transmission,Honda,2006,89.0,145.89,12984.21,0.0
2689,PART2690,battery,Honda,2019,82.0,288.9,23689.8,
2690,PART2691,tire,Honda,2012,50.0,66.66,3333.0,1.0
2691,PART2692,tire,BMW,2009,67.0,465.95,31218.649999999998,1.0
2692,PART2693,suspension,Volkswagen,2021,82.0,155.94,12787.08,0.0
2693,PART2694,tire,Toyota,2019,87.0,82.77,7200.99,1.0
2694,PART2695,tire,Honda,2009,48.0,497.27,23868.96,1.0
2695,PART2696,transmission,Audi,2013,87.0,436.34,37961.579999999994,0.0
2696,PART2697,brake,Volkswagen,2020,82.0,390.37,32010.34,0.0
2697,PART2698,suspension,Mercedes,2022,34.0,289.95,9858.3,1.0
2698,PART2699,transmission,Mercedes,2002,30.0,179.59,5387.7,1.0
2699,PART2700,engine,Honda,2007,91.0,109.91,10001.81,1.0
2700,PART2701,transmission,Honda,2012,21.0,303.84,6380.639999999999,1.0
2701,PART2702,battery,Honda,2000,58.0,444.1,25757.800000000003,
2702,PART2703,battery,Ford,2018,30.0,474.87,14246.1,1.0
2703,PART2704,engine,Audi,2002,40.0,69.71,2788.3999999999996,0.0
2704,PART2705,suspension,Volkswagen,2009,14.0,67.54,945.5600000000001,
2705,PART2706,battery,Volkswagen,2001,12.0,476.16,5713.92,1.0
2706,PART2707,tire,Ford,2018,40.0,364.09,14563.599999999999,
2707,PART2708,brake,BMW,2020,32.0,103.78,3320.96,0.0
2708,PART2709,suspension,Volkswagen,2013,45.0,180.17,8107.65,
2709,PART2710,suspension,Mercedes,2008,58.0,450.95,26155.1,1.0
2710,PART2711,engine,Toyota,2011,12.0,166.25,1995.0,
2711,PART2712,tire,Toyota,2021,47.0,123.5,5804.5,1.0
2712,PART2713,battery,Toyota,2020,12.0,273.16,3277.92,1.0
2713,PART2714,transmission,Volkswagen,2013,15.0,223.92,3358.7999999999997,
2714,PART2715,brake,BMW,2020,73.0,322.56,23546.88,1.0
2715,PART2716,suspension,Audi,2010,63.0,435.16,27415.08,1.0
2716,PART2717,tire,Audi,2018,84.0,351.75,29547.0,0.0
2717,PART2718,brake,BMW,2002,62.0,351.76,21809.12,1.0
2718,PART2719,brake,Audi,2015,94.0,154.74,14545.560000000001,0.0
2719,PART2720,transmission,Audi,2010,75.0,200.42,15031.499999999998,1.0
2720,PART2721,brake,BMW,2009,85.0,180.37,15331.45,0.0
2721,PART2722,transmission,Mercedes,2010,3.0,457.87,1373.6100000000001,
2722,PART2723,battery,Toyota,2016,75.0,129.13,9684.75,0.0
2723,PART2724,battery,Ford,2003,41.0,261.03,10702.23,
2724,PART2725,tire,BMW,2001,68.0,152.71,10384.28,1.0
2725,PART2726,tire,Mercedes,2005,2.0,183.25,366.5,
2726,PART2727,suspension,Ford,2022,39.0,426.73,16642.47,
2727,PART2728,battery,BMW,2006,83.0,117.2,9727.6,0.0
2728,PART2729,battery,Audi,2022,49.0,284.24,13927.76,1.0
2729,PART2730,engine,Ford,2010,16.0,125.21,2003.36,
2730,PART2731,tire,Toyota,2019,14.0,496.77,6954.78,
2731,PART2732,engine,BMW,2020,60.0,413.43,24805.8,
2732,PART2733,battery,BMW,2010,61.0,254.74,15539.140000000001,1.0
2733,PART2734,tire,Mercedes,2014,32.0,280.04,8961.28,1.0
2734,PART2735,tire,Audi,2014,96.0,373.07,35814.72,1.0
2735,PART2736,engine,Audi,2003,34.0,333.12,11326.08,0.0
2736,PART2737,suspension,Toyota,2020,26.0,317.7,8260.199999999999,
2737,PART2738,brake,Audi,2010,28.0,131.28,3675.84,1.0
2738,PART2739,battery,Toyota,2019,47.0,226.78,10658.66,0.0
2739,PART2740,brake,Ford,2006,48.0,433.15,20791.199999999997,1.0
2740,PART2741,tire,BMW,2007,39.0,96.74,3772.8599999999997,1.0
2741,PART2742,battery,Mercedes,2013,25.0,143.3,3582.5000000000005,0.0
2742,PART2743,engine,Mercedes,2013,1.0,462.96,462.96,1.0
2743,PART2744,brake,Volkswagen,2014,78.0,171.43,13371.54,0.0
2744,PART2745,transmission,Mercedes,2008,27.0,345.7,9333.9,1.0
2745,PART2746,brake,Volkswagen,2013,53.0,261.55,13862.150000000001,0.0
2746,PART2747,battery,Volkswagen,2010,28.0,382.0,10696.0,
2747,PART2748,suspension,Ford,2005,86.0,192.93,16591.98,0.0
2748,PART2749,engine,Honda,2005,63.0,255.3,16083.900000000001,
2749,PART2750,suspension,Toyota,2019,18.0,112.74,2029.32,1.0
2750,PART2751,battery,Mercedes,2022,53.0,240.41,12741.73,
2751,PART2752,brake,Ford,2003,56.0,92.31,5169.360000000001,0.0
2752,PART2753,battery,Volkswagen,2006,72.0,228.23,16432.559999999998,1.0
2753,PART2754,suspension,BMW,2019,12.0,401.99,4823.88,0.0
2754,PART2755,engine,Toyota,2004,80.0,208.44,16675.2,
2755,PART2756,battery,Ford,2021,69.0,425.9,29387.1,
2756,PART2757,engine,Ford,2015,52.0,420.74,21878.48,
2757,PART2758,brake,Volkswagen,2011,49.0,206.75,10130.75,
2758,PART2759,suspension,Honda,2010,67.0,110.58,7408.86,1.0
2759,PART2760,battery,Honda,2006,89.0,285.78,25434.42,
2760,PART2761,suspension,Volkswagen,2002,77.0,432.84,33328.68,
2761,PART2762,battery,Ford,2007,63.0,422.18,26597.34,1.0
2762,PART2763,engine,Volkswagen,2001,23.0,306.66,7053.18,1.0
2763,PART2764,brake,Ford,2004,41.0,365.9,15001.9,0.0
2764,PART2765,engine,Audi,2020,77.0,335.1,25802.7,0.0
2765,PART2766,tire,Toyota,2019,42.0,53.54,2248.68,0.0
2766,PART2767,engine,Mercedes,2022,71.0,202.36,14367.560000000001,1.0
2767,PART2768,engine,Ford,2015,68.0,80.84,5497.12,1.0
2768,PART2769,battery,Volkswagen,2019,90.0,464.07,41766.3,
2769,PART2770,brake,Honda,2010,99.0,466.63,46196.37,1.0
2770,PART2771,transmission,Mercedes,2011,36.0,496.23,17864.28,0.0
2771,PART2772,tire,BMW,2022,46.0,439.91,20235.86,1.0
2772,PART2773,brake,Toyota,2006,91.0,366.2,33324.2,0.0
2773,PART2774,battery,Mercedes,2021,77.0,101.78,7837.06,0.0
2774,PART2775,suspension,Audi,2002,39.0,246.17,9600.63,0.0
2775,PART2776,engine,Toyota,2015,23.0,269.09,6189.07,1.0
2776,PART2777,transmission,Volkswagen,2022,23.0,135.39,3113.97,
2777,PART2778,tire,BMW,2021,93.0,120.49,11205.57,1.0
2778,PART2779,brake,Audi,2008,51.0,483.37,24651.87,1.0
2779,PART2780,brake,BMW,2003,28.0,74.43,2084.04,0.0
2780,PART2781,suspension,BMW,2022,42.0,456.39,19168.38,
2781,PART2782,tire,Volkswagen,2009,83.0,439.43,36472.69,
2782,PART2783,suspension,Toyota,2013,40.0,254.89,10195.599999999999,0.0
2783,PART2784,engine,BMW,2005,52.0,348.14,18103.28,
2784,PART2785,engine,Audi,2012,50.0,469.85,23492.5,1.0
2785,PART2786,brake,BMW,2010,20.0,229.1,4582.0,0.0
2786,PART2787,tire,Mercedes,2007,39.0,170.71,6657.6900000000005,0.0
2787,PART2788,battery,Ford,2005,13.0,331.88,4314.44,1.0
2788,PART2789,battery,Toyota,2020,88.0,257.1,22624.800000000003,
2789,PART2790,tire,Audi,2018,62.0,108.09,6701.58,0.0
2790,PART2791,suspension,Honda,2011,53.0,160.49,8505.970000000001,0.0
2791,PART2792,engine,Audi,2000,75.0,495.71,37178.25,1.0
2792,PART2793,suspension,Mercedes,2000,41.0,134.94,5532.54,1.0
2793,PART2794,brake,Toyota,2000,49.0,57.19,2802.31,
2794,PART2795,engine,Volkswagen,2009,44.0,398.6,17538.4,0.0
2795,PART2796,suspension,Audi,2015,66.0,153.22,10112.52,
2796,PART2797,transmission,BMW,2011,39.0,449.63,17535.57,
2797,PART2798,battery,Mercedes,2018,89.0,368.41,32788.490000000005,1.0
2798,PART2799,brake,Mercedes,2003,90.0,424.41,38196.9,0.0
2799,PART2800,suspension,Ford,2006,89.0,168.08,14959.12,1.0
2800,PART2801,transmission,BMW,2002,13.0,206.4,2683.2000000000003,1.0
2801,PART2802,engine,Audi,2012,38.0,253.48,9632.24,1.0
2802,PART2803,suspension,Volkswagen,2009,47.0,188.28,8849.16,
2803,PART2804,tire,Ford,2018,86.0,351.61,30238.460000000003,1.0
2804,PART2805,brake,Mercedes,2011,19.0,302.55,5748.45,
2805,PART2806,tire,Volkswagen,2004,17.0,264.22,4491.740000000001,
2806,PART2807,engine,Ford,2012,30.0,373.48,11204.400000000001,0.0
2807,PART2808,engine,BMW,2006,75.0,449.81,33735.75,0.0
2808,PART2809,battery,Honda,2022,73.0,71.1,5190.299999999999,
2809,PART2810,tire,Volkswagen,2007,57.0,480.32,27378.239999999998,1.0
2810,PART2811,engine,Volkswagen,2011,54.0,393.18,21231.72,
2811,PART2812,brake,Volkswagen,2000,35.0,368.61,12901.35,0.0
2812,PART2813,tire,Mercedes,2001,37.0,100.16,3705.92,1.0
2813,PART2814,tire,Mercedes,2011,60.0,103.76,6225.6,0.0
2814,PART2815,tire,Honda,2021,62.0,462.89,28699.18,1.0
2815,PART2816,brake,Mercedes,2004,85.0,281.26,23907.1,0.0
2816,PART2817,transmission,Honda,2019,32.0,445.47,14255.04,1.0
2817,PART2818,engine,Toyota,2019,35.0,232.86,8150.1,0.0
2818,PART2819,brake,BMW,2019,93.0,237.09,22049.37,0.0
2819,PART2820,transmission,BMW,2013,76.0,207.67,15782.919999999998,0.0
2820,PART2821,brake,Audi,2022,23.0,411.84,9472.32,
2821,PART2822,engine,BMW,2006,40.0,145.11,5804.400000000001,1.0
2822,PART2823,tire,Ford,2021,42.0,387.25,16264.5,1.0
2823,PART2824,tire,BMW,2019,78.0,395.52,30850.559999999998,1.0
2824,PART2825,battery,Volkswagen,2006,27.0,198.39,5356.53,
2825,PART2826,brake,Ford,2011,24.0,229.15,5499.6,0.0
2826,PART2827,suspension,Toyota,2021,78.0,403.68,31487.04,0.0
2827,PART2828,tire,Toyota,2020,42.0,415.15,17436.3,1.0
2828,PART2829,transmission,Honda,2008,62.0,295.65,18330.3,
2829,PART2830,battery,Ford,2001,24.0,378.04,9072.960000000001,
2830,PART2831,transmission,Audi,2011,94.0,498.85,46891.9,
2831,PART2832,engine,Honda,2014,25.0,259.63,6490.75,0.0
2832,PART2833,engine,Toyota,2016,46.0,71.52,3289.9199999999996,
2833,PART2834,transmission,Volkswagen,2000,78.0,93.03,7256.34,
2834,PART2835,transmission,BMW,2005,60.0,375.96,22557.6,1.0
2835,PART2836,battery,Honda,2013,18.0,139.41,2509.38,1.0
2836,PART2837,suspension,Ford,2016,38.0,148.68,5649.84,0.0
2837,PART2838,engine,BMW,2010,70.0,153.86,10770.2,
2838,PART2839,battery,Volkswagen,2013,94.0,465.65,43771.1,1.0
2839,PART2840,transmission,Toyota,2003,84.0,199.61,16767.24,1.0
2840,PART2841,battery,Volkswagen,2012,98.0,184.47,18078.06,0.0
2841,PART2842,tire,Honda,2012,20.0,331.86,6637.200000000001,0.0
2842,PART2843,suspension,Audi,2012,40.0,372.34,14893.599999999999,0.0
2843,PART2844,brake,Honda,2002,94.0,277.07,26044.579999999998,
2844,PART2845,engine,Honda,2006,51.0,269.93,13766.43,1.0
2845,PART2846,transmission,Ford,2003,24.0,284.88,6837.12,1.0
2846,PART2847,engine,Toyota,2012,55.0,373.69,20552.95,1.0
2847,PART2848,brake,Ford,2014,88.0,258.48,22746.24,
2848,PART2849,engine,Ford,2017,6.0,393.96,2363.7599999999998,
2849,PART2850,suspension,Volkswagen,2013,56.0,243.28,13623.68,0.0
2850,PART2851,tire,BMW,2016,61.0,484.52,29555.719999999998,
2851,PART2852,transmission,Volkswagen,2019,98.0,304.4,29831.199999999997,0.0
2852,PART2853,suspension,BMW,2004,77.0,429.63,33081.51,1.0
2853,PART2854,transmission,Toyota,2016,59.0,427.71,25234.89,
2854,PART2855,battery,BMW,2001,30.0,257.15,7714.499999999999,0.0
2855,PART2856,tire,Volkswagen,2003,61.0,193.03,11774.83,
2856,PART2857,suspension,Toyota,2008,23.0,359.67,8272.41,0.0
2857,PART2858,engine,Honda,2011,69.0,261.25,18026.25,1.0
2858,PART2859,battery,Mercedes,2014,16.0,454.85,7277.6,
2859,PART2860,suspension,Honda,2000,8.0,357.46,2859.68,0.0
2860,PART2861,tire,Ford,2012,41.0,259.2,10627.199999999999,
2861,PART2862,tire,Ford,2015,62.0,157.9,9789.800000000001,1.0
2862,PART2863,tire,Volkswagen,2021,74.0,271.73,20108.02,
2863,PART2864,engine,BMW,2015,54.0,354.72,19154.88,
2864,PART2865,brake,Honda,2021,9.0,170.27,1532.43,
2865,PART2866,transmission,BMW,2007,65.0,161.79,10516.35,1.0
2866,PART2867,suspension,BMW,2014,88.0,411.72,36231.36,0.0
2867,PART2868,engine,Toyota,2018,59.0,94.11,5552.49,0.0
2868,PART2869,tire,Ford,2022,57.0,442.81,25240.170000000002,
2869,PART2870,engine,Honda,2009,85.0,310.85,26422.250000000004,1.0
2870,PART2871,brake,Ford,2014,22.0,142.66,3138.52,
2871,PART2872,tire,Honda,2019,45.0,233.78,10520.1,
2872,PART2873,battery,Ford,2017,19.0,406.62,7725.78,
2873,PART2874,engine,Honda,2004,71.0,169.09,12005.39,
2874,PART2875,tire,Volkswagen,2015,97.0,212.4,20602.8,0.0
2875,PART2876,suspension,Mercedes,2007,5.0,118.38,591.9,0.0
2876,PART2877,suspension,Honda,2004,90.0,134.01,12060.9,1.0
2877,PART2878,transmission,Mercedes,2011,60.0,92.19,5531.4,
2878,PART2879,engine,Toyota,2001,93.0,350.99,32642.07,0.0
2879,PART2880,tire,BMW,2008,46.0,110.96,5104.16,
2880,PART2881,transmission,BMW,2015,47.0,84.15,3955.05,
2881,PART2882,suspension,Volkswagen,2015,29.0,364.43,10568.47,
2882,PART2883,transmission,Ford,2003,37.0,203.03,7512.11,1.0
2883,PART2884,suspension,BMW,2018,37.0,115.44,4271.28,1.0
2884,PART2885,transmission,BMW,2015,77.0,172.2,13259.4,0.0
2885,PART2886,brake,BMW,2012,66.0,238.59,15746.94,1.0
2886,PART2887,brake,Toyota,2006,3.0,264.66,793.98,0.0
2887,PART2888,engine,Toyota,2010,17.0,315.8,5368.6,0.0
2888,PART2889,brake,Honda,2019,45.0,443.13,19940.85,0.0
2889,PART2890,transmission,Mercedes,2019,45.0,242.86,10928.7,
2890,PART2891,brake,Ford,2005,73.0,433.72,31661.56,1.0
2891,PART2892,brake,Honda,2001,67.0,277.72,18607.24,
2892,PART2893,suspension,BMW,2019,78.0,482.0,37596.0,1.0
2893,PART2894,tire,Toyota,2000,3.0,429.17,1287.51,1.0
2894,PART2895,battery,Toyota,2003,4.0,241.53,966.12,0.0
2895,PART2896,suspension,Honda,2013,34.0,75.27,2559.18,0.0
2896,PART2897,battery,Ford,2008,22.0,350.0,7700.0,1.0
2897,PART2898,battery,Ford,2016,16.0,390.98,6255.68,
2898,PART2899,transmission,BMW,2010,9.0,475.71,4281.389999999999,0.0
2899,PART2900,transmission,Honda,2009,3.0,441.13,1323.3899999999999,0.0
2900,PART2901,engine,Mercedes,2019,32.0,295.02,9440.64,
2901,PART2902,engine,BMW,2009,5.0,357.6,1788.0,0.0
2902,PART2903,battery,Honda,2006,53.0,336.16,17816.48,
2903,PART2904,suspension,Toyota,2019,82.0,414.6,33997.200000000004,
2904,PART2905,suspension,Mercedes,2017,14.0,159.71,2235.94,
2905,PART2906,engine,BMW,2000,19.0,220.66,4192.54,
2906,PART2907,engine,Volkswagen,2004,22.0,237.11,5216.42,0.0
2907,PART2908,battery,Mercedes,2014,82.0,431.1,35350.200000000004,
2908,PART2909,brake,Mercedes,2017,89.0,326.49,29057.61,1.0
2909,PART2910,tire,Toyota,2011,3.0,342.5,1027.5,0.0
2910,PART2911,suspension,BMW,2020,58.0,238.09,13809.22,0.0
2911,PART2912,brake,Audi,2002,92.0,139.87,12868.04,1.0
2912,PART2913,transmission,Volkswagen,2005,11.0,154.64,1701.04,0.0
2913,PART2914,suspension,Volkswagen,2021,92.0,53.87,4956.04,0.0
2914,PART2915,transmission,BMW,2001,40.0,135.51,5420.4,0.0
2915,PART2916,brake,Mercedes,2016,73.0,67.45,4923.85,1.0
2916,PART2917,battery,BMW,2004,69.0,166.78,11507.82,1.0
2917,PART2918,engine,BMW,2008,98.0,111.83,10959.34,
2918,PART2919,brake,Volkswagen,2022,98.0,316.28,30995.44,
2919,PART2920,engine,Toyota,2015,27.0,480.86,12983.220000000001,
2920,PART2921,tire,Audi,2003,44.0,251.17,11051.48,0.0
2921,PART2922,brake,Volkswagen,2003,21.0,448.08,9409.68,
2922,PART2923,battery,Ford,2001,3.0,335.86,1007.58,1.0
2923,PART2924,brake,Mercedes,2014,46.0,58.15,2674.9,1.0
2924,PART2925,suspension,Audi,2013,56.0,496.22,27788.32,0.0
2925,PART2926,brake,Audi,2008,49.0,95.27,4668.23,
2926,PART2927,tire,Audi,2019,23.0,353.8,8137.400000000001,0.0
2927,PART2928,brake,BMW,2004,7.0,73.65,515.5500000000001,0.0
2928,PART2929,brake,Audi,2022,25.0,362.53,9063.25,1.0
2929,PART2930,engine,Ford,2002,13.0,268.58,3491.54,0.0
2930,PART2931,suspension,Ford,2005,10.0,315.63,3156.3,0.0
2931,PART2932,engine,Ford,2006,63.0,437.4,27556.199999999997,1.0
2932,PART2933,brake,Audi,2013,42.0,262.06,11006.52,
2933,PART2934,brake,Audi,2020,65.0,394.85,25665.25,1.0
2934,PART2935,tire,Mercedes,2010,13.0,284.15,3693.95,1.0
2935,PART2936,battery,BMW,2013,9.0,173.72,1563.48,1.0
2936,PART2937,suspension,Ford,2003,22.0,312.61,6877.42,
2937,PART2938,engine,Ford,2005,95.0,325.9,30960.499999999996,0.0
2938,PART2939,tire,Toyota,2014,44.0,170.78,7514.32,1.0
2939,PART2940,tire,Audi,2007,66.0,455.85,30086.100000000002,1.0
2940,PART2941,transmission,Mercedes,2018,14.0,462.07,6468.98,1.0
2941,PART2942,tire,Volkswagen,2022,24.0,81.02,1944.48,0.0
2942,PART2943,suspension,Honda,2007,84.0,325.69,27357.96,1.0
2943,PART2944,transmission,Toyota,2013,58.0,467.54,27117.32,
2944,PART2945,transmission,Audi,2004,3.0,455.69,1367.07,0.0
2945,PART2946,tire,Volkswagen,2017,21.0,356.32,7482.72,0.0
2946,PART2947,transmission,Audi,2000,13.0,489.54,6364.02,
2947,PART2948,battery,Audi,2014,85.0,226.97,19292.45,1.0
2948,PART2949,battery,Toyota,2003,60.0,207.09,12425.4,1.0
2949,PART2950,transmission,Audi,2002,90.0,149.41,13446.9,0.0
2950,PART2951,battery,Ford,2013,71.0,324.01,23004.71,0.0
2951,PART2952,transmission,Mercedes,2003,20.0,120.43,2408.6000000000004,0.0
2952,PART2953,brake,Mercedes,2018,77.0,407.49,31376.73,0.0
2953,PART2954,suspension,Toyota,2015,97.0,79.75,7735.75,
2954,PART2955,brake,Toyota,2001,76.0,389.11,29572.36,0.0
2955,PART2956,engine,Toyota,2021,83.0,427.25,35461.75,
2956,PART2957,suspension,Honda,2008,36.0,124.79,4492.4400000000005,
2957,PART2958,battery,Honda,2001,84.0,271.38,22795.92,
2958,PART2959,engine,BMW,2012,59.0,246.37,14535.83,0.0
2959,PART2960,battery,Toyota,2006,99.0,138.47,13708.53,1.0
2960,PART2961,battery,BMW,2008,58.0,355.23,20603.34,0.0
2961,PART2962,suspension,BMW,2007,4.0,267.18,1068.72,
2962,PART2963,brake,Honda,2021,72.0,400.91,28865.52,1.0
2963,PART2964,brake,Audi,2007,86.0,168.27,14471.220000000001,
2964,PART2965,engine,Ford,2016,7.0,342.34,2396.3799999999997,1.0
2965,PART2966,transmission,Mercedes,2009,83.0,193.49,16059.67,0.0
2966,PART2967,brake,Toyota,2019,63.0,127.27,8018.009999999999,
2967,PART2968,battery,Mercedes,2019,53.0,120.96,6410.88,1.0
2968,PART2969,engine,Mercedes,2011,79.0,212.53,16789.87,1.0
2969,PART2970,transmission,Mercedes,2006,35.0,405.25,14183.75,0.0
2970,PART2971,suspension,Ford,2009,3.0,128.75,386.25,0.0
2971,PART2972,brake,Toyota,2013,44.0,138.47,6092.68,1.0
2972,PART2973,tire,Honda,2009,85.0,215.74,18337.9,1.0
2973,PART2974,suspension,Mercedes,2022,38.0,493.92,18768.96,0.0
2974,PART2975,suspension,Honda,2016,71.0,208.15,14778.65,
2975,PART2976,suspension,Toyota,2002,48.0,441.09,21172.32,1.0
2976,PART2977,engine,Honda,2014,76.0,94.49,7181.24,0.0
2977,PART2978,brake,BMW,2020,99.0,395.3,39134.700000000004,1.0
2978,PART2979,brake,Ford,2022,39.0,143.61,5600.790000000001,
2979,PART2980,suspension,Ford,2022,21.0,376.51,7906.71,
2980,PART2981,battery,Toyota,2007,78.0,247.75,19324.5,
2981,PART2982,brake,Mercedes,2016,33.0,443.4,14632.199999999999,1.0
2982,PART2983,suspension,BMW,2018,41.0,75.62,3100.42,0.0
2983,PART2984,battery,Audi,2014,54.0,290.55,15689.7,1.0
2984,PART2985,engine,BMW,2021,73.0,481.95,35182.35,
2985,PART2986,engine,Toyota,2012,94.0,393.24,36964.56,1.0
2986,PART2987,tire,Audi,2013,73.0,345.79,25242.670000000002,0.0
2987,PART2988,transmission,Volkswagen,2021,37.0,150.47,5567.39,0.0
2988,PART2989,suspension,Honda,2016,93.0,434.14,40375.02,0.0
2989,PART2990,engine,Audi,2000,68.0,126.48,8600.64,1.0
2990,PART2991,tire,BMW,2000,26.0,86.84,2257.84,0.0
2991,PART2992,tire,Audi,2021,21.0,159.36,3346.5600000000004,
2992,PART2993,suspension,Toyota,2008,11.0,197.01,2167.1099999999997,0.0
2993,PART2994,suspension,Honda,2017,13.0,51.19,665.47,
2994,PART2995,tire,Toyota,2002,66.0,207.73,13710.179999999998,1.0
2995,PART2996,tire,Mercedes,2009,80.0,334.25,26740.0,1.0
2996,PART2997,transmission,Honda,2013,96.0,84.99,8159.039999999999,0.0
2997,PART2998,brake,Ford,2009,16.0,254.05,4064.8,1.0
2998,PART2999,engine,Volkswagen,2012,12.0,211.12,2533.44,1.0
2999,PART3000,suspension,Toyota,2018,54.0,50.39,2721.06,0.0
3000,PART3001,suspension,Audi,2017,2.0,364.26,728.52,0.0
3001,PART3002,suspension,Honda,2019,90.0,469.33,42239.7,1.0
3002,PART3003,tire,Ford,2007,55.0,310.51,17078.05,0.0
3003,PART3004,transmission,Mercedes,2019,31.0,457.82,14192.42,
3004,PART3005,suspension,Mercedes,2003,62.0,277.8,17223.600000000002,1.0
3005,PART3006,suspension,Toyota,2014,94.0,371.52,34922.88,1.0
3006,PART3007,transmission,Honda,2006,38.0,311.59,11840.419999999998,1.0
3007,PART3008,tire,Honda,2004,85.0,317.03,26947.55,
3008,PART3009,brake,Ford,2000,53.0,476.95,25278.35,
3009,PART3010,brake,Mercedes,2013,21.0,257.48,5407.08,1.0
3010,PART3011,tire,Volkswagen,2005,63.0,417.8,26321.4,
3011,PART3012,battery,BMW,2016,82.0,323.04,26489.280000000002,1.0
3012,PART3013,transmission,Audi,2001,95.0,355.86,33806.700000000004,
3013,PART3014,suspension,Audi,2022,24.0,189.13,4539.12,
3014,PART3015,tire,BMW,2000,91.0,246.51,22432.41,0.0
3015,PART3016,transmission,Audi,2013,85.0,136.8,11628.000000000002,
3016,PART3017,engine,Mercedes,2003,19.0,429.63,8162.97,1.0
3017,PART3018,tire,Ford,2006,75.0,185.48,13911.0,0.0
3018,PART3019,suspension,Mercedes,2002,61.0,453.43,27659.23,1.0
3019,PART3020,brake,Mercedes,2014,38.0,389.22,14790.36,1.0
3020,PART3021,battery,Mercedes,2015,73.0,174.09,12708.57,0.0
3021,PART3022,transmission,Honda,2019,87.0,296.91,25831.170000000002,0.0
3022,PART3023,engine,Toyota,2013,71.0,273.73,19434.83,0.0
3023,PART3024,tire,Ford,2001,28.0,204.47,5725.16,
3024,PART3025,transmission,Toyota,2001,47.0,96.69,4544.43,0.0
3025,PART3026,suspension,BMW,2019,16.0,186.07,2977.12,
3026,PART3027,engine,Volkswagen,2006,6.0,81.96,491.76,0.0
3027,PART3028,battery,BMW,2007,55.0,246.6,13563.0,
3028,PART3029,tire,Honda,2021,98.0,60.01,5880.98,1.0
3029,PART3030,brake,BMW,2003,88.0,162.08,14263.04,1.0
3030,PART3031,battery,Honda,2016,78.0,259.78,20262.839999999997,
3031,PART3032,engine,Ford,2005,70.0,271.44,19000.8,0.0
3032,PART3033,tire,Toyota,2020,1.0,172.62,172.62,
3033,PART3034,brake,Volkswagen,2021,74.0,248.72,18405.28,0.0
3034,PART3035,brake,Honda,2022,97.0,469.77,45567.689999999995,0.0
3035,PART3036,engine,Honda,2007,25.0,327.64,8191.0,1.0
3036,PART3037,transmission,Honda,2006,33.0,138.56,4572.4800000000005,
3037,PART3038,suspension,Toyota,2002,99.0,68.58,6789.42,0.0
3038,PART3039,engine,Audi,2007,53.0,474.82,25165.46,
3039,PART3040,brake,Mercedes,2007,43.0,487.24,20951.32,1.0
3040,PART3041,brake,Mercedes,2018,55.0,307.72,16924.600000000002,
3041,PART3042,battery,Mercedes,2003,44.0,90.61,3986.84,0.0
3042,PART3043,brake,Ford,2014,27.0,112.62,3040.7400000000002,1.0
3043,PART3044,brake,BMW,2015,82.0,185.78,15233.960000000001,0.0
3044,PART3045,tire,Volkswagen,2000,8.0,461.79,3694.32,0.0
3045,PART3046,brake,Audi,2011,7.0,431.64,3021.48,
3046,PART3047,suspension,BMW,2016,29.0,369.05,10702.45,1.0
3047,PART3048,engine,Honda,2010,96.0,172.88,16596.48,1.0
3048,PART3049,battery,Honda,2018,33.0,231.0,7623.0,1.0
3049,PART3050,engine,Volkswagen,2022,93.0,364.25,33875.25,0.0
3050,PART3051,battery,Honda,2013,92.0,261.97,24101.24,0.0
3051,PART3052,suspension,Audi,2021,31.0,481.14,14915.34,0.0
3052,PART3053,brake,Volkswagen,2013,33.0,412.9,13625.699999999999,1.0
3053,PART3054,battery,Honda,2019,7.0,125.46,878.2199999999999,0.0
3054,PART3055,tire,Audi,2000,20.0,453.87,9077.4,1.0
3055,PART3056,engine,Audi,2014,83.0,172.22,14294.26,1.0
3056,PART3057,brake,Audi,2016,24.0,474.94,11398.56,0.0
3057,PART3058,suspension,Mercedes,2008,77.0,452.35,34830.950000000004,0.0
3058,PART3059,transmission,Ford,2000,61.0,196.19,11967.59,0.0
3059,PART3060,suspension,Mercedes,2018,85.0,95.33,8103.05,
3060,PART3061,transmission,Mercedes,2000,73.0,161.9,11818.7,1.0
3061,PART3062,transmission,Toyota,2011,24.0,338.83,8131.92,0.0
3062,PART3063,battery,Mercedes,2010,97.0,161.16,15632.52,1.0
3063,PART3064,brake,BMW,2007,80.0,441.56,35324.8,
3064,PART3065,engine,Volkswagen,2007,22.0,69.15,1521.3000000000002,0.0
3065,PART3066,transmission,Volkswagen,2016,99.0,329.77,32647.23,0.0
3066,PART3067,engine,Volkswagen,2006,20.0,417.35,8347.0,
3067,PART3068,engine,Mercedes,2016,79.0,495.46,39141.34,0.0
3068,PART3069,brake,Mercedes,2021,82.0,321.71,26380.219999999998,0.0
3069,PART3070,transmission,Ford,2022,20.0,118.71,2374.2,
3070,PART3071,brake,Volkswagen,2000,24.0,379.89,9117.36,1.0
3071,PART3072,engine,Honda,2011,50.0,177.33,8866.5,0.0
3072,PART3073,brake,Audi,2012,38.0,454.44,17268.72,
3073,PART3074,battery,Ford,2008,1.0,244.45,244.45,
3074,PART3075,brake,BMW,2022,30.0,292.83,8784.9,
3075,PART3076,suspension,Toyota,2003,29.0,475.85,13799.650000000001,
3076,PART3077,tire,Toyota,2018,39.0,329.95,12868.05,
3077,PART3078,brake,Ford,2007,81.0,153.41,12426.21,1.0
3078,PART3079,tire,Mercedes,2003,76.0,64.9,4932.400000000001,0.0
3079,PART3080,transmission,BMW,2004,24.0,454.06,10897.44,
3080,PART3081,transmission,Toyota,2011,74.0,484.82,35876.68,0.0
3081,PART3082,engine,Ford,2011,23.0,364.29,8378.67,1.0
3082,PART3083,tire,Ford,2022,14.0,341.22,4777.08,1.0
3083,PART3084,battery,Ford,2008,15.0,324.04,4860.6,
3084,PART3085,battery,Honda,2001,39.0,126.79,4944.81,
3085,PART3086,brake,Mercedes,2000,12.0,346.93,4163.16,1.0
3086,PART3087,engine,Volkswagen,2004,80.0,413.4,33072.0,0.0
3087,PART3088,brake,Toyota,2022,43.0,415.64,17872.52,0.0
3088,PART3089,engine,Audi,2007,84.0,370.43,31116.12,1.0
3089,PART3090,brake,Mercedes,2005,56.0,381.07,21339.92,0.0
3090,PART3091,battery,Ford,2009,96.0,56.29,5403.84,0.0
3091,PART3092,engine,Toyota,2011,88.0,358.37,31536.56,0.0
3092,PART3093,suspension,Ford,2008,5.0,325.5,1627.5,0.0
3093,PART3094,engine,Audi,2018,49.0,415.84,20376.16,1.0
3094,PART3095,transmission,Toyota,2004,63.0,363.62,22908.06,0.0
3095,PART3096,suspension,Ford,2000,27.0,426.23,11508.210000000001,
3096,PART3097,battery,Volkswagen,2009,29.0,333.86,9681.94,1.0
3097,PART3098,tire,Ford,2019,30.0,208.48,6254.4,
3098,PART3099,transmission,Ford,2010,74.0,436.12,32272.88,1.0
3099,PART3100,engine,Honda,2020,25.0,412.48,10312.0,1.0
3100,PART3101,brake,Toyota,2007,11.0,290.2,3192.2,
3101,PART3102,suspension,Audi,2017,70.0,310.63,21744.1,0.0
3102,PART3103,battery,Mercedes,2007,8.0,308.15,2465.2,1.0
3103,PART3104,suspension,Volkswagen,2016,76.0,472.05,35875.8,1.0
3104,PART3105,brake,BMW,2022,16.0,312.51,5000.16,
3105,PART3106,suspension,Ford,2010,50.0,423.65,21182.5,
3106,PART3107,suspension,Audi,2006,16.0,496.05,7936.8,1.0
3107,PART3108,brake,Honda,2012,51.0,289.46,14762.46,0.0
3108,PART3109,suspension,Honda,2002,16.0,195.2,3123.2,0.0
3109,PART3110,brake,Toyota,2006,66.0,356.82,23550.12,0.0
3110,PART3111,engine,Honda,2021,97.0,239.55,23236.350000000002,1.0
3111,PART3112,engine,Toyota,2014,87.0,298.02,25927.739999999998,1.0
3112,PART3113,engine,Honda,2000,30.0,270.2,8106.0,0.0
3113,PART3114,engine,BMW,2006,97.0,146.58,14218.260000000002,0.0
3114,PART3115,battery,Honda,2018,60.0,324.53,19471.8,
3115,PART3116,brake,BMW,2015,45.0,427.87,19254.15,0.0
3116,PART3117,engine,Volkswagen,2000,27.0,127.85,3451.95,1.0
3117,PART3118,brake,Mercedes,2021,21.0,67.17,1410.57,1.0
3118,PART3119,battery,Volkswagen,2016,6.0,310.93,1865.58,
3119,PART3120,battery,Volkswagen,2008,8.0,186.01,1488.08,1.0
3120,PART3121,tire,Ford,2018,53.0,232.11,12301.83,
3121,PART3122,tire,BMW,2022,7.0,105.27,736.89,0.0
3122,PART3123,brake,Mercedes,2010,63.0,496.49,31278.87,1.0
3123,PART3124,brake,Honda,2008,58.0,297.87,17276.46,1.0
3124,PART3125,battery,Ford,2015,69.0,418.86,28901.34,0.0
3125,PART3126,transmission,Volkswagen,2021,57.0,453.94,25874.579999999998,0.0
3126,PART3127,transmission,Ford,2006,60.0,101.08,6064.8,
3127,PART3128,tire,Honda,2022,79.0,170.17,13443.429999999998,0.0
3128,PART3129,tire,BMW,2010,78.0,78.02,6085.5599999999995,
3129,PART3130,tire,Toyota,2009,53.0,107.73,5709.6900000000005,0.0
3130,PART3131,brake,BMW,2012,89.0,332.85,29623.65,
3131,PART3132,tire,Honda,2017,37.0,310.95,11505.15,0.0
3132,PART3133,engine,BMW,2012,66.0,136.72,9023.52,0.0
3133,PART3134,suspension,Volkswagen,2020,95.0,352.28,33466.6,0.0
3134,PART3135,tire,Toyota,2015,15.0,84.49,1267.35,1.0
3135,PART3136,battery,Toyota,2021,53.0,235.62,12487.86,0.0
3136,PART3137,engine,Mercedes,2017,65.0,291.19,18927.35,
3137,PART3138,brake,Audi,2008,72.0,121.01,8712.720000000001,1.0
3138,PART3139,suspension,Toyota,2010,74.0,374.55,27716.7,
3139,PART3140,battery,Honda,2004,80.0,67.04,5363.200000000001,
3140,PART3141,transmission,Toyota,2017,47.0,398.89,18747.829999999998,1.0
3141,PART3142,transmission,BMW,2014,44.0,105.6,4646.4,1.0
3142,PART3143,suspension,Ford,2011,34.0,356.35,12115.900000000001,0.0
3143,PART3144,suspension,Mercedes,2020,58.0,385.63,22366.54,1.0
3144,PART3145,tire,Honda,2013,48.0,58.09,2788.32,1.0
3145,PART3146,engine,Toyota,2017,1.0,359.8,359.8,0.0
3146,PART3147,transmission,Ford,2006,4.0,291.72,1166.88,
3147,PART3148,suspension,Honda,2019,99.0,327.92,32464.08,0.0
3148,PART3149,transmission,BMW,2021,96.0,373.99,35903.04,0.0
3149,PART3150,brake,Volkswagen,2004,21.0,279.81,5876.01,0.0
3150,PART3151,suspension,Mercedes,2004,61.0,217.6,13273.6,1.0
3151,PART3152,transmission,Volkswagen,2000,77.0,498.2,38361.4,1.0
3152,PART3153,engine,Mercedes,2012,15.0,288.61,4329.150000000001,0.0
3153,PART3154,engine,Toyota,2003,57.0,121.57,6929.49,1.0
3154,PART3155,brake,Ford,2010,73.0,244.34,17836.82,0.0
3155,PART3156,brake,Ford,2013,89.0,132.29,11773.81,0.0
3156,PART3157,brake,Honda,2000,45.0,108.18,4868.1,
3157,PART3158,brake,Ford,2012,64.0,132.15,8457.6,1.0
3158,PART3159,suspension,Ford,2002,14.0,142.29,1992.06,1.0
3159,PART3160,battery,Honda,2015,52.0,123.1,6401.2,0.0
3160,PART3161,brake,Volkswagen,2004,31.0,183.72,5695.32,
3161,PART3162,transmission,Audi,2002,79.0,340.41,26892.390000000003,1.0
3162,PART3163,transmission,Volkswagen,2015,87.0,116.59,10143.33,
3163,PART3164,tire,Ford,2012,75.0,166.23,12467.25,1.0
3164,PART3165,transmission,Volkswagen,2019,82.0,60.12,4929.84,
3165,PART3166,transmission,Audi,2009,8.0,314.61,2516.88,0.0
3166,PART3167,brake,BMW,2016,16.0,199.86,3197.76,
3167,PART3168,brake,Ford,2004,96.0,279.74,26855.04,1.0
3168,PART3169,brake,Honda,2017,86.0,133.06,11443.16,0.0
3169,PART3170,engine,Volkswagen,2007,55.0,87.51,4813.05,0.0
3170,PART3171,suspension,Toyota,2016,11.0,474.31,5217.41,0.0
3171,PART3172,transmission,Volkswagen,2000,21.0,365.29,7671.09,1.0
3172,PART3173,brake,Audi,2013,14.0,364.89,5108.46,0.0
3173,PART3174,brake,Toyota,2003,78.0,204.28,15933.84,1.0
3174,PART3175,battery,Mercedes,2002,76.0,312.27,23732.519999999997,1.0
3175,PART3176,engine,Volkswagen,2010,45.0,76.97,3463.65,0.0
3176,PART3177,transmission,Ford,2011,77.0,132.11,10172.470000000001,
3177,PART3178,battery,Toyota,2002,24.0,233.48,5603.5199999999995,
3178,PART3179,suspension,Honda,2021,56.0,470.5,26348.0,0.0
3179,PART3180,suspension,Honda,2002,64.0,174.75,11184.0,
3180,PART3181,suspension,Ford,2015,34.0,248.03,8433.02,
3181,PART3182,battery,Ford,2009,86.0,408.45,35126.7,
3182,PART3183,engine,BMW,2014,12.0,156.42,1877.04,
3183,PART3184,engine,Toyota,2001,67.0,168.36,11280.12,0.0
3184,PART3185,suspension,Audi,2007,47.0,392.4,18442.8,
3185,PART3186,brake,Ford,2014,70.0,95.26,6668.200000000001,
3186,PART3187,transmission,Mercedes,2012,35.0,493.95,17288.25,0.0
3187,PART3188,tire,Mercedes,2012,80.0,204.34,16347.2,
3188,PART3189,tire,Ford,2021,10.0,211.47,2114.7,1.0
3189,PART3190,suspension,BMW,2002,87.0,68.9,5994.3,0.0
3190,PART3191,tire,Honda,2006,34.0,81.06,2756.04,0.0
3191,PART3192,battery,BMW,2003,44.0,422.91,18608.04,0.0
3192,PART3193,transmission,Volkswagen,2015,9.0,247.04,2223.36,0.0
3193,PART3194,battery,Audi,2004,54.0,425.44,22973.76,
3194,PART3195,tire,Mercedes,2009,57.0,425.77,24268.89,
3195,PART3196,engine,Mercedes,2004,79.0,90.56,7154.24,
3196,PART3197,engine,Audi,2004,39.0,97.72,3811.08,0.0
3197,PART3198,engine,Ford,2007,74.0,213.19,15776.06,1.0
3198,PART3199,battery,BMW,2018,55.0,231.53,12734.15,1.0
3199,PART3200,engine,BMW,2011,34.0,431.34,14665.56,
3200,PART3201,brake,Toyota,2000,6.0,298.06,1788.3600000000001,0.0
3201,PART3202,battery,Ford,2007,3.0,390.0,1170.0,0.0
3202,PART3203,suspension,Toyota,2008,58.0,364.77,21156.66,0.0
3203,PART3204,battery,Toyota,2009,14.0,302.04,4228.56,
3204,PART3205,brake,Toyota,2004,22.0,351.43,7731.46,
3205,PART3206,transmission,Volkswagen,2001,64.0,480.65,30761.6,
3206,PART3207,engine,Volkswagen,2019,21.0,465.73,9780.33,
3207,PART3208,tire,Toyota,2006,1.0,198.85,198.85,
3208,PART3209,transmission,Toyota,2015,23.0,227.15,5224.45,0.0
3209,PART3210,transmission,Ford,2009,75.0,269.43,20207.25,1.0
3210,PART3211,engine,Volkswagen,2004,89.0,419.63,37347.07,
3211,PART3212,engine,Audi,2009,12.0,230.41,2764.92,0.0
3212,PART3213,engine,Toyota,2009,83.0,329.77,27370.91,
3213,PART3214,engine,Mercedes,2022,23.0,86.64,1992.72,
3214,PART3215,battery,Volkswagen,2012,30.0,278.46,8353.8,1.0
3215,PART3216,suspension,Audi,2009,45.0,336.62,15147.9,0.0
3216,PART3217,brake,Volkswagen,2004,72.0,120.96,8709.119999999999,1.0
3217,PART3218,brake,BMW,2001,59.0,80.51,4750.09,1.0
3218,PART3219,battery,Audi,2011,39.0,432.57,16870.23,
3219,PART3220,suspension,BMW,2008,78.0,365.98,28546.440000000002,
3220,PART3221,tire,Mercedes,2016,53.0,76.61,4060.33,1.0
3221,PART3222,battery,Honda,2014,31.0,326.28,10114.679999999998,1.0
3222,PART3223,battery,Volkswagen,2021,36.0,439.45,15820.199999999999,1.0
3223,PART3224,engine,Ford,2013,29.0,257.16,7457.64,
3224,PART3225,tire,BMW,2003,33.0,256.84,8475.72,0.0
3225,PART3226,tire,Toyota,2008,85.0,203.35,17284.75,1.0
3226,PART3227,tire,Mercedes,2020,60.0,125.05,7503.0,
3227,PART3228,battery,Honda,2011,31.0,56.5,1751.5,
3228,PART3229,transmission,Toyota,2009,89.0,287.42,25580.38,1.0
3229,PART3230,tire,Honda,2015,90.0,378.77,34089.299999999996,
3230,PART3231,engine,Toyota,2016,2.0,69.48,138.96,0.0
3231,PART3232,brake,Honda,2000,92.0,64.67,5949.64,0.0
3232,PART3233,battery,Volkswagen,2019,40.0,245.96,9838.4,1.0
3233,PART3234,brake,Audi,2002,48.0,482.89,23178.72,1.0
3234,PART3235,brake,Mercedes,2021,45.0,457.29,20578.05,
3235,PART3236,tire,Mercedes,2011,72.0,385.49,27755.28,0.0
3236,PART3237,transmission,Audi,2000,9.0,383.37,3450.33,
3237,PART3238,battery,Toyota,2018,10.0,451.21,4512.099999999999,0.0
3238,PART3239,brake,Honda,2012,59.0,270.32,15948.88,1.0
3239,PART3240,brake,Audi,2000,23.0,184.24,4237.52,0.0
3240,PART3241,transmission,Toyota,2000,97.0,115.5,11203.5,0.0
3241,PART3242,brake,BMW,2019,66.0,152.28,10050.48,1.0
3242,PART3243,battery,Mercedes,2022,71.0,397.63,28231.73,1.0
3243,PART3244,brake,Ford,2001,76.0,321.07,24401.32,
3244,PART3245,suspension,Honda,2021,54.0,332.07,17931.78,0.0
3245,PART3246,transmission,Audi,2012,82.0,362.16,29697.120000000003,
3246,PART3247,brake,BMW,2007,83.0,162.05,13450.150000000001,0.0
3247,PART3248,tire,BMW,2021,5.0,278.15,1390.75,0.0
3248,PART3249,brake,Volkswagen,2016,56.0,366.7,20535.2,
3249,PART3250,brake,Toyota,2003,58.0,391.34,22697.719999999998,1.0
3250,PART3251,suspension,Audi,2017,13.0,252.66,3284.58,
3251,PART3252,tire,Mercedes,2013,73.0,245.7,17936.1,0.0
3252,PART3253,battery,Toyota,2005,81.0,296.76,24037.559999999998,1.0
3253,PART3254,brake,Audi,2010,97.0,392.57,38079.29,
3254,PART3255,engine,Honda,2008,70.0,248.76,17413.2,
3255,PART3256,brake,BMW,2018,46.0,188.57,8674.22,
3256,PART3257,engine,Ford,2000,47.0,191.25,8988.75,1.0
3257,PART3258,battery,Audi,2003,69.0,469.33,32383.77,
3258,PART3259,engine,Mercedes,2012,82.0,238.72,19575.04,
3259,PART3260,engine,Volkswagen,2020,67.0,175.02,11726.34,0.0
3260,PART3261,engine,Volkswagen,2013,7.0,76.96,538.7199999999999,0.0
3261,PART3262,suspension,Honda,2012,5.0,248.95,1244.75,0.0
3262,PART3263,battery,Ford,2012,25.0,220.63,5515.75,1.0
3263,PART3264,tire,BMW,2015,1.0,147.63,147.63,0.0
3264,PART3265,battery,Mercedes,2008,14.0,171.15,2396.1,0.0
3265,PART3266,tire,BMW,2006,54.0,140.35,7578.9,0.0
3266,PART3267,tire,Toyota,2011,2.0,169.29,338.58,
3267,PART3268,brake,Honda,2010,98.0,246.09,24116.82,
3268,PART3269,suspension,Toyota,2002,65.0,395.7,25720.5,
3269,PART3270,brake,BMW,2011,80.0,204.47,16357.6,
3270,PART3271,brake,Mercedes,2020,71.0,216.51,15372.21,
3271,PART3272,transmission,Mercedes,2007,59.0,180.42,10644.779999999999,0.0
3272,PART3273,brake,Honda,2007,82.0,498.67,40890.94,1.0
3273,PART3274,battery,BMW,2009,97.0,203.48,19737.559999999998,0.0
3274,PART3275,engine,Honda,2017,32.0,316.77,10136.64,1.0
3275,PART3276,engine,Mercedes,2007,70.0,288.57,20199.899999999998,0.0
3276,PART3277,transmission,Volkswagen,2020,82.0,237.08,19440.56,
3277,PART3278,transmission,Honda,2011,49.0,81.91,4013.5899999999997,
3278,PART3279,battery,Mercedes,2007,17.0,464.48,7896.16,0.0
3279,PART3280,suspension,Volkswagen,2020,68.0,439.75,29903.0,0.0
3280,PART3281,suspension,Honda,2000,75.0,126.17,9462.75,1.0
3281,PART3282,brake,Honda,2013,75.0,178.65,13398.75,1.0
3282,PART3283,suspension,Toyota,2009,21.0,350.35,7357.35,
3283,PART3284,brake,Audi,2014,10.0,445.36,4453.6,1.0
3284,PART3285,transmission,Toyota,2012,36.0,477.03,17173.079999999998,0.0
3285,PART3286,transmission,BMW,2005,92.0,52.55,4834.599999999999,
3286,PART3287,tire,Toyota,2017,23.0,316.54,7280.42,0.0
3287,PART3288,transmission,Mercedes,2019,91.0,456.21,41515.11,0.0
3288,PART3289,engine,Honda,2005,19.0,405.93,7712.67,
3289,PART3290,transmission,Honda,2018,23.0,62.12,1428.76,0.0
3290,PART3291,engine,Mercedes,2004,85.0,482.62,41022.7,0.0
3291,PART3292,tire,Ford,2014,37.0,417.9,15462.3,
3292,PART3293,battery,Ford,2012,56.0,499.33,27962.48,0.0
3293,PART3294,brake,Ford,2021,61.0,330.31,20148.91,1.0
3294,PART3295,brake,Volkswagen,2012,36.0,439.29,15814.44,0.0
3295,PART3296,tire,BMW,2007,19.0,206.05,3914.9500000000003,
3296,PART3297,suspension,BMW,2018,1.0,51.68,51.68,0.0
3297,PART3298,battery,Volkswagen,2005,52.0,120.14,6247.28,
3298,PART3299,suspension,BMW,2013,93.0,252.14,23449.02,
3299,PART3300,engine,BMW,2013,23.0,280.05,6441.150000000001,
3300,PART3301,engine,Toyota,2007,45.0,149.72,6737.4,1.0
3301,PART3302,engine,Ford,2014,78.0,329.15,25673.699999999997,
3302,PART3303,engine,Mercedes,2008,67.0,274.11,18365.370000000003,1.0
3303,PART3304,engine,Honda,2009,30.0,318.89,9566.699999999999,0.0
3304,PART3305,transmission,BMW,2006,80.0,447.49,35799.2,1.0
3305,PART3306,tire,BMW,2018,16.0,414.28,6628.48,1.0
3306,PART3307,transmission,Toyota,2013,2.0,190.48,380.96,1.0
3307,PART3308,brake,BMW,2010,57.0,371.76,21190.32,
3308,PART3309,tire,Audi,2022,43.0,427.45,18380.35,
3309,PART3310,engine,Honda,2013,82.0,51.75,4243.5,0.0
3310,PART3311,transmission,Audi,2004,34.0,477.78,16244.519999999999,0.0
3311,PART3312,engine,BMW,2009,38.0,297.14,11291.32,1.0
3312,PART3313,transmission,Volkswagen,2012,98.0,490.29,48048.420000000006,0.0
3313,PART3314,brake,BMW,2012,44.0,337.61,14854.84,
3314,PART3315,engine,Ford,2013,40.0,224.43,8977.2,0.0
3315,PART3316,suspension,BMW,2014,95.0,202.92,19277.399999999998,0.0
3316,PART3317,transmission,Ford,2020,36.0,204.2,7351.2,0.0
3317,PART3318,tire,Honda,2009,73.0,316.76,23123.48,1.0
3318,PART3319,battery,Ford,2001,44.0,298.72,13143.68,0.0
3319,PART3320,transmission,BMW,2016,65.0,224.28,14578.2,0.0
3320,PART3321,brake,BMW,2022,4.0,84.21,336.84,1.0
3321,PART3322,transmission,Volkswagen,2021,75.0,209.16,15687.0,0.0
3322,PART3323,brake,Ford,2021,82.0,425.98,34930.36,1.0
3323,PART3324,transmission,Ford,2003,73.0,388.01,28324.73,1.0
3324,PART3325,battery,Honda,2013,92.0,369.58,34001.36,0.0
3325,PART3326,tire,Mercedes,2002,76.0,384.57,29227.32,1.0
3326,PART3327,suspension,Honda,2000,56.0,305.36,17100.16,1.0
3327,PART3328,transmission,Audi,2021,25.0,242.29,6057.25,
3328,PART3329,battery,Toyota,2003,24.0,481.41,11553.84,1.0
3329,PART3330,tire,Honda,2021,71.0,294.89,20937.19,1.0
3330,PART3331,tire,Mercedes,2002,1.0,65.89,65.89,0.0
3331,PART3332,tire,Honda,2012,50.0,152.92,7645.999999999999,1.0
3332,PART3333,battery,Mercedes,2019,25.0,154.2,3854.9999999999995,0.0
3333,PART3334,suspension,Toyota,2018,84.0,156.09,13111.56,
3334,PART3335,transmission,Audi,2015,34.0,339.16,11531.44,0.0
3335,PART3336,engine,Toyota,2009,64.0,370.36,23703.04,
3336,PART3337,battery,Volkswagen,2020,58.0,483.12,28020.96,0.0
3337,PART3338,transmission,Volkswagen,2001,82.0,313.2,25682.399999999998,1.0
3338,PART3339,transmission,Ford,2020,53.0,373.83,19812.989999999998,1.0
3339,PART3340,transmission,Audi,2016,40.0,310.23,12409.2,1.0
3340,PART3341,battery,Toyota,2008,80.0,349.93,27994.4,0.0
3341,PART3342,suspension,Mercedes,2014,62.0,352.14,21832.68,0.0
3342,PART3343,brake,Mercedes,2008,82.0,483.16,39619.12,1.0
3343,PART3344,transmission,Honda,2001,1.0,251.43,251.43,
3344,PART3345,brake,Volkswagen,2001,26.0,107.36,2791.36,1.0
3345,PART3346,transmission,Audi,2002,29.0,378.23,10968.67,
3346,PART3347,engine,Honda,2014,56.0,350.61,19634.16,
3347,PART3348,engine,Ford,2015,14.0,81.49,1140.86,1.0
3348,PART3349,suspension,Audi,2017,61.0,155.74,9500.140000000001,
3349,PART3350,tire,Mercedes,2021,6.0,499.41,2996.46,1.0
3350,PART3351,tire,Audi,2021,51.0,413.62,21094.62,1.0
3351,PART3352,engine,Volkswagen,2014,75.0,468.49,35136.75,0.0
3352,PART3353,suspension,Honda,2002,46.0,350.64,16129.439999999999,0.0
3353,PART3354,engine,Honda,2005,81.0,111.03,8993.43,
3354,PART3355,transmission,Toyota,2005,37.0,230.82,8540.34,0.0
3355,PART3356,tire,Honda,2017,70.0,341.0,23870.0,0.0
3356,PART3357,tire,Toyota,2010,34.0,80.68,2743.1200000000003,0.0
3357,PART3358,transmission,Audi,2016,71.0,339.44,24100.24,1.0
3358,PART3359,tire,BMW,2017,26.0,387.29,10069.54,1.0
3359,PART3360,engine,Mercedes,2005,77.0,128.13,9866.01,0.0
3360,PART3361,tire,Mercedes,2021,24.0,281.32,6751.68,0.0
3361,PART3362,transmission,Toyota,2005,36.0,241.11,8679.960000000001,1.0
3362,PART3363,engine,Mercedes,2015,48.0,428.18,20552.64,1.0
3363,PART3364,engine,Toyota,2010,1.0,314.2,314.2,1.0
3364,PART3365,brake,Toyota,2018,9.0,83.99,755.91,
3365,PART3366,transmission,Toyota,2021,37.0,380.57,14081.09,
3366,PART3367,brake,Mercedes,2011,94.0,356.46,33507.24,1.0
3367,PART3368,transmission,Volkswagen,2001,99.0,416.56,41239.44,1.0
3368,PART3369,battery,Honda,2002,78.0,182.9,14266.2,0.0
3369,PART3370,tire,Ford,2022,66.0,400.39,26425.739999999998,
3370,PART3371,brake,Toyota,2014,13.0,383.15,4980.95,1.0
3371,PART3372,brake,Mercedes,2011,8.0,321.51,2572.08,1.0
3372,PART3373,tire,Ford,2009,93.0,249.88,23238.84,1.0
3373,PART3374,transmission,Audi,2022,8.0,132.13,1057.04,0.0
3374,PART3375,suspension,Mercedes,2020,2.0,142.17,284.34,0.0
3375,PART3376,battery,Audi,2005,88.0,468.3,41210.4,1.0
3376,PART3377,transmission,Mercedes,2008,87.0,275.58,23975.46,0.0
3377,PART3378,engine,BMW,2021,24.0,167.98,4031.5199999999995,0.0
3378,PART3379,brake,BMW,2018,65.0,197.12,12812.800000000001,1.0
3379,PART3380,tire,BMW,2015,99.0,478.23,47344.770000000004,0.0
3380,PART3381,suspension,Toyota,2000,79.0,481.5,38038.5,1.0
3381,PART3382,brake,Audi,2001,6.0,393.5,2361.0,1.0
3382,PART3383,brake,Volkswagen,2018,85.0,196.76,16724.6,1.0
3383,PART3384,engine,BMW,2017,9.0,114.54,1030.8600000000001,1.0
3384,PART3385,tire,Honda,2013,3.0,219.19,657.5699999999999,
3385,PART3386,suspension,Honda,2002,29.0,349.19,10126.51,1.0
3386,PART3387,battery,Toyota,2005,79.0,58.58,4627.82,0.0
3387,PART3388,brake,Volkswagen,2010,15.0,261.87,3928.05,1.0
3388,PART3389,suspension,Volkswagen,2012,97.0,479.14,46476.58,0.0
3389,PART3390,brake,Toyota,2013,44.0,147.3,6481.200000000001,
3390,PART3391,engine,BMW,2019,29.0,231.15,6703.35,0.0
3391,PART3392,engine,Audi,2002,22.0,262.16,5767.52,
3392,PART3393,engine,Toyota,2012,96.0,438.24,42071.04,0.0
3393,PART3394,transmission,Toyota,2004,16.0,203.0,3248.0,0.0
3394,PART3395,suspension,Ford,2002,92.0,138.94,12782.48,0.0
3395,PART3396,engine,BMW,2021,32.0,204.58,6546.56,
3396,PART3397,suspension,Mercedes,2018,22.0,203.46,4476.12,0.0
3397,PART3398,engine,Honda,2005,42.0,82.05,3446.1,
3398,PART3399,brake,Honda,2009,73.0,182.16,13297.68,0.0
3399,PART3400,engine,Toyota,2000,55.0,399.13,21952.15,0.0
3400,PART3401,tire,Audi,2014,46.0,136.27,6268.42,0.0
3401,PART3402,tire,Honda,2020,89.0,408.85,36387.65,0.0
3402,PART3403,battery,Ford,2002,52.0,181.79,9453.08,
3403,PART3404,transmission,Mercedes,2008,13.0,447.43,5816.59,1.0
3404,PART3405,transmission,BMW,2000,41.0,78.89,3234.4900000000002,0.0
3405,PART3406,brake,Honda,2017,43.0,426.74,18349.82,
3406,PART3407,transmission,Toyota,2009,65.0,68.54,4455.1,
3407,PART3408,brake,BMW,2005,5.0,485.66,2428.3,0.0
3408,PART3409,brake,Ford,2001,5.0,139.6,698.0,
3409,PART3410,engine,Volkswagen,2016,40.0,491.86,19674.4,0.0
3410,PART3411,engine,Toyota,2007,92.0,294.52,27095.839999999997,
3411,PART3412,suspension,Volkswagen,2015,48.0,456.6,21916.800000000003,
3412,PART3413,transmission,Audi,2011,12.0,227.73,2732.7599999999998,1.0
3413,PART3414,engine,Mercedes,2000,15.0,235.15,3527.25,0.0
3414,PART3415,suspension,Honda,2011,43.0,318.11,13678.730000000001,0.0
3415,PART3416,transmission,Ford,2010,68.0,320.35,21783.800000000003,0.0
3416,PART3417,engine,Volkswagen,2003,70.0,425.48,29783.600000000002,0.0
3417,PART3418,battery,Mercedes,2016,20.0,99.04,1980.8000000000002,0.0
3418,PART3419,engine,BMW,2018,82.0,292.73,24003.86,
3419,PART3420,battery,Honda,2014,75.0,393.63,29522.25,0.0
3420,PART3421,tire,BMW,2006,86.0,337.21,29000.059999999998,
3421,PART3422,transmission,Toyota,2020,34.0,288.4,9805.599999999999,0.0
3422,PART3423,tire,BMW,2010,25.0,144.26,3606.5,
3423,PART3424,brake,Audi,2014,80.0,389.42,31153.600000000002,1.0
3424,PART3425,battery,Volkswagen,2020,42.0,346.39,14548.38,0.0
3425,PART3426,engine,Audi,2016,48.0,470.8,22598.4,1.0
3426,PART3427,transmission,Mercedes,2011,27.0,197.94,5344.38,
3427,PART3428,transmission,Toyota,2009,31.0,80.26,2488.06,1.0
3428,PART3429,brake,BMW,2018,54.0,336.55,18173.7,1.0
3429,PART3430,brake,Toyota,2009,73.0,296.0,21608.0,0.0
3430,PART3431,suspension,Audi,2003,30.0,497.3,14919.0,0.0
3431,PART3432,suspension,Mercedes,2008,29.0,286.49,8308.210000000001,
3432,PART3433,engine,Honda,2013,62.0,377.96,23433.52,1.0
3433,PART3434,transmission,Mercedes,2019,46.0,218.81,10065.26,1.0
3434,PART3435,battery,Honda,2019,46.0,370.66,17050.36,0.0
3435,PART3436,suspension,Mercedes,2016,12.0,246.27,2955.2400000000002,1.0
3436,PART3437,engine,Mercedes,2018,83.0,195.92,16261.359999999999,
3437,PART3438,transmission,Ford,2005,26.0,82.34,2140.84,1.0
3438,PART3439,tire,Honda,2021,28.0,228.41,6395.48,0.0
3439,PART3440,brake,BMW,2009,3.0,84.29,252.87,1.0
3440,PART3441,battery,Volkswagen,2001,35.0,202.57,7089.95,1.0
3441,PART3442,battery,Honda,2003,83.0,309.58,25695.14,
3442,PART3443,transmission,Audi,2000,91.0,424.38,38618.58,
3443,PART3444,brake,Ford,2013,48.0,287.05,13778.400000000001,
3444,PART3445,transmission,Audi,2010,75.0,483.75,36281.25,1.0
3445,PART3446,battery,Audi,2020,58.0,165.98,9626.84,0.0
3446,PART3447,battery,Audi,2001,63.0,256.42,16154.460000000001,1.0
3447,PART3448,brake,Mercedes,2012,76.0,368.94,28039.44,1.0
3448,PART3449,transmission,Ford,2010,77.0,336.9,25941.3,1.0
3449,PART3450,engine,Honda,2021,34.0,408.38,13884.92,1.0
3450,PART3451,battery,Honda,2019,82.0,190.77,15643.140000000001,1.0
3451,PART3452,engine,Audi,2008,1.0,333.79,333.79,0.0
3452,PART3453,battery,Ford,2017,27.0,139.17,3757.5899999999997,
3453,PART3454,engine,Toyota,2009,49.0,368.2,18041.8,
3454,PART3455,transmission,Volkswagen,2002,73.0,480.82,35099.86,
3455,PART3456,suspension,Toyota,2005,49.0,80.64,3951.36,0.0
3456,PART3457,transmission,Audi,2008,56.0,190.79,10684.24,1.0
3457,PART3458,suspension,Honda,2006,33.0,457.75,15105.75,1.0
3458,PART3459,suspension,Volkswagen,2022,61.0,184.1,11230.1,
3459,PART3460,suspension,Volkswagen,2012,2.0,169.03,338.06,1.0
3460,PART3461,transmission,Honda,2020,38.0,80.1,3043.7999999999997,1.0
3461,PART3462,suspension,Volkswagen,2010,43.0,288.56,12408.08,
3462,PART3463,brake,Toyota,2012,53.0,100.27,5314.3099999999995,0.0
3463,PART3464,suspension,Honda,2022,50.0,309.05,15452.5,0.0
3464,PART3465,battery,Honda,2000,73.0,439.12,32055.760000000002,
3465,PART3466,engine,Mercedes,2014,13.0,71.24,926.1199999999999,1.0
3466,PART3467,battery,Audi,2005,64.0,160.98,10302.72,0.0
3467,PART3468,transmission,Mercedes,2002,1.0,472.48,472.48,0.0
3468,PART3469,brake,Volkswagen,2003,2.0,434.97,869.94,1.0
3469,PART3470,brake,Volkswagen,2015,32.0,211.95,6782.4,1.0
3470,PART3471,engine,Volkswagen,2010,32.0,274.51,8784.32,
3471,PART3472,suspension,Toyota,2015,67.0,305.39,20461.129999999997,
3472,PART3473,transmission,Honda,2018,89.0,357.64,31829.96,1.0
3473,PART3474,suspension,Volkswagen,2022,39.0,59.31,2313.09,
3474,PART3475,brake,Honda,2013,94.0,204.66,19238.04,1.0
3475,PART3476,suspension,Mercedes,2002,3.0,326.66,979.98,1.0
3476,PART3477,brake,BMW,2011,6.0,50.78,304.68,1.0
3477,PART3478,tire,Honda,2005,61.0,499.57,30473.77,1.0
3478,PART3479,suspension,BMW,2021,9.0,174.8,1573.2,0.0
3479,PART3480,tire,BMW,2022,89.0,460.81,41012.090000000004,
3480,PART3481,engine,Honda,2020,53.0,453.25,24022.25,0.0
3481,PART3482,battery,BMW,2008,36.0,117.57,4232.5199999999995,0.0
3482,PART3483,battery,Toyota,2012,97.0,380.36,36894.92,
3483,PART3484,brake,Honda,2020,33.0,473.63,15629.789999999999,1.0
3484,PART3485,tire,Volkswagen,2004,61.0,432.07,26356.27,
3485,PART3486,brake,BMW,2021,94.0,291.95,27443.3,0.0
3486,PART3487,brake,BMW,2006,73.0,397.39,29009.469999999998,1.0
3487,PART3488,battery,Volkswagen,2019,30.0,139.08,4172.400000000001,0.0
3488,PART3489,engine,Ford,2003,40.0,408.08,16323.199999999999,
3489,PART3490,tire,Toyota,2009,95.0,78.85,7490.749999999999,
3490,PART3491,brake,Honda,2018,88.0,51.03,4490.64,0.0
3491,PART3492,transmission,BMW,2001,52.0,444.04,23090.08,0.0
3492,PART3493,transmission,Volkswagen,2016,49.0,480.45,23542.05,0.0
3493,PART3494,transmission,Audi,2018,19.0,226.27,4299.13,1.0
3494,PART3495,transmission,Volkswagen,2002,79.0,479.09,37848.11,0.0
3495,PART3496,suspension,Mercedes,2016,27.0,75.89,2049.03,
3496,PART3497,engine,Ford,2000,20.0,234.83,4696.6,1.0
3497,PART3498,brake,Volkswagen,2022,11.0,485.54,5340.9400000000005,
3498,PART3499,engine,Toyota,2002,54.0,310.73,16779.420000000002,0.0
3499,PART3500,transmission,Mercedes,2021,59.0,217.99,12861.41,1.0
3500,PART3501,engine,Volkswagen,2020,87.0,67.61,5882.07,
3501,PART3502,transmission,BMW,2018,24.0,373.06,8953.44,
3502,PART3503,battery,Toyota,2006,21.0,301.92,6340.320000000001,1.0
3503,PART3504,battery,Mercedes,2013,62.0,457.8,28383.600000000002,
3504,PART3505,engine,Mercedes,2018,32.0,258.91,8285.12,0.0
3505,PART3506,engine,Mercedes,2006,48.0,428.72,20578.56,
3506,PART3507,engine,Ford,2008,92.0,318.34,29287.28,
3507,PART3508,brake,Mercedes,2001,83.0,208.51,17306.329999999998,0.0
3508,PART3509,brake,Audi,2017,14.0,329.8,4617.2,1.0
3509,PART3510,tire,Audi,2004,76.0,479.59,36448.84,0.0
3510,PART3511,engine,Honda,2022,78.0,375.2,29265.6,
3511,PART3512,tire,BMW,2016,31.0,227.32,7046.92,0.0
3512,PART3513,battery,Ford,2014,87.0,414.34,36047.579999999994,1.0
3513,PART3514,transmission,Mercedes,2018,76.0,406.13,30865.88,0.0
3514,PART3515,brake,Mercedes,2020,68.0,260.59,17720.12,0.0
3515,PART3516,suspension,Ford,2001,96.0,180.82,17358.72,
3516,PART3517,battery,Volkswagen,2019,52.0,423.77,22036.04,1.0
3517,PART3518,engine,Toyota,2010,98.0,172.99,16953.02,1.0
3518,PART3519,engine,BMW,2018,48.0,350.98,16847.04,1.0
3519,PART3520,suspension,Audi,2019,10.0,273.62,2736.2,1.0
3520,PART3521,brake,Toyota,2021,7.0,209.79,1468.53,
3521,PART3522,transmission,Honda,2009,68.0,357.68,24322.24,
3522,PART3523,brake,Audi,2021,81.0,84.62,6854.22,0.0
3523,PART3524,transmission,Honda,2006,99.0,253.7,25116.3,
3524,PART3525,suspension,Toyota,2004,17.0,496.23,8435.91,1.0
3525,PART3526,tire,Mercedes,2004,99.0,245.21,24275.79,
3526,PART3527,suspension,Toyota,2004,3.0,486.42,1459.26,
3527,PART3528,brake,Honda,2019,48.0,103.52,4968.96,
3528,PART3529,suspension,Honda,2004,20.0,202.34,4046.8,
3529,PART3530,transmission,Honda,2001,7.0,401.63,2811.41,
3530,PART3531,transmission,BMW,2013,27.0,200.62,5416.74,1.0
3531,PART3532,tire,BMW,2017,99.0,374.39,37064.61,0.0
3532,PART3533,tire,Volkswagen,2000,94.0,86.02,8085.879999999999,0.0
3533,PART3534,transmission,Ford,2008,36.0,305.76,11007.36,0.0
3534,PART3535,engine,Honda,2001,40.0,304.51,12180.4,
3535,PART3536,engine,Honda,2004,68.0,154.33,10494.44,0.0
3536,PART3537,transmission,Toyota,2003,28.0,174.73,4892.44,0.0
3537,PART3538,brake,Ford,2006,25.0,428.2,10705.0,
3538,PART3539,engine,Toyota,2004,79.0,212.64,16798.559999999998,0.0
3539,PART3540,battery,Mercedes,2010,29.0,197.44,5725.76,0.0
3540,PART3541,brake,Mercedes,2002,84.0,272.97,22929.480000000003,
3541,PART3542,suspension,Honda,2001,3.0,265.38,796.14,0.0
3542,PART3543,transmission,Toyota,2021,82.0,473.43,38821.26,1.0
3543,PART3544,battery,Volkswagen,2000,93.0,119.84,11145.12,1.0
3544,PART3545,brake,Volkswagen,2014,88.0,188.14,16556.32,1.0
3545,PART3546,battery,Ford,2012,43.0,293.87,12636.41,0.0
3546,PART3547,engine,Mercedes,2004,44.0,156.53,6887.32,1.0
3547,PART3548,brake,Volkswagen,2003,2.0,400.6,801.2,
3548,PART3549,engine,Ford,2009,94.0,73.13,6874.219999999999,0.0
3549,PART3550,transmission,Mercedes,2003,85.0,299.11,25424.350000000002,0.0
3550,PART3551,tire,BMW,2017,62.0,133.27,8262.74,0.0
3551,PART3552,battery,Audi,2021,79.0,425.39,33605.81,
3552,PART3553,transmission,BMW,2018,23.0,293.39,6747.969999999999,0.0
3553,PART3554,suspension,Toyota,2015,41.0,231.91,9508.31,
3554,PART3555,transmission,BMW,2011,34.0,311.6,10594.400000000001,0.0
3555,PART3556,engine,Mercedes,2007,79.0,231.42,18282.18,0.0
3556,PART3557,brake,Toyota,2022,77.0,101.49,7814.73,0.0
3557,PART3558,engine,Mercedes,2004,24.0,266.61,6398.64,1.0
3558,PART3559,tire,Toyota,2022,98.0,458.86,44968.28,1.0
3559,PART3560,brake,Volkswagen,2006,83.0,460.41,38214.03,0.0
3560,PART3561,transmission,Honda,2018,50.0,98.65,4932.5,
3561,PART3562,transmission,BMW,2009,63.0,417.49,26301.87,
3562,PART3563,engine,Mercedes,2004,1.0,67.88,67.88,0.0
3563,PART3564,suspension,Ford,2012,61.0,258.56,15772.16,
3564,PART3565,transmission,Honda,2018,64.0,380.59,24357.76,
3565,PART3566,battery,Volkswagen,2012,93.0,468.09,43532.369999999995,
3566,PART3567,suspension,BMW,2000,75.0,191.15,14336.25,
3567,PART3568,brake,Honda,2016,98.0,181.81,17817.38,
3568,PART3569,suspension,Mercedes,2006,56.0,78.8,4412.8,1.0
3569,PART3570,suspension,Volkswagen,2018,10.0,274.93,2749.3,1.0
3570,PART3571,transmission,Ford,2016,51.0,415.51,21191.01,0.0
3571,PART3572,battery,Ford,2002,75.0,385.47,28910.250000000004,0.0
3572,PART3573,tire,Mercedes,2016,88.0,150.54,13247.519999999999,1.0
3573,PART3574,engine,Mercedes,2005,14.0,361.31,5058.34,
3574,PART3575,engine,Ford,2022,91.0,364.49,33168.590000000004,
3575,PART3576,engine,Toyota,2006,57.0,191.26,10901.82,0.0
3576,PART3577,transmission,Volkswagen,2005,32.0,328.61,10515.52,
3577,PART3578,battery,Mercedes,2020,31.0,50.0,1550.0,
3578,PART3579,suspension,Ford,2006,85.0,170.48,14490.8,1.0
3579,PART3580,brake,BMW,2012,66.0,291.9,19265.399999999998,1.0
3580,PART3581,engine,Toyota,2004,50.0,276.98,13849.0,1.0
3581,PART3582,transmission,Ford,2009,13.0,377.77,4911.01,0.0
3582,PART3583,suspension,Volkswagen,2018,23.0,319.15,7340.45,1.0
3583,PART3584,battery,Volkswagen,2019,63.0,310.62,19569.06,1.0
3584,PART3585,transmission,Toyota,2018,79.0,142.9,11289.1,
3585,PART3586,suspension,Honda,2020,85.0,328.07,27885.95,
3586,PART3587,transmission,Mercedes,2000,57.0,392.86,22393.02,0.0
3587,PART3588,suspension,Toyota,2013,92.0,467.83,43040.36,
3588,PART3589,brake,Ford,2014,84.0,361.26,30345.84,
3589,PART3590,battery,Ford,2009,69.0,346.23,23889.870000000003,1.0
3590,PART3591,engine,BMW,2022,54.0,439.3,23722.2,0.0
3591,PART3592,engine,Honda,2014,90.0,419.21,37728.9,1.0
3592,PART3593,transmission,Toyota,2020,58.0,417.79,24231.82,0.0
3593,PART3594,tire,Mercedes,2014,37.0,455.16,16840.920000000002,1.0
3594,PART3595,brake,BMW,2020,4.0,159.39,637.56,0.0
3595,PART3596,transmission,Ford,2018,78.0,218.05,17007.9,0.0
3596,PART3597,battery,Ford,2003,7.0,337.16,2360.1200000000003,
3597,PART3598,engine,Audi,2003,70.0,312.25,21857.5,
3598,PART3599,tire,Mercedes,2020,57.0,58.06,3309.42,0.0
3599,PART3600,engine,Mercedes,2014,95.0,182.57,17344.149999999998,1.0
3600,PART3601,engine,BMW,2007,62.0,439.74,27263.88,
3601,PART3602,engine,Volkswagen,2007,9.0,462.16,4159.4400000000005,1.0
3602,PART3603,transmission,Toyota,2022,7.0,483.98,3387.86,0.0
3603,PART3604,transmission,Ford,2000,94.0,124.18,11672.92,
3604,PART3605,brake,Audi,2006,19.0,183.14,3479.66,
3605,PART3606,tire,Toyota,2010,71.0,161.23,11447.33,0.0
3606,PART3607,brake,BMW,2002,10.0,281.23,2812.3,
3607,PART3608,transmission,Honda,2016,45.0,286.27,12882.15,1.0
3608,PART3609,transmission,Mercedes,2013,38.0,495.29,18821.02,
3609,PART3610,brake,Volkswagen,2008,91.0,418.67,38098.97,0.0
3610,PART3611,battery,Mercedes,2014,21.0,169.82,3566.22,0.0
3611,PART3612,tire,Ford,2005,13.0,63.26,822.38,1.0
3612,PART3613,tire,Audi,2017,82.0,245.44,20126.079999999998,0.0
3613,PART3614,battery,Audi,2004,34.0,151.59,5154.06,
3614,PART3615,brake,Mercedes,2002,42.0,310.09,13023.779999999999,0.0
3615,PART3616,engine,Toyota,2013,52.0,214.42,11149.84,1.0
3616,PART3617,tire,Volkswagen,2017,32.0,184.37,5899.84,0.0
3617,PART3618,tire,Audi,2019,10.0,75.89,758.9,1.0
3618,PART3619,battery,Honda,2009,52.0,411.23,21383.96,
3619,PART3620,suspension,Honda,2018,90.0,438.69,39482.1,
3620,PART3621,engine,Honda,2006,1.0,115.25,115.25,
3621,PART3622,engine,Volkswagen,2002,99.0,243.38,24094.62,1.0
3622,PART3623,transmission,Ford,2012,76.0,66.43,5048.68,
3623,PART3624,suspension,Volkswagen,2011,82.0,268.33,22003.059999999998,0.0
3624,PART3625,engine,Toyota,2008,17.0,193.0,3281.0,0.0
3625,PART3626,transmission,Honda,2001,4.0,151.86,607.44,
3626,PART3627,battery,Volkswagen,2015,37.0,469.29,17363.73,1.0
3627,PART3628,transmission,Mercedes,2008,78.0,394.8,30794.4,0.0
3628,PART3629,brake,Ford,2017,92.0,124.1,11417.199999999999,
3629,PART3630,brake,Audi,2017,67.0,473.17,31702.39,0.0
3630,PART3631,engine,Volkswagen,2014,60.0,330.04,19802.4,
3631,PART3632,battery,Mercedes,2006,4.0,429.53,1718.12,
3632,PART3633,brake,Mercedes,2016,51.0,459.14,23416.14,1.0
3633,PART3634,suspension,Mercedes,2015,53.0,265.7,14082.099999999999,
3634,PART3635,suspension,Mercedes,2005,9.0,397.67,3579.03,0.0
3635,PART3636,battery,BMW,2002,32.0,102.92,3293.44,
3636,PART3637,engine,BMW,2010,58.0,54.83,3180.14,
3637,PART3638,transmission,Ford,2017,53.0,51.12,2709.3599999999997,
3638,PART3639,engine,Honda,2010,58.0,301.95,17513.1,0.0
3639,PART3640,transmission,Toyota,2000,25.0,208.91,5222.75,1.0
3640,PART3641,transmission,Honda,2018,96.0,347.56,33365.76,0.0
3641,PART3642,battery,Toyota,2007,35.0,344.74,12065.9,0.0
3642,PART3643,brake,Ford,2011,4.0,57.78,231.12,1.0
3643,PART3644,tire,Mercedes,2007,15.0,306.9,4603.5,
3644,PART3645,tire,Ford,2000,8.0,381.0,3048.0,0.0
3645,PART3646,brake,Mercedes,2013,67.0,396.77,26583.59,
3646,PART3647,tire,Audi,2001,95.0,433.99,41229.05,0.0
3647,PART3648,brake,Audi,2003,76.0,72.04,5475.040000000001,1.0
3648,PART3649,transmission,Audi,2009,52.0,286.82,14914.64,
3649,PART3650,engine,Toyota,2011,67.0,64.99,4354.33,0.0
3650,PART3651,battery,BMW,2001,89.0,268.9,23932.1,
3651,PART3652,engine,Ford,2017,88.0,383.8,33774.4,0.0
3652,PART3653,battery,Volkswagen,2016,64.0,135.75,8688.0,0.0
3653,PART3654,suspension,Mercedes,2004,52.0,79.87,4153.24,1.0
3654,PART3655,brake,Audi,2018,76.0,91.16,6928.16,1.0
3655,PART3656,suspension,Honda,2007,27.0,197.26,5326.0199999999995,0.0
3656,PART3657,suspension,Volkswagen,2009,77.0,88.07,6781.389999999999,
3657,PART3658,battery,Toyota,2019,22.0,169.55,3730.1000000000004,
3658,PART3659,brake,Volkswagen,2013,12.0,353.8,4245.6,0.0
3659,PART3660,tire,Honda,2003,44.0,84.25,3707.0,1.0
3660,PART3661,battery,Volkswagen,2020,88.0,453.21,39882.479999999996,
3661,PART3662,tire,Mercedes,2003,93.0,86.35,8030.549999999999,1.0
3662,PART3663,brake,Ford,2012,63.0,132.61,8354.43,1.0
3663,PART3664,suspension,Audi,2013,79.0,462.68,36551.72,0.0
3664,PART3665,suspension,Ford,2017,23.0,235.88,5425.24,1.0
3665,PART3666,engine,Audi,2016,72.0,379.72,27339.840000000004,1.0
3666,PART3667,suspension,BMW,2017,75.0,171.28,12846.0,1.0
3667,PART3668,tire,Honda,2019,55.0,312.03,17161.649999999998,1.0
3668,PART3669,tire,BMW,2006,51.0,167.95,8565.449999999999,0.0
3669,PART3670,battery,BMW,2014,76.0,457.83,34795.08,
3670,PART3671,suspension,BMW,2005,4.0,319.87,1279.48,
3671,PART3672,engine,BMW,2016,88.0,444.04,39075.520000000004,
3672,PART3673,transmission,Mercedes,2018,70.0,294.58,20620.6,
3673,PART3674,engine,Volkswagen,2018,27.0,442.52,11948.039999999999,
3674,PART3675,engine,Honda,2003,37.0,381.21,14104.769999999999,1.0
3675,PART3676,transmission,Toyota,2014,44.0,189.21,8325.24,1.0
3676,PART3677,brake,Honda,2010,79.0,158.43,12515.970000000001,0.0
3677,PART3678,suspension,Ford,2003,2.0,339.35,678.7,1.0
3678,PART3679,tire,Toyota,2014,57.0,238.88,13616.16,1.0
3679,PART3680,suspension,BMW,2008,75.0,323.7,24277.5,1.0
3680,PART3681,transmission,BMW,2013,1.0,454.4,454.4,
3681,PART3682,transmission,Volkswagen,2010,83.0,149.4,12400.2,0.0
3682,PART3683,battery,Ford,2002,47.0,170.07,7993.29,
3683,PART3684,engine,BMW,2012,15.0,493.55,7403.25,1.0
3684,PART3685,suspension,Audi,2011,64.0,352.69,22572.16,0.0
3685,PART3686,engine,Audi,2010,97.0,490.41,47569.770000000004,
3686,PART3687,engine,Ford,2016,94.0,301.69,28358.86,1.0
3687,PART3688,suspension,Volkswagen,2017,14.0,93.67,1311.38,0.0
3688,PART3689,tire,Honda,2003,89.0,276.16,24578.24,1.0
3689,PART3690,battery,Ford,2014,6.0,54.15,324.9,
3690,PART3691,transmission,Mercedes,2018,19.0,251.26,4773.94,0.0
3691,PART3692,engine,Ford,2003,24.0,349.57,8389.68,0.0
3692,PART3693,tire,Mercedes,2021,92.0,73.6,6771.2,1.0
3693,PART3694,transmission,Volkswagen,2012,50.0,426.11,21305.5,
3694,PART3695,suspension,Audi,2005,11.0,376.54,4141.9400000000005,0.0
3695,PART3696,brake,Ford,2011,81.0,495.8,40159.8,0.0
3696,PART3697,engine,Mercedes,2010,48.0,331.3,15902.400000000001,
3697,PART3698,transmission,BMW,2006,86.0,194.08,16690.88,0.0
3698,PART3699,brake,Audi,2009,14.0,63.01,882.14,1.0
3699,PART3700,tire,Mercedes,2020,79.0,385.16,30427.640000000003,1.0
3700,PART3701,suspension,Honda,2021,67.0,123.21,8255.07,0.0
3701,PART3702,brake,Toyota,2015,2.0,385.63,771.26,1.0
3702,PART3703,battery,Toyota,2016,5.0,382.32,1911.6,1.0
3703,PART3704,battery,Honda,2015,78.0,221.92,17309.76,0.0
3704,PART3705,brake,Mercedes,2017,21.0,245.96,5165.16,
3705,PART3706,transmission,Volkswagen,2020,56.0,234.81,13149.36,1.0
3706,PART3707,tire,Ford,2015,20.0,80.7,1614.0,
3707,PART3708,transmission,Mercedes,2015,85.0,290.27,24672.949999999997,
3708,PART3709,tire,Toyota,2015,5.0,491.77,2458.85,1.0
3709,PART3710,engine,Ford,2005,92.0,87.77,8074.839999999999,
3710,PART3711,battery,Honda,2013,29.0,377.2,10938.8,1.0
3711,PART3712,brake,BMW,2015,48.0,119.17,5720.16,1.0
3712,PART3713,tire,Ford,2019,70.0,259.11,18137.7,0.0
3713,PART3714,battery,Toyota,2014,82.0,349.64,28670.48,0.0
3714,PART3715,transmission,Volkswagen,2022,41.0,439.77,18030.57,0.0
3715,PART3716,battery,Audi,2003,84.0,123.7,10390.800000000001,
3716,PART3717,brake,BMW,2019,72.0,321.05,23115.600000000002,1.0
3717,PART3718,engine,Ford,2014,37.0,69.92,2587.04,1.0
3718,PART3719,tire,Volkswagen,2015,19.0,77.09,1464.71,
3719,PART3720,battery,Volkswagen,2004,36.0,326.14,11741.039999999999,0.0
3720,PART3721,transmission,Honda,2014,91.0,472.15,42965.65,
3721,PART3722,brake,Ford,2020,1.0,135.75,135.75,1.0
3722,PART3723,engine,Volkswagen,2000,48.0,312.65,15007.199999999999,1.0
3723,PART3724,brake,BMW,2002,1.0,398.97,398.97,0.0
3724,PART3725,battery,Honda,2019,6.0,459.47,2756.82,
3725,PART3726,brake,Toyota,2014,19.0,133.67,2539.7299999999996,
3726,PART3727,suspension,Ford,2022,40.0,115.63,4625.2,1.0
3727,PART3728,tire,Volkswagen,2006,27.0,403.59,10896.929999999998,0.0
3728,PART3729,suspension,BMW,2009,1.0,218.71,218.71,1.0
3729,PART3730,suspension,Volkswagen,2015,75.0,336.44,25233.0,0.0
3730,PART3731,transmission,Honda,2000,11.0,360.85,3969.3500000000004,0.0
3731,PART3732,transmission,Toyota,2011,77.0,152.41,11735.57,0.0
3732,PART3733,transmission,BMW,2002,44.0,424.96,18698.239999999998,
3733,PART3734,brake,Audi,2006,39.0,350.15,13655.849999999999,
3734,PART3735,tire,Toyota,2018,10.0,347.8,3478.0,
3735,PART3736,suspension,Ford,2012,71.0,153.24,10880.04,
3736,PART3737,engine,BMW,2018,48.0,464.37,22289.760000000002,0.0
3737,PART3738,suspension,Honda,2017,86.0,474.41,40799.26,0.0
3738,PART3739,suspension,Mercedes,2020,19.0,478.95,9100.05,
3739,PART3740,brake,Honda,2018,97.0,452.14,43857.58,1.0
3740,PART3741,tire,Audi,2004,74.0,201.52,14912.480000000001,1.0
3741,PART3742,brake,Volkswagen,2021,76.0,191.83,14579.080000000002,
3742,PART3743,transmission,BMW,2002,77.0,415.6,32001.2,0.0
3743,PART3744,engine,Honda,2020,65.0,496.69,32284.85,
3744,PART3745,battery,Toyota,2015,58.0,439.93,25515.94,
3745,PART3746,suspension,Honda,2001,51.0,246.14,12553.14,1.0
3746,PART3747,engine,Mercedes,2005,32.0,219.36,7019.52,1.0
3747,PART3748,tire,Audi,2014,64.0,252.45,16156.8,
3748,PART3749,transmission,Toyota,2013,68.0,490.28,33339.04,
3749,PART3750,brake,Ford,2019,75.0,108.97,8172.75,1.0
3750,PART3751,engine,Honda,2011,61.0,148.9,9082.9,0.0
3751,PART3752,battery,BMW,2005,84.0,102.67,8624.28,0.0
3752,PART3753,suspension,Ford,2009,48.0,443.17,21272.16,0.0
3753,PART3754,transmission,Honda,2009,86.0,356.1,30624.600000000002,
3754,PART3755,brake,Mercedes,2019,3.0,125.42,376.26,0.0
3755,PART3756,battery,Audi,2009,45.0,88.7,3991.5,
3756,PART3757,battery,Mercedes,2004,81.0,83.1,6731.099999999999,1.0
3757,PART3758,engine,Honda,2008,22.0,53.58,1178.76,0.0
3758,PART3759,suspension,Volkswagen,2021,81.0,226.87,18376.47,0.0
3759,PART3760,tire,Mercedes,2013,39.0,250.32,9762.48,
3760,PART3761,engine,BMW,2010,81.0,322.0,26082.0,0.0
3761,PART3762,tire,BMW,2002,8.0,118.35,946.8,1.0
3762,PART3763,transmission,Audi,2004,10.0,200.09,2000.9,1.0
3763,PART3764,engine,Ford,2015,60.0,399.39,23963.399999999998,1.0
3764,PART3765,brake,Volkswagen,2002,15.0,216.38,3245.7,1.0
3765,PART3766,brake,Mercedes,2012,20.0,448.52,8970.4,
3766,PART3767,transmission,Honda,2007,1.0,416.36,416.36,0.0
3767,PART3768,transmission,BMW,2015,6.0,89.81,538.86,1.0
3768,PART3769,transmission,Volkswagen,2011,83.0,293.09,24326.469999999998,
3769,PART3770,brake,Volkswagen,2012,6.0,343.62,2061.7200000000003,0.0
3770,PART3771,tire,Audi,2018,56.0,349.8,19588.8,1.0
3771,PART3772,transmission,Audi,2001,85.0,410.56,34897.6,0.0
3772,PART3773,suspension,Audi,2007,42.0,134.33,5641.860000000001,0.0
3773,PART3774,transmission,Honda,2013,66.0,151.56,10002.960000000001,
3774,PART3775,tire,Volkswagen,2003,65.0,330.43,21477.95,1.0
3775,PART3776,tire,BMW,2015,92.0,159.58,14681.36,0.0
3776,PART3777,brake,Audi,2014,84.0,272.37,22879.08,
3777,PART3778,transmission,Audi,2011,60.0,380.3,22818.0,1.0
3778,PART3779,engine,BMW,2017,64.0,108.08,6917.12,
3779,PART3780,transmission,Audi,2012,40.0,325.42,13016.800000000001,
3780,PART3781,suspension,Audi,2014,66.0,233.49,15410.34,1.0
3781,PART3782,engine,BMW,2005,52.0,399.99,20799.48,
3782,PART3783,brake,Toyota,2017,64.0,118.43,7579.52,0.0
3783,PART3784,engine,Audi,2002,3.0,257.32,771.96,
3784,PART3785,transmission,Volkswagen,2018,16.0,61.54,984.64,
3785,PART3786,brake,Honda,2004,15.0,489.73,7345.950000000001,0.0
3786,PART3787,battery,Audi,2009,42.0,470.35,19754.7,1.0
3787,PART3788,transmission,Volkswagen,2019,60.0,412.5,24750.0,1.0
3788,PART3789,transmission,Toyota,2019,63.0,421.01,26523.63,0.0
3789,PART3790,transmission,Ford,2005,86.0,417.76,35927.36,
3790,PART3791,tire,Honda,2010,23.0,70.04,1610.92,
3791,PART3792,brake,Audi,2014,21.0,243.55,5114.55,1.0
3792,PART3793,tire,Volkswagen,2011,21.0,126.85,2663.85,
3793,PART3794,engine,Audi,2019,80.0,249.07,19925.6,1.0
3794,PART3795,tire,BMW,2015,38.0,272.61,10359.18,
3795,PART3796,brake,Ford,2010,75.0,53.74,4030.5,0.0
3796,PART3797,brake,Mercedes,2006,30.0,301.42,9042.6,1.0
3797,PART3798,engine,Toyota,2010,29.0,306.86,8898.94,1.0
3798,PART3799,brake,Mercedes,2019,90.0,361.66,32549.4,1.0
3799,PART3800,brake,Audi,2016,79.0,175.53,13866.87,1.0
3800,PART3801,tire,Toyota,2020,60.0,209.2,12552.0,
3801,PART3802,tire,Volkswagen,2012,10.0,321.03,3210.2999999999997,
3802,PART3803,battery,Honda,2000,56.0,122.25,6846.0,
3803,PART3804,engine,Ford,2005,5.0,461.45,2307.25,1.0
3804,PART3805,transmission,Audi,2012,17.0,191.19,3250.23,
3805,PART3806,engine,Volkswagen,2012,16.0,219.83,3517.28,0.0
3806,PART3807,battery,Audi,2018,37.0,424.17,15694.29,
3807,PART3808,transmission,Audi,2020,93.0,483.64,44978.52,1.0
3808,PART3809,transmission,Ford,2009,60.0,107.07,6424.2,
3809,PART3810,engine,BMW,2020,92.0,382.07,35150.44,0.0
3810,PART3811,tire,Audi,2022,17.0,112.61,1914.37,
3811,PART3812,engine,Honda,2021,51.0,102.73,5239.2300000000005,
3812,PART3813,engine,Ford,2010,58.0,403.12,23380.96,1.0
3813,PART3814,suspension,Mercedes,2011,94.0,68.24,6414.5599999999995,1.0
3814,PART3815,brake,Mercedes,2008,38.0,410.66,15605.080000000002,0.0
3815,PART3816,battery,Honda,2022,20.0,266.78,5335.599999999999,1.0
3816,PART3817,tire,Audi,2016,1.0,341.38,341.38,0.0
3817,PART3818,engine,BMW,2012,76.0,226.58,17220.08,1.0
3818,PART3819,battery,Honda,2002,6.0,68.5,411.0,
3819,PART3820,transmission,Honda,2008,27.0,202.43,5465.610000000001,0.0
3820,PART3821,tire,Ford,2014,57.0,81.19,4627.83,1.0
3821,PART3822,transmission,BMW,2012,24.0,344.51,8268.24,
3822,PART3823,tire,BMW,2011,1.0,151.53,151.53,1.0
3823,PART3824,battery,BMW,2022,94.0,64.33,6047.0199999999995,1.0
3824,PART3825,tire,Ford,2005,12.0,67.06,804.72,1.0
3825,PART3826,engine,Honda,2003,95.0,189.34,17987.3,
3826,PART3827,engine,Audi,2005,66.0,323.5,21351.0,1.0
3827,PART3828,battery,Honda,2019,51.0,151.05,7703.55,0.0
3828,PART3829,suspension,Honda,2022,66.0,432.1,28518.600000000002,1.0
3829,PART3830,brake,Audi,2003,11.0,396.86,4365.46,1.0
3830,PART3831,tire,Honda,2011,58.0,416.45,24154.1,0.0
3831,PART3832,battery,Ford,2001,39.0,222.36,8672.04,
3832,PART3833,brake,BMW,2014,77.0,273.19,21035.63,0.0
3833,PART3834,tire,Audi,2001,35.0,109.98,3849.3,
3834,PART3835,transmission,Honda,2022,55.0,322.23,17722.65,0.0
3835,PART3836,transmission,Mercedes,2011,84.0,156.9,13179.6,
3836,PART3837,brake,Honda,2020,67.0,397.0,26599.0,0.0
3837,PART3838,battery,Ford,2008,7.0,308.84,2161.8799999999997,
3838,PART3839,engine,BMW,2016,90.0,86.62,7795.8,0.0
3839,PART3840,battery,Honda,2016,70.0,122.95,8606.5,
3840,PART3841,brake,Mercedes,2004,9.0,477.49,4297.41,1.0
3841,PART3842,transmission,Volkswagen,2014,8.0,213.21,1705.68,
3842,PART3843,tire,Audi,2016,88.0,270.91,23840.08,1.0
3843,PART3844,brake,Volkswagen,2022,81.0,245.44,19880.64,1.0
3844,PART3845,transmission,Mercedes,2021,1.0,148.0,148.0,
3845,PART3846,transmission,Audi,2013,57.0,415.81,23701.170000000002,1.0
3846,PART3847,battery,Volkswagen,2007,25.0,160.69,4017.25,0.0
3847,PART3848,tire,Mercedes,2015,81.0,300.23,24318.63,
3848,PART3849,tire,Ford,2019,78.0,283.59,22120.019999999997,1.0
3849,PART3850,battery,Toyota,2009,50.0,408.75,20437.5,0.0
3850,PART3851,engine,Audi,2006,16.0,167.94,2687.04,
3851,PART3852,battery,Honda,2001,80.0,398.59,31887.199999999997,1.0
3852,PART3853,battery,Honda,2013,6.0,194.27,1165.6200000000001,1.0
3853,PART3854,battery,Honda,2011,37.0,317.18,11735.66,1.0
3854,PART3855,engine,Volkswagen,2018,93.0,175.2,16293.599999999999,0.0
3855,PART3856,transmission,BMW,2022,93.0,108.27,10069.109999999999,1.0
3856,PART3857,brake,Toyota,2011,58.0,292.25,16950.5,1.0
3857,PART3858,brake,BMW,2003,36.0,455.4,16394.399999999998,
3858,PART3859,battery,Volkswagen,2017,19.0,106.71,2027.4899999999998,0.0
3859,PART3860,suspension,BMW,2019,46.0,265.21,12199.66,0.0
3860,PART3861,suspension,Audi,2013,83.0,498.19,41349.77,1.0
3861,PART3862,brake,Audi,2014,48.0,66.06,3170.88,
3862,PART3863,battery,Ford,2012,24.0,405.84,9740.16,
3863,PART3864,transmission,Toyota,2022,20.0,222.27,4445.400000000001,1.0
3864,PART3865,engine,Audi,2001,83.0,305.51,25357.329999999998,1.0
3865,PART3866,brake,Honda,2007,55.0,119.45,6569.75,1.0
3866,PART3867,engine,Volkswagen,2016,15.0,472.44,7086.6,1.0
3867,PART3868,suspension,Mercedes,2004,98.0,63.32,6205.36,0.0
3868,PART3869,tire,Audi,2013,81.0,359.05,29083.05,1.0
3869,PART3870,suspension,Ford,2005,93.0,74.08,6889.44,1.0
3870,PART3871,tire,Mercedes,2020,86.0,58.1,4996.6,0.0
3871,PART3872,tire,Audi,2015,96.0,435.01,41760.96,1.0
3872,PART3873,brake,Toyota,2002,16.0,321.32,5141.12,
3873,PART3874,transmission,Toyota,2010,70.0,114.79,8035.3,1.0
3874,PART3875,suspension,Mercedes,2013,38.0,378.23,14372.740000000002,1.0
3875,PART3876,brake,Ford,2004,99.0,95.37,9441.630000000001,1.0
3876,PART3877,battery,Volkswagen,2003,28.0,154.58,4328.240000000001,
3877,PART3878,tire,Toyota,2018,64.0,465.33,29781.12,0.0
3878,PART3879,engine,Mercedes,2012,44.0,207.88,9146.72,
3879,PART3880,battery,Ford,2001,14.0,493.14,6903.96,1.0
3880,PART3881,tire,BMW,2008,6.0,63.47,380.82,0.0
3881,PART3882,brake,Honda,2008,53.0,211.25,11196.25,1.0
3882,PART3883,brake,BMW,2014,51.0,256.47,13079.970000000001,1.0
3883,PART3884,brake,Honda,2016,82.0,207.43,17009.260000000002,
3884,PART3885,suspension,Toyota,2005,44.0,119.36,5251.84,1.0
3885,PART3886,brake,Ford,2011,38.0,379.65,14426.699999999999,1.0
3886,PART3887,tire,Ford,2012,16.0,53.35,853.6,0.0
3887,PART3888,suspension,Audi,2008,32.0,438.31,14025.92,1.0
3888,PART3889,suspension,Toyota,2019,83.0,362.35,30075.050000000003,
3889,PART3890,suspension,Ford,2004,20.0,422.42,8448.4,0.0
3890,PART3891,battery,BMW,2003,16.0,464.89,7438.24,0.0
3891,PART3892,suspension,Honda,2005,8.0,244.44,1955.52,0.0
3892,PART3893,tire,Mercedes,2020,51.0,212.59,10842.09,0.0
3893,PART3894,transmission,Mercedes,2000,56.0,422.49,23659.440000000002,0.0
3894,PART3895,brake,Volkswagen,2008,37.0,332.03,12285.109999999999,1.0
3895,PART3896,battery,Mercedes,2010,37.0,238.34,8818.58,1.0
3896,PART3897,suspension,Mercedes,2005,25.0,348.21,8705.25,
3897,PART3898,battery,Toyota,2015,3.0,183.74,551.22,1.0
3898,PART3899,battery,Ford,2018,8.0,432.61,3460.88,0.0
3899,PART3900,engine,Volkswagen,2015,86.0,432.86,37225.96,
3900,PART3901,battery,BMW,2016,69.0,337.86,23312.34,
3901,PART3902,battery,Honda,2015,57.0,307.4,17521.8,1.0
3902,PART3903,suspension,Mercedes,2007,39.0,148.8,5803.200000000001,1.0
3903,PART3904,tire,Toyota,2002,22.0,311.05,6843.1,0.0
3904,PART3905,transmission,Honda,2011,95.0,483.35,45918.25,1.0
3905,PART3906,transmission,Volkswagen,2017,61.0,248.56,15162.16,1.0
3906,PART3907,brake,Mercedes,2019,86.0,164.97,14187.42,0.0
3907,PART3908,transmission,Ford,2020,57.0,91.1,5192.7,0.0
3908,PART3909,engine,Toyota,2016,55.0,238.85,13136.75,1.0
3909,PART3910,transmission,Toyota,2005,96.0,345.48,33166.08,0.0
3910,PART3911,brake,BMW,2004,81.0,412.46,33409.259999999995,
3911,PART3912,transmission,Volkswagen,2011,98.0,241.36,23653.280000000002,0.0
3912,PART3913,transmission,Audi,2011,97.0,401.74,38968.78,
3913,PART3914,transmission,Volkswagen,2000,21.0,134.86,2832.0600000000004,0.0
3914,PART3915,engine,BMW,2001,70.0,223.96,15677.2,
3915,PART3916,suspension,Honda,2003,73.0,472.46,34489.58,
3916,PART3917,battery,Audi,2002,90.0,242.96,21866.4,1.0
3917,PART3918,engine,Toyota,2000,43.0,462.11,19870.73,1.0
3918,PART3919,tire,Audi,2016,43.0,417.82,17966.26,1.0
3919,PART3920,transmission,Audi,2000,67.0,459.66,30797.22,
3920,PART3921,transmission,Honda,2002,80.0,481.29,38503.200000000004,
3921,PART3922,transmission,Mercedes,2004,6.0,220.36,1322.16,0.0
3922,PART3923,battery,Volkswagen,2018,88.0,471.57,41498.159999999996,
3923,PART3924,suspension,Toyota,2011,80.0,479.89,38391.2,0.0
3924,PART3925,tire,Honda,2011,59.0,178.35,10522.65,1.0
3925,PART3926,brake,Toyota,2002,39.0,189.67,7397.129999999999,1.0
3926,PART3927,brake,Mercedes,2019,11.0,130.77,1438.47,0.0
3927,PART3928,battery,Toyota,2022,75.0,496.24,37218.0,0.0
3928,PART3929,tire,Honda,2003,57.0,194.34,11077.380000000001,
3929,PART3930,engine,Mercedes,2014,85.0,197.92,16823.2,
3930,PART3931,engine,Ford,2000,77.0,497.94,38341.38,1.0
3931,PART3932,brake,Honda,2004,67.0,251.04,16819.68,0.0
3932,PART3933,tire,Volkswagen,2020,92.0,386.9,35594.799999999996,1.0
3933,PART3934,battery,Toyota,2009,72.0,495.86,35701.92,0.0
3934,PART3935,battery,Honda,2016,69.0,261.18,18021.420000000002,
3935,PART3936,tire,BMW,2014,55.0,139.33,7663.150000000001,1.0
3936,PART3937,battery,Honda,2002,49.0,408.12,19997.88,0.0
3937,PART3938,battery,Volkswagen,2020,44.0,136.26,5995.44,
3938,PART3939,tire,BMW,2015,25.0,233.35,5833.75,0.0
3939,PART3940,engine,Ford,2016,18.0,481.28,8663.039999999999,1.0
3940,PART3941,battery,Mercedes,2022,97.0,239.16,23198.52,1.0
3941,PART3942,engine,Volkswagen,2011,80.0,50.24,4019.2000000000003,1.0
3942,PART3943,brake,Ford,2006,65.0,306.28,19908.199999999997,1.0
3943,PART3944,engine,Volkswagen,2022,42.0,441.52,18543.84,
3944,PART3945,transmission,Audi,2009,50.0,420.94,21047.0,1.0
3945,PART3946,transmission,BMW,2016,98.0,53.71,5263.58,0.0
3946,PART3947,tire,Audi,2016,32.0,342.58,10962.56,0.0
3947,PART3948,suspension,Mercedes,2013,9.0,252.16,2269.44,1.0
3948,PART3949,engine,Ford,2014,17.0,498.84,8480.279999999999,
3949,PART3950,battery,Honda,2020,53.0,129.13,6843.889999999999,1.0
3950,PART3951,transmission,Mercedes,2009,8.0,102.69,821.52,1.0
3951,PART3952,brake,Volkswagen,2009,94.0,308.86,29032.84,0.0
3952,PART3953,engine,Honda,2020,78.0,324.9,25342.199999999997,
3953,PART3954,brake,BMW,2014,79.0,368.47,29109.13,
3954,PART3955,battery,Audi,2009,19.0,426.52,8103.879999999999,0.0
3955,PART3956,transmission,Toyota,2006,85.0,365.1,31033.500000000004,1.0
3956,PART3957,brake,Toyota,2000,97.0,218.95,21238.149999999998,0.0
3957,PART3958,tire,BMW,2001,63.0,312.5,19687.5,
3958,PART3959,brake,Volkswagen,2015,80.0,193.32,15465.599999999999,0.0
3959,PART3960,suspension,Volkswagen,2008,19.0,341.01,6479.19,0.0
3960,PART3961,engine,BMW,2008,17.0,362.57,6163.69,
3961,PART3962,suspension,Toyota,2022,92.0,78.7,7240.400000000001,
3962,PART3963,battery,Mercedes,2011,77.0,90.72,6985.44,1.0
3963,PART3964,transmission,Mercedes,2010,35.0,437.03,15296.05,1.0
3964,PART3965,tire,Honda,2000,37.0,96.0,3552.0,0.0
3965,PART3966,tire,Audi,2009,41.0,97.39,3992.9900000000002,1.0
3966,PART3967,battery,Toyota,2019,40.0,440.66,17626.4,1.0
3967,PART3968,brake,Honda,2007,37.0,135.86,5026.820000000001,1.0
3968,PART3969,transmission,Mercedes,2010,34.0,240.76,8185.84,1.0
3969,PART3970,tire,Ford,2019,94.0,453.94,42670.36,
3970,PART3971,tire,Mercedes,2005,83.0,458.24,38033.92,
3971,PART3972,tire,Toyota,2012,41.0,339.75,13929.75,1.0
3972,PART3973,battery,Audi,2008,46.0,74.63,3432.9799999999996,
3973,PART3974,brake,Ford,2007,25.0,499.57,12489.25,1.0
3974,PART3975,transmission,Audi,2018,52.0,300.23,15611.960000000001,
3975,PART3976,engine,Ford,2019,88.0,468.85,41258.8,
3976,PART3977,transmission,Toyota,2016,82.0,411.83,33770.06,
3977,PART3978,tire,Audi,2008,96.0,470.0,45120.0,0.0
3978,PART3979,transmission,Toyota,2021,96.0,448.75,43080.0,1.0
3979,PART3980,brake,Toyota,2010,34.0,326.37,11096.58,
3980,PART3981,engine,Volkswagen,2018,37.0,429.63,15896.31,0.0
3981,PART3982,transmission,Toyota,2017,77.0,366.8,28243.600000000002,0.0
3982,PART3983,suspension,BMW,2001,69.0,249.18,17193.420000000002,1.0
3983,PART3984,brake,Honda,2006,87.0,100.37,8732.19,0.0
3984,PART3985,battery,Ford,2020,44.0,56.99,2507.56,1.0
3985,PART3986,tire,Audi,2001,56.0,485.53,27189.68,0.0
3986,PART3987,tire,Ford,2011,97.0,103.1,10000.699999999999,1.0
3987,PART3988,transmission,Mercedes,2018,25.0,359.24,8981.0,
3988,PART3989,brake,Honda,2006,13.0,203.78,2649.14,1.0
3989,PART3990,tire,Toyota,2008,84.0,363.77,30556.68,0.0
3990,PART3991,battery,Audi,2017,90.0,430.95,38785.5,
3991,PART3992,brake,Volkswagen,2001,19.0,248.79,4727.01,0.0
3992,PART3993,transmission,Toyota,2013,82.0,288.09,23623.379999999997,0.0
3993,PART3994,transmission,Ford,2021,94.0,186.58,17538.52,
3994,PART3995,suspension,Audi,2004,62.0,458.67,28437.54,0.0
3995,PART3996,engine,Toyota,2011,38.0,370.08,14063.039999999999,0.0
3996,PART3997,engine,Mercedes,2012,99.0,459.24,45464.76,
3997,PART3998,suspension,BMW,2001,88.0,463.95,40827.6,
3998,PART3999,brake,BMW,2017,11.0,203.06,2233.66,
3999,PART4000,suspension,Toyota,2015,54.0,185.67,10026.179999999998,0.0
4000,PART4001,engine,Audi,2021,15.0,77.53,1162.95,
4001,PART4002,battery,Ford,2019,69.0,261.37,18034.53,
4002,PART4003,battery,Honda,2022,28.0,57.77,1617.5600000000002,
4003,PART4004,battery,Toyota,2002,71.0,58.87,4179.7699999999995,0.0
4004,PART4005,suspension,Toyota,2004,84.0,332.92,27965.280000000002,0.0
4005,PART4006,transmission,Volkswagen,2021,86.0,135.75,11674.5,0.0
4006,PART4007,battery,Toyota,2004,46.0,102.2,4701.2,1.0
4007,PART4008,battery,Mercedes,2016,60.0,87.76,5265.6,0.0
4008,PART4009,battery,Honda,2015,56.0,479.83,26870.48,0.0
4009,PART4010,tire,Honda,2019,85.0,464.85,39512.25,0.0
4010,PART4011,battery,Toyota,2001,26.0,478.9,12451.4,0.0
4011,PART4012,engine,BMW,2002,75.0,142.45,10683.75,
4012,PART4013,tire,Toyota,2002,18.0,334.29,6017.22,
4013,PART4014,transmission,Honda,2003,45.0,238.41,10728.45,
4014,PART4015,brake,Toyota,2013,40.0,278.11,11124.400000000001,
4015,PART4016,suspension,Audi,2001,96.0,445.15,42734.399999999994,1.0
4016,PART4017,tire,Ford,2018,62.0,336.47,20861.140000000003,1.0
4017,PART4018,brake,Volkswagen,2020,1.0,436.8,436.8,0.0
4018,PART4019,battery,Mercedes,2016,85.0,135.1,11483.5,1.0
4019,PART4020,brake,Toyota,2003,36.0,96.95,3490.2000000000003,1.0
4020,PART4021,engine,Mercedes,2008,93.0,346.58,32231.94,
4021,PART4022,suspension,Toyota,2022,48.0,347.68,16688.64,1.0
4022,PART4023,brake,Volkswagen,2017,50.0,115.22,5761.0,0.0
4023,PART4024,brake,Toyota,2016,89.0,497.96,44318.439999999995,1.0
4024,PART4025,suspension,Honda,2015,3.0,354.24,1062.72,
4025,PART4026,transmission,Audi,2020,64.0,262.02,16769.28,0.0
4026,PART4027,battery,Audi,2002,34.0,141.79,4820.86,1.0
4027,PART4028,tire,Ford,2017,11.0,371.6,4087.6000000000004,
4028,PART4029,suspension,Ford,2009,29.0,285.01,8265.289999999999,
4029,PART4030,suspension,Toyota,2009,7.0,80.95,566.65,
4030,PART4031,battery,Toyota,2021,31.0,429.64,13318.84,1.0
4031,PART4032,engine,Audi,2022,48.0,86.7,4161.6,0.0
4032,PART4033,brake,Mercedes,2003,26.0,425.8,11070.800000000001,1.0
4033,PART4034,transmission,Toyota,2013,48.0,263.5,12648.0,0.0
4034,PART4035,engine,Mercedes,2017,54.0,210.76,11381.039999999999,1.0
4035,PART4036,brake,Mercedes,2004,95.0,192.61,18297.95,0.0
4036,PART4037,engine,Toyota,2019,92.0,406.27,37376.84,1.0
4037,PART4038,suspension,Honda,2008,55.0,122.36,6729.8,1.0
4038,PART4039,suspension,Ford,2015,29.0,129.54,3756.66,
4039,PART4040,transmission,Mercedes,2022,67.0,387.5,25962.5,
4040,PART4041,battery,Ford,2006,18.0,121.65,2189.7000000000003,
4041,PART4042,brake,Toyota,2009,88.0,376.57,33138.159999999996,
4042,PART4043,suspension,Ford,2017,7.0,470.52,3293.64,
4043,PART4044,engine,Toyota,2014,48.0,198.25,9516.0,0.0
4044,PART4045,brake,Ford,2019,84.0,323.94,27210.96,
4045,PART4046,transmission,Volkswagen,2009,89.0,217.94,19396.66,
4046,PART4047,tire,BMW,2002,44.0,377.54,16611.760000000002,
4047,PART4048,battery,Audi,2016,68.0,407.07,27680.76,1.0
4048,PART4049,transmission,BMW,2015,77.0,408.48,31452.960000000003,0.0
4049,PART4050,engine,Volkswagen,2018,97.0,94.49,9165.529999999999,
4050,PART4051,transmission,BMW,2005,7.0,106.39,744.73,
4051,PART4052,suspension,Toyota,2020,76.0,137.76,10469.759999999998,0.0
4052,PART4053,battery,Audi,2011,91.0,101.38,9225.58,0.0
4053,PART4054,battery,Toyota,2013,13.0,361.22,4695.860000000001,
4054,PART4055,tire,Volkswagen,2021,13.0,71.59,930.6700000000001,0.0
4055,PART4056,engine,Honda,2009,39.0,101.36,3953.04,0.0
4056,PART4057,battery,Ford,2002,99.0,214.94,21279.06,1.0
4057,PART4058,engine,Volkswagen,2010,63.0,497.89,31367.07,0.0
4058,PART4059,tire,BMW,2002,21.0,390.84,8207.64,1.0
4059,PART4060,battery,Ford,2014,13.0,237.5,3087.5,
4060,PART4061,transmission,Mercedes,2001,60.0,336.5,20190.0,0.0
4061,PART4062,engine,Volkswagen,2014,94.0,127.44,11979.36,0.0
4062,PART4063,tire,Audi,2019,21.0,465.73,9780.33,
4063,PART4064,brake,Ford,2017,14.0,487.9,6830.599999999999,1.0
4064,PART4065,engine,Toyota,2019,92.0,272.35,25056.2,0.0
4065,PART4066,suspension,Audi,2017,10.0,452.0,4520.0,0.0
4066,PART4067,suspension,Audi,2002,44.0,357.53,15731.32,
4067,PART4068,battery,Toyota,2003,17.0,60.5,1028.5,1.0
4068,PART4069,brake,Mercedes,2011,24.0,254.2,6100.799999999999,1.0
4069,PART4070,battery,Toyota,2014,30.0,316.79,9503.7,0.0
4070,PART4071,suspension,Toyota,2002,49.0,279.29,13685.210000000001,
4071,PART4072,tire,Volkswagen,2019,22.0,465.21,10234.619999999999,0.0
4072,PART4073,suspension,Honda,2021,62.0,369.79,22926.98,1.0
4073,PART4074,transmission,Ford,2010,17.0,199.43,3390.31,
4074,PART4075,battery,BMW,2004,79.0,332.45,26263.55,
4075,PART4076,brake,Honda,2000,4.0,143.57,574.28,
4076,PART4077,brake,Audi,2020,17.0,355.28,6039.759999999999,1.0
4077,PART4078,battery,BMW,2014,78.0,276.25,21547.5,0.0
4078,PART4079,engine,Honda,2020,24.0,123.67,2968.08,0.0
4079,PART4080,tire,Audi,2004,30.0,158.61,4758.3,
4080,PART4081,brake,Ford,2013,4.0,321.47,1285.88,0.0
4081,PART4082,battery,Honda,2013,10.0,310.07,3100.7,
4082,PART4083,tire,Honda,2001,8.0,271.43,2171.44,
4083,PART4084,tire,Ford,2006,33.0,387.56,12789.48,0.0
4084,PART4085,brake,Audi,2011,5.0,380.77,1903.85,
4085,PART4086,suspension,Toyota,2002,15.0,242.02,3630.3,1.0
4086,PART4087,transmission,Mercedes,2012,50.0,203.48,10174.0,
4087,PART4088,suspension,Volkswagen,2009,96.0,94.03,9026.880000000001,0.0
4088,PART4089,transmission,Audi,2010,74.0,191.37,14161.380000000001,0.0
4089,PART4090,engine,Toyota,2008,16.0,491.98,7871.68,
4090,PART4091,brake,BMW,2009,50.0,473.72,23686.0,
4091,PART4092,suspension,Volkswagen,2011,45.0,483.01,21735.45,
4092,PART4093,transmission,Mercedes,2021,6.0,388.47,2330.82,
4093,PART4094,tire,Audi,2003,83.0,95.38,7916.54,0.0
4094,PART4095,tire,Honda,2016,57.0,458.44,26131.079999999998,1.0
4095,PART4096,suspension,Toyota,2011,98.0,485.83,47611.34,
4096,PART4097,tire,Audi,2007,26.0,271.25,7052.5,0.0
4097,PART4098,battery,Audi,2018,96.0,428.68,41153.28,0.0
4098,PART4099,brake,Ford,2013,34.0,421.38,14326.92,1.0
4099,PART4100,suspension,Mercedes,2006,35.0,167.79,5872.65,0.0
4100,PART4101,battery,Honda,2017,74.0,455.07,33675.18,
4101,PART4102,battery,Volkswagen,2010,4.0,395.25,1581.0,
4102,PART4103,battery,Toyota,2010,86.0,70.75,6084.5,1.0
4103,PART4104,battery,Volkswagen,2019,61.0,109.9,6703.900000000001,
4104,PART4105,suspension,Honda,2011,97.0,405.42,39325.74,
4105,PART4106,brake,Honda,2007,35.0,263.47,9221.45,0.0
4106,PART4107,tire,BMW,2001,81.0,161.66,13094.46,1.0
4107,PART4108,brake,Audi,2007,66.0,484.32,31965.12,
4108,PART4109,battery,Volkswagen,2022,75.0,387.6,29070.0,0.0
4109,PART4110,suspension,Volkswagen,2022,11.0,227.75,2505.25,1.0
4110,PART4111,brake,Mercedes,2017,88.0,117.58,10347.039999999999,
4111,PART4112,tire,Mercedes,2000,6.0,248.01,1488.06,
4112,PART4113,tire,Mercedes,2012,58.0,362.09,21001.219999999998,1.0
4113,PART4114,transmission,BMW,2000,82.0,301.03,24684.46,
4114,PART4115,transmission,Honda,2011,57.0,171.12,9753.84,0.0
4115,PART4116,transmission,Mercedes,2021,27.0,461.06,12448.62,0.0
4116,PART4117,engine,BMW,2015,53.0,244.04,12934.119999999999,0.0
4117,PART4118,tire,Ford,2000,25.0,81.94,2048.5,0.0
4118,PART4119,battery,Honda,2020,52.0,149.61,7779.720000000001,1.0
4119,PART4120,battery,Ford,2007,35.0,319.54,11183.900000000001,1.0
4120,PART4121,transmission,Audi,2022,95.0,461.47,43839.65,0.0
4121,PART4122,suspension,Volkswagen,2016,43.0,71.35,3068.0499999999997,1.0
4122,PART4123,tire,Audi,2014,22.0,101.57,2234.54,1.0
4123,PART4124,suspension,BMW,2022,32.0,256.53,8208.96,0.0
4124,PART4125,suspension,Volkswagen,2021,94.0,368.61,34649.340000000004,0.0
4125,PART4126,transmission,BMW,2002,98.0,384.53,37683.939999999995,1.0
4126,PART4127,suspension,Volkswagen,2018,94.0,59.93,5633.42,
4127,PART4128,brake,Volkswagen,2019,4.0,236.26,945.04,
4128,PART4129,suspension,Honda,2005,26.0,269.34,7002.839999999999,
4129,PART4130,battery,BMW,2002,55.0,354.09,19474.949999999997,0.0
4130,PART4131,tire,Toyota,2020,25.0,114.43,2860.75,1.0
4131,PART4132,transmission,BMW,2008,39.0,198.23,7730.969999999999,0.0
4132,PART4133,engine,Volkswagen,2012,21.0,122.17,2565.57,
4133,PART4134,transmission,Ford,2011,87.0,118.71,10327.769999999999,0.0
4134,PART4135,brake,BMW,2005,91.0,293.25,26685.75,
4135,PART4136,brake,Volkswagen,2002,78.0,280.7,21894.6,
4136,PART4137,engine,Honda,2022,11.0,148.27,1630.97,
4137,PART4138,brake,Honda,2012,46.0,289.53,13318.38,0.0
4138,PART4139,suspension,BMW,2003,66.0,175.81,11603.460000000001,
4139,PART4140,tire,Ford,2022,75.0,458.37,34377.75,0.0
4140,PART4141,transmission,Honda,2005,42.0,193.76,8137.92,
4141,PART4142,battery,Honda,2014,6.0,390.03,2340.18,
4142,PART4143,brake,Volkswagen,2010,71.0,317.88,22569.48,0.0
4143,PART4144,transmission,Audi,2017,36.0,109.5,3942.0,
4144,PART4145,battery,Mercedes,2019,59.0,63.17,3727.03,
4145,PART4146,transmission,Volkswagen,2011,96.0,312.27,29977.92,0.0
4146,PART4147,engine,Ford,2004,75.0,235.14,17635.5,1.0
4147,PART4148,engine,Ford,2006,15.0,175.42,2631.2999999999997,1.0
4148,PART4149,tire,Audi,2000,6.0,340.88,2045.28,1.0
4149,PART4150,suspension,Honda,2007,20.0,411.44,8228.8,0.0
4150,PART4151,engine,Toyota,2016,45.0,397.7,17896.5,0.0
4151,PART4152,battery,Volkswagen,2017,6.0,109.25,655.5,1.0
4152,PART4153,battery,BMW,2013,66.0,258.26,17045.16,0.0
4153,PART4154,battery,Honda,2004,24.0,120.68,2896.32,1.0
4154,PART4155,battery,Toyota,2006,41.0,181.76,7452.16,
4155,PART4156,tire,Audi,2008,51.0,334.65,17067.149999999998,
4156,PART4157,brake,Ford,2008,77.0,496.79,38252.83,1.0
4157,PART4158,suspension,Mercedes,2009,65.0,315.18,20486.7,1.0
4158,PART4159,engine,Mercedes,2009,38.0,131.64,5002.32,
4159,PART4160,transmission,Toyota,2009,86.0,387.67,33339.62,
4160,PART4161,suspension,Audi,2014,18.0,358.53,6453.539999999999,1.0
4161,PART4162,transmission,BMW,2018,23.0,449.17,10330.91,1.0
4162,PART4163,engine,Toyota,2018,24.0,101.64,2439.36,
4163,PART4164,suspension,Toyota,2004,43.0,85.2,3663.6,0.0
4164,PART4165,transmission,Ford,2005,54.0,54.29,2931.66,1.0
4165,PART4166,tire,Volkswagen,2006,52.0,295.12,15346.24,
4166,PART4167,transmission,Volkswagen,2006,76.0,365.94,27811.44,0.0
4167,PART4168,battery,BMW,2012,76.0,498.78,37907.28,1.0
4168,PART4169,brake,Toyota,2011,49.0,208.72,10227.28,1.0
4169,PART4170,tire,Honda,2020,49.0,278.87,13664.630000000001,1.0
4170,PART4171,engine,Honda,2000,42.0,350.95,14739.9,0.0
4171,PART4172,battery,Ford,2014,7.0,394.8,2763.6,
4172,PART4173,battery,Volkswagen,2015,21.0,52.78,1108.38,
4173,PART4174,tire,Audi,2002,74.0,167.24,12375.76,1.0
4174,PART4175,brake,Toyota,2021,29.0,278.63,8080.2699999999995,1.0
4175,PART4176,battery,Volkswagen,2014,56.0,326.81,18301.36,
4176,PART4177,tire,Honda,2019,36.0,410.58,14780.88,0.0
4177,PART4178,transmission,Toyota,2020,47.0,88.3,4150.099999999999,1.0
4178,PART4179,engine,Mercedes,2018,42.0,152.63,6410.46,1.0
4179,PART4180,tire,Volkswagen,2016,56.0,50.65,2836.4,0.0
4180,PART4181,brake,Mercedes,2013,57.0,154.8,8823.6,0.0
4181,PART4182,transmission,Mercedes,2013,33.0,259.13,8551.289999999999,0.0
4182,PART4183,brake,BMW,2003,78.0,398.25,31063.5,
4183,PART4184,tire,Volkswagen,2017,87.0,289.19,25159.53,0.0
4184,PART4185,suspension,Honda,2006,34.0,333.0,11322.0,
4185,PART4186,suspension,Volkswagen,2009,59.0,203.92,12031.279999999999,0.0
4186,PART4187,engine,BMW,2022,41.0,484.04,19845.64,1.0
4187,PART4188,engine,Audi,2000,80.0,80.38,6430.4,0.0
4188,PART4189,suspension,Audi,2015,43.0,410.23,17639.89,
4189,PART4190,brake,BMW,2006,49.0,254.8,12485.2,1.0
4190,PART4191,transmission,Ford,2013,51.0,198.9,10143.9,1.0
4191,PART4192,brake,BMW,2012,61.0,149.66,9129.26,0.0
4192,PART4193,transmission,Ford,2003,21.0,76.23,1600.8300000000002,
4193,PART4194,suspension,Toyota,2015,79.0,409.54,32353.66,
4194,PART4195,transmission,Mercedes,2016,79.0,295.93,23378.47,0.0
4195,PART4196,battery,Honda,2009,41.0,426.57,17489.37,
4196,PART4197,battery,Mercedes,2006,47.0,66.88,3143.3599999999997,0.0
4197,PART4198,tire,Honda,2000,60.0,161.9,9714.0,
4198,PART4199,battery,Ford,2019,42.0,179.21,7526.820000000001,1.0
4199,PART4200,battery,Audi,2000,94.0,324.59,30511.46,1.0
4200,PART4201,brake,Honda,2022,80.0,221.19,17695.2,1.0
4201,PART4202,engine,BMW,2021,11.0,155.54,1710.9399999999998,0.0
4202,PART4203,battery,Honda,2015,44.0,58.43,2570.92,0.0
4203,PART4204,battery,Audi,2005,88.0,383.83,33777.04,
4204,PART4205,brake,Volkswagen,2022,25.0,194.01,4850.25,1.0
4205,PART4206,brake,Mercedes,2013,22.0,471.47,10372.34,0.0
4206,PART4207,engine,Honda,2005,38.0,253.21,9621.98,1.0
4207,PART4208,suspension,BMW,2021,14.0,458.86,6424.04,0.0
4208,PART4209,tire,Ford,2011,3.0,90.62,271.86,1.0
4209,PART4210,engine,Honda,2011,38.0,100.89,3833.82,0.0
4210,PART4211,brake,Audi,2019,29.0,296.58,8600.82,0.0
4211,PART4212,battery,Audi,2022,7.0,249.88,1749.1599999999999,1.0
4212,PART4213,tire,Mercedes,2015,60.0,338.71,20322.6,0.0
4213,PART4214,battery,Honda,2008,8.0,325.04,2600.32,
4214,PART4215,transmission,BMW,2010,69.0,312.1,21534.9,0.0
4215,PART4216,engine,Toyota,2011,11.0,411.94,4531.34,1.0
4216,PART4217,suspension,Honda,2013,18.0,427.36,7692.4800000000005,
4217,PART4218,transmission,Toyota,2006,56.0,58.6,3281.6,
4218,PART4219,engine,Audi,2020,70.0,117.93,8255.1,0.0
4219,PART4220,transmission,Audi,2008,69.0,312.93,21592.170000000002,1.0
4220,PART4221,tire,Honda,2004,69.0,97.46,6724.74,0.0
4221,PART4222,brake,BMW,2020,78.0,189.03,14744.34,1.0
4222,PART4223,brake,Mercedes,2013,41.0,223.35,9157.35,
4223,PART4224,brake,Toyota,2018,81.0,285.62,23135.22,1.0
4224,PART4225,brake,Honda,2001,17.0,216.17,3674.89,1.0
4225,PART4226,suspension,Ford,2016,46.0,130.49,6002.540000000001,1.0
4226,PART4227,engine,Toyota,2008,34.0,154.85,5264.9,
4227,PART4228,brake,Audi,2001,66.0,418.26,27605.16,0.0
4228,PART4229,transmission,Mercedes,2007,72.0,216.24,15569.28,
4229,PART4230,engine,Honda,2016,1.0,360.85,360.85,1.0
4230,PART4231,transmission,Mercedes,2020,58.0,230.83,13388.140000000001,
4231,PART4232,engine,BMW,2010,29.0,79.29,2299.4100000000003,1.0
4232,PART4233,transmission,BMW,2019,58.0,286.02,16589.16,0.0
4233,PART4234,brake,Mercedes,2006,26.0,218.53,5681.78,0.0
4234,PART4235,transmission,Audi,2012,65.0,444.14,28869.1,1.0
4235,PART4236,suspension,Toyota,2019,71.0,358.79,25474.09,0.0
4236,PART4237,engine,BMW,2012,23.0,97.63,2245.49,
4237,PART4238,brake,BMW,2021,97.0,342.3,33203.1,1.0
4238,PART4239,tire,BMW,2010,8.0,156.56,1252.48,1.0
4239,PART4240,engine,Honda,2004,60.0,57.65,3459.0,1.0
4240,PART4241,brake,Honda,2006,8.0,105.29,842.32,0.0
4241,PART4242,battery,Toyota,2006,50.0,243.15,12157.5,0.0
4242,PART4243,tire,Honda,2015,65.0,417.85,27160.25,1.0
4243,PART4244,suspension,Volkswagen,2000,28.0,350.94,9826.32,0.0
4244,PART4245,tire,Toyota,2016,54.0,290.56,15690.24,
4245,PART4246,transmission,Volkswagen,2015,72.0,169.62,12212.64,
4246,PART4247,suspension,Honda,2005,88.0,163.08,14351.04,1.0
4247,PART4248,battery,Ford,2008,51.0,204.21,10414.710000000001,0.0
4248,PART4249,battery,Mercedes,2018,77.0,471.58,36311.659999999996,
4249,PART4250,engine,Mercedes,2000,78.0,145.62,11358.36,1.0
4250,PART4251,engine,Honda,2017,85.0,52.29,4444.65,0.0
4251,PART4252,battery,Mercedes,2018,39.0,231.15,9014.85,
4252,PART4253,tire,Ford,2016,85.0,100.54,8545.9,0.0
4253,PART4254,suspension,Toyota,2022,48.0,128.6,6172.799999999999,0.0
4254,PART4255,battery,Toyota,2002,98.0,477.5,46795.0,0.0
4255,PART4256,brake,Audi,2003,44.0,471.23,20734.120000000003,
4256,PART4257,engine,BMW,2013,96.0,110.09,10568.64,0.0
4257,PART4258,suspension,Honda,2011,88.0,416.09,36615.92,0.0
4258,PART4259,battery,Mercedes,2000,68.0,179.44,12201.92,
4259,PART4260,brake,BMW,2006,51.0,390.99,19940.49,0.0
4260,PART4261,brake,Mercedes,2007,91.0,493.68,44924.88,1.0
4261,PART4262,battery,BMW,2008,99.0,77.4,7662.6,1.0
4262,PART4263,engine,BMW,2012,46.0,443.98,20423.08,1.0
4263,PART4264,brake,Volkswagen,2013,15.0,281.98,4229.700000000001,
4264,PART4265,engine,Ford,2018,64.0,428.46,27421.44,0.0
4265,PART4266,engine,Audi,2008,20.0,215.32,4306.4,
4266,PART4267,engine,Ford,2016,95.0,92.86,8821.7,1.0
4267,PART4268,suspension,BMW,2004,76.0,260.19,19774.44,
4268,PART4269,battery,Honda,2006,32.0,204.01,6528.32,0.0
4269,PART4270,battery,Ford,2015,8.0,456.33,3650.64,0.0
4270,PART4271,battery,Ford,2017,14.0,259.44,3632.16,
4271,PART4272,brake,Volkswagen,2000,26.0,474.91,12347.66,
4272,PART4273,tire,Toyota,2006,24.0,123.04,2952.96,0.0
4273,PART4274,suspension,Volkswagen,2018,37.0,377.56,13969.72,1.0
4274,PART4275,tire,Mercedes,2017,1.0,75.76,75.76,1.0
4275,PART4276,transmission,Honda,2008,16.0,394.08,6305.28,0.0
4276,PART4277,tire,Honda,2015,29.0,255.64,7413.5599999999995,1.0
4277,PART4278,battery,Mercedes,2003,22.0,136.17,2995.74,
4278,PART4279,suspension,Mercedes,2003,88.0,175.06,15405.28,1.0
4279,PART4280,engine,Honda,2017,85.0,392.77,33385.45,0.0
4280,PART4281,tire,Toyota,2008,79.0,111.14,8780.06,
4281,PART4282,transmission,Toyota,2005,96.0,228.11,21898.56,1.0
4282,PART4283,battery,Volkswagen,2010,53.0,230.72,12228.16,1.0
4283,PART4284,engine,BMW,2002,53.0,460.03,24381.59,1.0
4284,PART4285,suspension,Volkswagen,2001,1.0,283.3,283.3,0.0
4285,PART4286,brake,BMW,2015,54.0,267.59,14449.859999999999,
4286,PART4287,tire,Ford,2013,84.0,211.74,17786.16,0.0
4287,PART4288,engine,Ford,2013,76.0,88.2,6703.2,
4288,PART4289,battery,Volkswagen,2012,23.0,95.29,2191.67,
4289,PART4290,suspension,Volkswagen,2019,7.0,429.47,3006.29,0.0
4290,PART4291,brake,Ford,2021,90.0,230.83,20774.7,1.0
4291,PART4292,suspension,Mercedes,2014,66.0,395.71,26116.859999999997,0.0
4292,PART4293,tire,Mercedes,2021,88.0,85.71,7542.48,0.0
4293,PART4294,tire,BMW,2008,90.0,97.71,8793.9,0.0
4294,PART4295,brake,Honda,2006,18.0,276.47,4976.460000000001,
4295,PART4296,battery,BMW,2016,44.0,385.16,16947.04,
4296,PART4297,suspension,Toyota,2019,99.0,73.84,7310.160000000001,1.0
4297,PART4298,tire,BMW,2021,20.0,240.99,4819.8,1.0
4298,PART4299,tire,Audi,2000,11.0,357.62,3933.82,0.0
4299,PART4300,suspension,Ford,2013,94.0,217.75,20468.5,
4300,PART4301,engine,Ford,2010,31.0,228.11,7071.410000000001,1.0
4301,PART4302,engine,Audi,2010,67.0,390.28,26148.76,
4302,PART4303,tire,Volkswagen,2020,67.0,368.95,24719.649999999998,0.0
4303,PART4304,engine,Mercedes,2017,45.0,244.48,11001.6,
4304,PART4305,battery,BMW,2014,41.0,436.4,17892.399999999998,0.0
4305,PART4306,engine,Ford,2001,12.0,163.67,1964.04,
4306,PART4307,brake,Mercedes,2005,18.0,486.79,8762.220000000001,0.0
4307,PART4308,brake,Volkswagen,2020,80.0,135.88,10870.4,0.0
4308,PART4309,engine,BMW,2012,66.0,210.12,13867.92,1.0
4309,PART4310,tire,Volkswagen,2013,19.0,256.19,4867.61,1.0
4310,PART4311,tire,Audi,2004,32.0,74.2,2374.4,
4311,PART4312,tire,Toyota,2020,52.0,155.41,8081.32,
4312,PART4313,transmission,Toyota,2001,36.0,277.63,9994.68,1.0
4313,PART4314,brake,Toyota,2022,51.0,82.46,4205.46,1.0
4314,PART4315,engine,Volkswagen,2022,8.0,96.82,774.56,1.0
4315,PART4316,transmission,Volkswagen,2000,26.0,281.07,7307.82,
4316,PART4317,suspension,Honda,2009,6.0,213.27,1279.6200000000001,0.0
4317,PART4318,tire,Honda,2001,74.0,247.76,18334.239999999998,1.0
4318,PART4319,tire,Mercedes,2003,33.0,399.55,13185.15,
4319,PART4320,suspension,BMW,2016,31.0,59.43,1842.33,1.0
4320,PART4321,suspension,Toyota,2004,97.0,409.86,39756.42,1.0
4321,PART4322,brake,BMW,2001,1.0,283.78,283.78,
4322,PART4323,battery,Audi,2007,14.0,168.08,2353.1200000000003,
4323,PART4324,brake,BMW,2015,44.0,417.56,18372.64,1.0
4324,PART4325,engine,Volkswagen,2015,33.0,196.76,6493.08,1.0
4325,PART4326,suspension,BMW,2009,76.0,243.94,18539.44,0.0
4326,PART4327,brake,Honda,2018,71.0,481.51,34187.21,
4327,PART4328,transmission,Honda,2015,93.0,391.4,36400.2,0.0
4328,PART4329,brake,Honda,2014,72.0,83.48,6010.56,
4329,PART4330,suspension,Mercedes,2005,16.0,333.35,5333.6,
4330,PART4331,brake,Ford,2003,83.0,218.34,18122.22,0.0
4331,PART4332,engine,Honda,2004,16.0,338.53,5416.48,0.0
4332,PART4333,transmission,Mercedes,2020,42.0,102.39,4300.38,1.0
4333,PART4334,transmission,Toyota,2011,33.0,423.39,13971.869999999999,
4334,PART4335,tire,Ford,2021,80.0,286.57,22925.6,1.0
4335,PART4336,suspension,Mercedes,2004,47.0,338.51,15909.97,0.0
4336,PART4337,tire,Toyota,2010,24.0,206.63,4959.12,0.0
4337,PART4338,engine,Toyota,2018,20.0,394.18,7883.6,0.0
4338,PART4339,battery,Audi,2017,18.0,435.88,7845.84,
4339,PART4340,transmission,Toyota,2003,49.0,66.38,3252.62,0.0
4340,PART4341,brake,BMW,2000,53.0,285.7,15142.099999999999,
4341,PART4342,engine,Volkswagen,2019,86.0,107.77,9268.22,1.0
4342,PART4343,tire,Audi,2015,71.0,213.78,15178.38,0.0
4343,PART4344,suspension,Toyota,2016,47.0,178.07,8369.289999999999,1.0
4344,PART4345,suspension,Volkswagen,2012,96.0,311.15,29870.399999999998,0.0
4345,PART4346,battery,Audi,2004,43.0,483.82,20804.26,
4346,PART4347,battery,Honda,2004,68.0,319.14,21701.52,0.0
4347,PART4348,transmission,Ford,2012,95.0,209.71,19922.45,
4348,PART4349,brake,Honda,2015,53.0,163.69,8675.57,
4349,PART4350,tire,Toyota,2010,91.0,496.16,45150.560000000005,1.0
4350,PART4351,transmission,Ford,2017,5.0,236.48,1182.3999999999999,
4351,PART4352,battery,Ford,2013,66.0,458.32,30249.12,1.0
4352,PART4353,transmission,Ford,2003,78.0,71.26,5558.280000000001,0.0
4353,PART4354,transmission,Honda,2016,27.0,233.84,6313.68,1.0
4354,PART4355,transmission,Ford,2000,35.0,499.25,17473.75,1.0
4355,PART4356,battery,BMW,2010,48.0,307.48,14759.04,0.0
4356,PART4357,brake,Mercedes,2004,62.0,399.14,24746.68,0.0
4357,PART4358,suspension,Audi,2007,42.0,145.51,6111.42,0.0
4358,PART4359,battery,Mercedes,2006,83.0,223.15,18521.45,
4359,PART4360,transmission,BMW,2003,20.0,246.51,4930.2,1.0
4360,PART4361,engine,Ford,2009,61.0,218.02,13299.220000000001,0.0
4361,PART4362,transmission,Volkswagen,2006,21.0,158.4,3326.4,0.0
4362,PART4363,brake,Ford,2016,18.0,418.53,7533.539999999999,1.0
4363,PART4364,battery,Audi,2018,85.0,429.68,36522.8,
4364,PART4365,brake,Ford,2022,19.0,94.21,1789.9899999999998,
4365,PART4366,transmission,Toyota,2002,27.0,203.93,5506.110000000001,0.0
4366,PART4367,brake,Honda,2010,1.0,250.34,250.34,
4367,PART4368,engine,BMW,2005,75.0,358.5,26887.5,
4368,PART4369,transmission,BMW,2007,83.0,454.07,37687.81,0.0
4369,PART4370,tire,Audi,2013,85.0,440.37,37431.45,
4370,PART4371,transmission,Audi,2022,1.0,252.51,252.51,0.0
4371,PART4372,suspension,Toyota,2014,71.0,416.31,29558.01,1.0
4372,PART4373,suspension,Audi,2011,37.0,59.19,2190.0299999999997,0.0
4373,PART4374,brake,Volkswagen,2008,92.0,68.66,6316.719999999999,1.0
4374,PART4375,suspension,Volkswagen,2013,23.0,239.67,5512.41,0.0
4375,PART4376,brake,Honda,2005,26.0,103.06,2679.56,
4376,PART4377,engine,Toyota,2008,68.0,208.65,14188.2,1.0
4377,PART4378,battery,Volkswagen,2003,91.0,182.96,16649.36,1.0
4378,PART4379,suspension,Mercedes,2014,27.0,54.35,1467.45,0.0
4379,PART4380,tire,Toyota,2002,43.0,77.03,3312.29,1.0
4380,PART4381,battery,BMW,2000,98.0,110.01,10780.980000000001,
4381,PART4382,brake,Volkswagen,2000,61.0,124.54,7596.9400000000005,1.0
4382,PART4383,battery,Audi,2007,58.0,119.6,6936.799999999999,1.0
4383,PART4384,suspension,Volkswagen,2018,47.0,432.71,20337.37,
4384,PART4385,engine,BMW,2006,36.0,73.57,2648.5199999999995,0.0
4385,PART4386,suspension,Honda,2003,16.0,79.39,1270.24,
4386,PART4387,brake,BMW,2016,6.0,311.72,1870.3200000000002,0.0
4387,PART4388,battery,Audi,2021,92.0,92.62,8521.04,1.0
4388,PART4389,tire,Volkswagen,2011,67.0,422.75,28324.25,1.0
4389,PART4390,suspension,Volkswagen,2008,82.0,55.05,4514.099999999999,1.0
4390,PART4391,suspension,Ford,2014,81.0,63.7,5159.7,
4391,PART4392,brake,BMW,2009,49.0,155.49,7619.01,1.0
4392,PART4393,suspension,Audi,2022,77.0,201.93,15548.61,0.0
4393,PART4394,engine,Toyota,2022,11.0,143.43,1577.73,1.0
4394,PART4395,tire,Ford,2015,72.0,374.76,26982.72,0.0
4395,PART4396,suspension,Mercedes,2019,99.0,309.05,30595.95,
4396,PART4397,suspension,Toyota,2009,39.0,254.43,9922.77,0.0
4397,PART4398,engine,Honda,2003,5.0,62.04,310.2,1.0
4398,PART4399,battery,Honda,2001,86.0,333.67,28695.620000000003,
4399,PART4400,engine,Audi,2005,49.0,150.5,7374.5,0.0
4400,PART4401,battery,Honda,2009,62.0,491.59,30478.579999999998,1.0
4401,PART4402,tire,Audi,2011,76.0,410.02,31161.519999999997,
4402,PART4403,engine,Mercedes,2017,85.0,62.94,5349.9,0.0
4403,PART4404,engine,Volkswagen,2013,47.0,419.04,19694.88,
4404,PART4405,battery,Honda,2012,22.0,163.66,3600.52,1.0
4405,PART4406,engine,Volkswagen,2002,78.0,397.06,30970.68,0.0
4406,PART4407,tire,Mercedes,2021,7.0,230.05,1610.3500000000001,1.0
4407,PART4408,suspension,Mercedes,2017,88.0,69.58,6123.04,1.0
4408,PART4409,brake,Toyota,2003,84.0,328.85,27623.4,
4409,PART4410,suspension,Volkswagen,2020,49.0,418.44,20503.56,
4410,PART4411,battery,BMW,2019,31.0,335.96,10414.76,1.0
4411,PART4412,transmission,BMW,2022,78.0,80.9,6310.200000000001,1.0
4412,PART4413,suspension,Volkswagen,2012,96.0,198.73,19078.079999999998,1.0
4413,PART4414,battery,Audi,2006,88.0,333.41,29340.08,1.0
4414,PART4415,tire,Volkswagen,2020,8.0,489.12,3912.96,0.0
4415,PART4416,engine,Mercedes,2009,99.0,387.3,38342.700000000004,0.0
4416,PART4417,battery,Volkswagen,2010,11.0,95.8,1053.8,1.0
4417,PART4418,tire,Mercedes,2007,7.0,197.41,1381.87,1.0
4418,PART4419,tire,Ford,2010,90.0,84.46,7601.4,1.0
4419,PART4420,suspension,Mercedes,2008,62.0,88.11,5462.82,0.0
4420,PART4421,brake,Honda,2013,32.0,418.99,13407.68,0.0
4421,PART4422,brake,Audi,2000,86.0,163.88,14093.68,0.0
4422,PART4423,brake,Volkswagen,2012,50.0,209.2,10460.0,0.0
4423,PART4424,engine,Audi,2021,82.0,205.29,16833.78,0.0
4424,PART4425,transmission,Ford,2020,77.0,178.75,13763.75,0.0
4425,PART4426,brake,BMW,2000,89.0,374.0,33286.0,
4426,PART4427,tire,Ford,2002,47.0,98.28,4619.16,
4427,PART4428,brake,Audi,2020,59.0,179.55,10593.45,1.0
4428,PART4429,battery,Ford,2004,17.0,415.92,7070.64,
4429,PART4430,transmission,Honda,2008,25.0,210.01,5250.25,0.0
4430,PART4431,tire,Volkswagen,2022,69.0,175.43,12104.67,
4431,PART4432,battery,Audi,2020,6.0,51.21,307.26,
4432,PART4433,battery,Honda,2004,90.0,168.08,15127.2,0.0
4433,PART4434,brake,Toyota,2003,66.0,484.53,31978.98,0.0
4434,PART4435,brake,Toyota,2009,54.0,418.56,22602.24,0.0
4435,PART4436,brake,Audi,2015,89.0,112.44,10007.16,
4436,PART4437,tire,Mercedes,2022,10.0,60.4,604.0,
4437,PART4438,transmission,Honda,2004,53.0,129.47,6861.91,0.0
4438,PART4439,transmission,Audi,2014,1.0,71.69,71.69,0.0
4439,PART4440,transmission,Mercedes,2004,51.0,466.71,23802.21,0.0
4440,PART4441,brake,Audi,2004,48.0,445.55,21386.4,
4441,PART4442,tire,BMW,2005,54.0,210.11,11345.94,1.0
4442,PART4443,suspension,Ford,2015,92.0,385.74,35488.08,0.0
4443,PART4444,brake,Toyota,2001,13.0,322.01,4186.13,0.0
4444,PART4445,tire,Ford,2013,24.0,218.35,5240.4,1.0
4445,PART4446,engine,Ford,2019,4.0,331.35,1325.4,1.0
4446,PART4447,brake,BMW,2015,80.0,352.57,28205.6,1.0
4447,PART4448,engine,BMW,2010,51.0,189.55,9667.050000000001,1.0
4448,PART4449,engine,BMW,2021,78.0,350.82,27363.96,1.0
4449,PART4450,battery,Toyota,2020,24.0,423.48,10163.52,0.0
4450,PART4451,suspension,Ford,2002,8.0,178.44,1427.52,1.0
4451,PART4452,transmission,Audi,2008,3.0,165.52,496.56000000000006,
4452,PART4453,battery,Audi,2000,53.0,172.18,9125.54,
4453,PART4454,tire,Audi,2016,57.0,308.56,17587.920000000002,0.0
4454,PART4455,suspension,Ford,2011,6.0,490.46,2942.7599999999998,
4455,PART4456,transmission,Volkswagen,2008,67.0,220.88,14798.96,0.0
4456,PART4457,battery,BMW,2012,98.0,144.53,14163.94,0.0
4457,PART4458,suspension,Volkswagen,2021,9.0,461.67,4155.03,1.0
4458,PART4459,suspension,Audi,2022,89.0,133.8,11908.2,
4459,PART4460,transmission,Audi,2000,63.0,341.85,21536.550000000003,
4460,PART4461,brake,Volkswagen,2016,84.0,366.3,30769.2,1.0
4461,PART4462,engine,Audi,2018,46.0,92.77,4267.42,1.0
4462,PART4463,brake,Toyota,2007,60.0,187.01,11220.599999999999,
4463,PART4464,transmission,Toyota,2009,61.0,196.19,11967.59,
4464,PART4465,battery,Mercedes,2016,92.0,116.14,10684.88,1.0
4465,PART4466,engine,Honda,2005,96.0,60.27,5785.92,0.0
4466,PART4467,battery,Volkswagen,2014,53.0,334.79,17743.870000000003,0.0
4467,PART4468,battery,Audi,2000,78.0,303.3,23657.4,1.0
4468,PART4469,brake,Audi,2000,97.0,254.39,24675.829999999998,
4469,PART4470,battery,Toyota,2004,68.0,434.68,29558.24,
4470,PART4471,battery,Volkswagen,2003,50.0,253.77,12688.5,1.0
4471,PART4472,suspension,BMW,2001,60.0,285.01,17100.6,0.0
4472,PART4473,brake,Audi,2021,37.0,494.7,18303.899999999998,1.0
4473,PART4474,brake,Ford,2012,23.0,135.2,3109.6,
4474,PART4475,tire,BMW,2015,59.0,198.75,11726.25,0.0
4475,PART4476,brake,BMW,2015,51.0,257.63,13139.13,1.0
4476,PART4477,transmission,Ford,2008,57.0,59.46,3389.2200000000003,0.0
4477,PART4478,engine,Toyota,2005,13.0,498.66,6482.58,1.0
4478,PART4479,suspension,Mercedes,2017,39.0,67.97,2650.83,0.0
4479,PART4480,brake,Honda,2022,57.0,84.76,4831.320000000001,1.0
4480,PART4481,engine,Toyota,2005,67.0,237.54,15915.18,1.0
4481,PART4482,engine,Toyota,2002,66.0,156.25,10312.5,1.0
4482,PART4483,brake,Volkswagen,2002,16.0,180.8,2892.8,0.0
4483,PART4484,battery,Volkswagen,2020,22.0,195.15,4293.3,0.0
4484,PART4485,transmission,Ford,2013,29.0,198.21,5748.09,1.0
4485,PART4486,battery,BMW,2004,8.0,284.62,2276.96,1.0
4486,PART4487,battery,Volkswagen,2003,71.0,368.93,26194.03,
4487,PART4488,engine,Honda,2008,77.0,420.22,32356.940000000002,0.0
4488,PART4489,tire,Toyota,2005,18.0,190.05,3420.9,
4489,PART4490,transmission,Audi,2001,79.0,123.32,9742.279999999999,
4490,PART4491,engine,Toyota,2001,55.0,170.66,9386.3,1.0
4491,PART4492,engine,Mercedes,2006,44.0,59.8,2631.2,
4492,PART4493,battery,Toyota,2015,67.0,276.27,18510.09,0.0
4493,PART4494,transmission,Audi,2020,3.0,189.51,568.53,
4494,PART4495,battery,Honda,2003,2.0,387.7,775.4,
4495,PART4496,battery,BMW,2006,39.0,322.75,12587.25,
4496,PART4497,battery,Honda,2006,82.0,447.0,36654.0,1.0
4497,PART4498,suspension,Audi,2003,99.0,359.94,35634.06,1.0
4498,PART4499,tire,Ford,2015,39.0,292.27,11398.529999999999,
4499,PART4500,brake,Toyota,2005,54.0,174.57,9426.779999999999,1.0
4500,PART4501,tire,Honda,2021,97.0,73.38,7117.86,0.0
4501,PART4502,transmission,Toyota,2002,39.0,208.69,8138.91,0.0
4502,PART4503,engine,Ford,2010,28.0,343.99,9631.720000000001,0.0
4503,PART4504,brake,Ford,2019,87.0,263.47,22921.890000000003,
4504,PART4505,transmission,Honda,2006,19.0,126.03,2394.57,0.0
4505,PART4506,engine,Audi,2008,32.0,401.3,12841.6,0.0
4506,PART4507,tire,Ford,2017,40.0,184.26,7370.4,1.0
4507,PART4508,brake,Toyota,2004,63.0,226.29,14256.269999999999,1.0
4508,PART4509,engine,Toyota,2009,26.0,112.89,2935.14,0.0
4509,PART4510,brake,Ford,2019,33.0,293.14,9673.619999999999,
4510,PART4511,suspension,BMW,2010,46.0,238.76,10982.96,
4511,PART4512,brake,Honda,2000,31.0,256.89,7963.589999999999,
4512,PART4513,battery,BMW,2011,9.0,442.11,3978.9900000000002,1.0
4513,PART4514,suspension,Toyota,2009,63.0,172.3,10854.900000000001,
4514,PART4515,tire,Honda,2003,95.0,389.5,37002.5,
4515,PART4516,suspension,Volkswagen,2015,16.0,401.14,6418.24,0.0
4516,PART4517,transmission,Audi,2009,67.0,223.48,14973.16,1.0
4517,PART4518,engine,Honda,2010,57.0,478.97,27301.29,0.0
4518,PART4519,engine,Honda,2004,95.0,405.75,38546.25,0.0
4519,PART4520,engine,Audi,2016,49.0,111.48,5462.52,0.0
4520,PART4521,engine,Toyota,2017,82.0,402.1,32972.200000000004,
4521,PART4522,tire,Mercedes,2022,90.0,449.65,40468.5,1.0
4522,PART4523,battery,Audi,2018,93.0,89.11,8287.23,1.0
4523,PART4524,battery,Ford,2004,43.0,445.15,19141.45,0.0
4524,PART4525,tire,Ford,2018,92.0,73.37,6750.040000000001,1.0
4525,PART4526,suspension,Audi,2021,24.0,366.65,8799.599999999999,
4526,PART4527,suspension,BMW,2001,97.0,469.42,45533.74,
4527,PART4528,engine,BMW,2006,25.0,478.07,11951.75,1.0
4528,PART4529,tire,BMW,2005,31.0,449.23,13926.130000000001,
4529,PART4530,battery,Audi,2010,71.0,125.35,8899.85,0.0
4530,PART4531,brake,Honda,2018,15.0,205.51,3082.6499999999996,1.0
4531,PART4532,brake,Toyota,2011,16.0,322.04,5152.64,
4532,PART4533,brake,Audi,2014,32.0,342.35,10955.2,0.0
4533,PART4534,battery,Mercedes,2020,46.0,163.64,7527.44,1.0
4534,PART4535,battery,Mercedes,2013,84.0,312.4,26241.6,
4535,PART4536,tire,Ford,2009,64.0,249.51,15968.64,1.0
4536,PART4537,brake,Mercedes,2010,75.0,227.25,17043.75,0.0
4537,PART4538,engine,Toyota,2007,13.0,193.02,2509.26,1.0
4538,PART4539,transmission,Ford,2008,75.0,440.65,33048.75,0.0
4539,PART4540,transmission,Toyota,2006,28.0,403.32,11292.96,
4540,PART4541,tire,Ford,2020,78.0,133.87,10441.86,1.0
4541,PART4542,suspension,Mercedes,2020,21.0,348.8,7324.8,0.0
4542,PART4543,battery,Mercedes,2008,95.0,68.51,6508.450000000001,1.0
4543,PART4544,tire,Honda,2007,44.0,325.28,14312.32,0.0
4544,PART4545,battery,Honda,2014,11.0,253.75,2791.25,
4545,PART4546,transmission,Mercedes,2018,8.0,486.86,3894.88,
4546,PART4547,battery,Honda,2007,51.0,70.37,3588.8700000000003,0.0
4547,PART4548,brake,Ford,2020,9.0,220.4,1983.6000000000001,
4548,PART4549,tire,Ford,2000,48.0,213.27,10236.960000000001,1.0
4549,PART4550,transmission,Ford,2003,31.0,78.31,2427.61,1.0
4550,PART4551,transmission,Toyota,2001,15.0,76.85,1152.75,1.0
4551,PART4552,battery,Ford,2009,99.0,342.68,33925.32,0.0
4552,PART4553,transmission,Volkswagen,2022,85.0,51.33,4363.05,0.0
4553,PART4554,brake,BMW,2010,62.0,450.54,27933.48,
4554,PART4555,transmission,Toyota,2004,5.0,454.19,2270.95,0.0
4555,PART4556,brake,Mercedes,2015,73.0,449.5,32813.5,1.0
4556,PART4557,engine,Audi,2014,29.0,84.42,2448.18,0.0
4557,PART4558,brake,BMW,2014,64.0,227.96,14589.44,0.0
4558,PART4559,transmission,Audi,2000,65.0,415.86,27030.9,
4559,PART4560,brake,Audi,2014,80.0,438.38,35070.4,1.0
4560,PART4561,tire,Audi,2009,19.0,424.98,8074.620000000001,1.0
4561,PART4562,engine,Toyota,2011,7.0,395.51,2768.5699999999997,0.0
4562,PART4563,suspension,Toyota,2015,39.0,238.25,9291.75,1.0
4563,PART4564,tire,Audi,2014,44.0,213.89,9411.16,1.0
4564,PART4565,battery,Volkswagen,2015,19.0,251.15,4771.85,1.0
4565,PART4566,suspension,Volkswagen,2010,13.0,141.03,1833.39,
4566,PART4567,tire,Volkswagen,2006,40.0,111.85,4474.0,1.0
4567,PART4568,transmission,Honda,2007,78.0,313.17,24427.260000000002,0.0
4568,PART4569,transmission,Audi,2017,29.0,157.03,4553.87,1.0
4569,PART4570,battery,Toyota,2004,63.0,389.54,24541.02,1.0
4570,PART4571,transmission,Ford,2021,36.0,112.73,4058.28,
4571,PART4572,suspension,Honda,2019,3.0,485.59,1456.77,
4572,PART4573,battery,Honda,2021,54.0,109.78,5928.12,1.0
4573,PART4574,tire,Audi,2016,22.0,159.76,3514.72,
4574,PART4575,transmission,Mercedes,2014,86.0,354.74,30507.64,
4575,PART4576,engine,BMW,2005,14.0,289.6,4054.4000000000005,1.0
4576,PART4577,battery,Volkswagen,2002,69.0,239.85,16549.649999999998,0.0
4577,PART4578,brake,Audi,2005,84.0,461.43,38760.12,1.0
4578,PART4579,engine,Audi,2017,92.0,396.27,36456.84,
4579,PART4580,tire,Mercedes,2013,88.0,95.03,8362.64,1.0
4580,PART4581,transmission,Audi,2007,25.0,50.58,1264.5,1.0
4581,PART4582,battery,BMW,2012,16.0,245.42,3926.72,
4582,PART4583,suspension,Honda,2017,75.0,116.12,8709.0,
4583,PART4584,battery,Volkswagen,2010,74.0,465.23,34427.020000000004,0.0
4584,PART4585,brake,Volkswagen,2004,78.0,342.06,26680.68,0.0
4585,PART4586,suspension,BMW,2017,18.0,165.93,2986.7400000000002,0.0
4586,PART4587,suspension,Ford,2017,83.0,84.97,7052.51,
4587,PART4588,brake,Volkswagen,2007,14.0,249.03,3486.42,
4588,PART4589,engine,Toyota,2009,51.0,401.44,20473.44,1.0
4589,PART4590,tire,Audi,2016,55.0,371.82,20450.1,1.0
4590,PART4591,battery,Honda,2022,91.0,58.46,5319.86,1.0
4591,PART4592,battery,Mercedes,2017,14.0,463.95,6495.3,1.0
4592,PART4593,engine,Audi,2001,17.0,133.81,2274.77,
4593,PART4594,tire,BMW,2007,69.0,85.57,5904.33,0.0
4594,PART4595,engine,Audi,2015,59.0,183.88,10848.92,1.0
4595,PART4596,battery,Honda,2017,51.0,239.76,12227.76,0.0
4596,PART4597,brake,Honda,2010,73.0,484.9,35397.7,
4597,PART4598,brake,BMW,2016,48.0,136.0,6528.0,
4598,PART4599,brake,Toyota,2016,18.0,187.82,3380.7599999999998,1.0
4599,PART4600,transmission,Mercedes,2019,65.0,200.87,13056.550000000001,0.0
4600,PART4601,tire,Ford,2012,12.0,216.17,2594.04,1.0
4601,PART4602,engine,BMW,2017,71.0,247.66,17583.86,0.0
4602,PART4603,brake,Ford,2012,48.0,452.46,21718.079999999998,0.0
4603,PART4604,tire,Honda,2010,28.0,265.43,7432.04,1.0
4604,PART4605,engine,BMW,2008,48.0,251.8,12086.400000000001,
4605,PART4606,battery,BMW,2011,33.0,116.74,3852.4199999999996,0.0
4606,PART4607,transmission,Toyota,2013,91.0,151.61,13796.510000000002,
4607,PART4608,transmission,Honda,2003,76.0,184.15,13995.4,0.0
4608,PART4609,tire,Ford,2010,34.0,232.4,7901.6,
4609,PART4610,tire,Volkswagen,2002,97.0,80.11,7770.67,0.0
4610,PART4611,engine,Ford,2021,46.0,97.2,4471.2,
4611,PART4612,suspension,Mercedes,2007,96.0,129.69,12450.24,0.0
4612,PART4613,suspension,Toyota,2021,49.0,357.94,17539.06,0.0
4613,PART4614,transmission,Ford,2014,64.0,352.14,22536.96,1.0
4614,PART4615,transmission,Ford,2005,95.0,62.01,5890.95,
4615,PART4616,battery,BMW,2003,65.0,194.08,12615.2,0.0
4616,PART4617,brake,BMW,2012,53.0,135.47,7179.91,
4617,PART4618,engine,Ford,2014,3.0,274.56,823.6800000000001,1.0
4618,PART4619,engine,Volkswagen,2003,20.0,494.58,9891.6,
4619,PART4620,brake,Volkswagen,2012,96.0,429.23,41206.08,1.0
4620,PART4621,engine,Toyota,2005,97.0,188.95,18328.149999999998,
4621,PART4622,engine,Ford,2002,2.0,281.14,562.28,
4622,PART4623,battery,BMW,2012,13.0,110.13,1431.69,
4623,PART4624,tire,Mercedes,2014,44.0,317.98,13991.12,0.0
4624,PART4625,tire,Toyota,2011,5.0,245.43,1227.15,1.0
4625,PART4626,transmission,Mercedes,2010,33.0,483.67,15961.11,0.0
4626,PART4627,suspension,Ford,2015,34.0,175.49,5966.66,0.0
4627,PART4628,engine,Honda,2017,12.0,361.77,4341.24,
4628,PART4629,tire,Audi,2019,82.0,274.1,22476.2,1.0
4629,PART4630,tire,Audi,2007,47.0,223.34,10496.98,1.0
4630,PART4631,engine,Mercedes,2019,23.0,201.65,4637.95,1.0
4631,PART4632,tire,BMW,2020,51.0,132.28,6746.28,0.0
4632,PART4633,transmission,Volkswagen,2006,91.0,219.64,19987.239999999998,1.0
4633,PART4634,suspension,BMW,2011,53.0,53.3,2824.8999999999996,
4634,PART4635,brake,Honda,2018,58.0,383.25,22228.5,1.0
4635,PART4636,tire,Ford,2009,37.0,342.03,12655.109999999999,1.0
4636,PART4637,brake,Ford,2001,93.0,236.71,22014.030000000002,
4637,PART4638,engine,BMW,2001,16.0,229.75,3676.0,
4638,PART4639,battery,Volkswagen,2021,90.0,67.68,6091.200000000001,
4639,PART4640,suspension,Honda,2001,10.0,447.67,4476.7,0.0
4640,PART4641,tire,Ford,2021,70.0,371.82,26027.399999999998,1.0
4641,PART4642,transmission,BMW,2006,51.0,485.89,24780.39,
4642,PART4643,transmission,Mercedes,2019,87.0,400.34,34829.579999999994,1.0
4643,PART4644,brake,Audi,2003,44.0,226.78,9978.32,1.0
4644,PART4645,tire,Honda,2007,60.0,55.96,3357.6,0.0
4645,PART4646,brake,Ford,2006,43.0,370.32,15923.76,1.0
4646,PART4647,engine,Ford,2000,2.0,188.39,376.78,1.0
4647,PART4648,transmission,Toyota,2002,60.0,91.97,5518.2,
4648,PART4649,battery,BMW,2014,99.0,301.76,29874.239999999998,1.0
4649,PART4650,battery,BMW,2017,97.0,163.28,15838.16,0.0
4650,PART4651,battery,Toyota,2019,31.0,372.68,11553.08,
4651,PART4652,suspension,Ford,2014,74.0,379.96,28117.039999999997,0.0
4652,PART4653,transmission,BMW,2009,41.0,354.55,14536.550000000001,0.0
4653,PART4654,brake,Honda,2012,87.0,274.13,23849.31,
4654,PART4655,engine,Honda,2003,58.0,423.52,24564.16,1.0
4655,PART4656,engine,Toyota,2003,21.0,88.6,1860.6,1.0
4656,PART4657,suspension,Audi,2007,25.0,366.55,9163.75,
4657,PART4658,engine,BMW,2007,30.0,152.0,4560.0,1.0
4658,PART4659,suspension,BMW,2003,45.0,208.4,9378.0,
4659,PART4660,brake,Audi,2003,22.0,468.81,10313.82,0.0
4660,PART4661,transmission,Honda,2003,77.0,309.61,23839.97,1.0
4661,PART4662,transmission,Audi,2016,44.0,449.66,19785.04,
4662,PART4663,tire,Volkswagen,2003,60.0,167.93,10075.800000000001,1.0
4663,PART4664,engine,Volkswagen,2006,92.0,335.97,30909.24,
4664,PART4665,brake,Volkswagen,2001,27.0,81.36,2196.72,
4665,PART4666,suspension,Volkswagen,2020,73.0,64.21,4687.33,1.0
4666,PART4667,tire,Audi,2002,65.0,426.83,27743.95,0.0
4667,PART4668,brake,Toyota,2005,63.0,347.73,21906.99,0.0
4668,PART4669,transmission,Volkswagen,2021,92.0,483.73,44503.16,
4669,PART4670,battery,BMW,2022,85.0,89.14,7576.9,0.0
4670,PART4671,transmission,Toyota,2002,26.0,91.47,2378.22,0.0
4671,PART4672,engine,BMW,2018,74.0,267.55,19798.7,1.0
4672,PART4673,suspension,BMW,2012,57.0,308.05,17558.850000000002,
4673,PART4674,battery,Mercedes,2016,7.0,328.84,2301.8799999999997,
4674,PART4675,tire,Ford,2020,25.0,361.81,9045.25,1.0
4675,PART4676,suspension,BMW,2000,89.0,322.96,28743.44,
4676,PART4677,suspension,Volkswagen,2022,20.0,127.36,2547.2,1.0
4677,PART4678,engine,Honda,2008,73.0,296.59,21651.07,
4678,PART4679,engine,Volkswagen,2001,97.0,448.36,43490.92,1.0
4679,PART4680,tire,Audi,2021,2.0,159.21,318.42,
4680,PART4681,tire,Honda,2002,49.0,336.15,16471.35,1.0
4681,PART4682,battery,Audi,2003,59.0,438.87,25893.33,1.0
4682,PART4683,suspension,Mercedes,2001,49.0,322.06,15780.94,
4683,PART4684,tire,Ford,2020,27.0,56.95,1537.65,0.0
4684,PART4685,suspension,Toyota,2012,56.0,328.54,18398.24,0.0
4685,PART4686,tire,Volkswagen,2005,63.0,468.46,29512.98,
4686,PART4687,brake,Ford,2018,70.0,87.1,6097.0,0.0
4687,PART4688,transmission,Volkswagen,2013,67.0,316.48,21204.16,
4688,PART4689,suspension,Ford,2022,51.0,269.15,13726.65,1.0
4689,PART4690,suspension,Mercedes,2006,4.0,345.96,1383.84,
4690,PART4691,engine,Toyota,2014,28.0,102.67,2874.76,
4691,PART4692,tire,BMW,2011,16.0,230.14,3682.24,
4692,PART4693,engine,Toyota,2001,36.0,422.23,15200.28,
4693,PART4694,brake,Toyota,2011,36.0,101.71,3661.56,
4694,PART4695,engine,Honda,2019,69.0,290.03,20012.07,0.0
4695,PART4696,tire,BMW,2002,19.0,421.35,8005.650000000001,
4696,PART4697,engine,Ford,2021,45.0,448.05,20162.25,0.0
4697,PART4698,transmission,BMW,2003,45.0,459.55,20679.75,1.0
4698,PART4699,battery,Honda,2014,4.0,323.13,1292.52,1.0
4699,PART4700,brake,Ford,2011,89.0,440.25,39182.25,
4700,PART4701,engine,BMW,2018,72.0,454.92,32754.24,1.0
4701,PART4702,brake,Mercedes,2003,88.0,406.55,35776.4,
4702,PART4703,brake,Ford,2020,18.0,128.22,2307.96,0.0
4703,PART4704,suspension,Audi,2004,91.0,453.34,41253.939999999995,
4704,PART4705,tire,BMW,2004,92.0,415.63,38237.96,
4705,PART4706,engine,Audi,2019,30.0,126.05,3781.5,1.0
4706,PART4707,engine,Volkswagen,2015,43.0,144.12,6197.16,
4707,PART4708,engine,BMW,2006,90.0,160.69,14462.1,0.0
4708,PART4709,brake,Ford,2014,73.0,103.36,7545.28,0.0
4709,PART4710,tire,Toyota,2020,67.0,77.93,5221.31,
4710,PART4711,battery,Volkswagen,2018,32.0,160.27,5128.64,1.0
4711,PART4712,battery,Mercedes,2014,28.0,175.9,4925.2,0.0
4712,PART4713,transmission,Ford,2021,44.0,148.03,6513.32,1.0
4713,PART4714,tire,Volkswagen,2013,1.0,444.11,444.11,
4714,PART4715,tire,Volkswagen,2004,24.0,202.83,4867.92,
4715,PART4716,tire,BMW,2007,68.0,118.08,8029.44,1.0
4716,PART4717,engine,Mercedes,2008,3.0,109.63,328.89,
4717,PART4718,battery,Volkswagen,2022,91.0,165.57,15066.869999999999,0.0
4718,PART4719,brake,BMW,2021,30.0,452.26,13567.8,1.0
4719,PART4720,engine,Audi,2014,1.0,363.31,363.31,0.0
4720,PART4721,tire,Toyota,2000,55.0,267.65,14720.749999999998,0.0
4721,PART4722,suspension,BMW,2015,28.0,168.29,4712.12,1.0
4722,PART4723,suspension,Mercedes,2008,77.0,150.92,11620.839999999998,
4723,PART4724,transmission,Volkswagen,2021,93.0,368.47,34267.71,0.0
4724,PART4725,transmission,Volkswagen,2020,23.0,56.54,1300.42,1.0
4725,PART4726,brake,Audi,2006,11.0,238.91,2628.0099999999998,
4726,PART4727,tire,Mercedes,2018,42.0,340.61,14305.62,0.0
4727,PART4728,tire,Toyota,2002,49.0,92.94,4554.0599999999995,
4728,PART4729,suspension,Mercedes,2016,75.0,290.94,21820.5,0.0
4729,PART4730,tire,Toyota,2019,63.0,371.4,23398.199999999997,1.0
4730,PART4731,brake,Audi,2022,81.0,392.25,31772.25,
4731,PART4732,tire,Honda,2016,2.0,204.53,409.06,0.0
4732,PART4733,transmission,Toyota,2015,23.0,119.8,2755.4,0.0
4733,PART4734,brake,BMW,2001,96.0,89.11,8554.56,
4734,PART4735,suspension,BMW,2017,24.0,247.23,5933.5199999999995,0.0
4735,PART4736,engine,Ford,2020,90.0,489.62,44065.8,0.0
4736,PART4737,battery,Volkswagen,2008,84.0,472.93,39726.12,
4737,PART4738,battery,Mercedes,2019,26.0,301.68,7843.68,1.0
4738,PART4739,battery,Ford,2005,17.0,168.91,2871.47,0.0
4739,PART4740,battery,Ford,2005,17.0,406.47,6909.990000000001,
4740,PART4741,battery,Honda,2009,40.0,186.97,7478.8,
4741,PART4742,engine,Audi,2007,62.0,196.88,12206.56,1.0
4742,PART4743,transmission,BMW,2021,10.0,239.83,2398.3,0.0
4743,PART4744,tire,Mercedes,2002,69.0,164.62,11358.78,0.0
4744,PART4745,transmission,Volkswagen,2014,70.0,338.42,23689.4,
4745,PART4746,transmission,Audi,2013,23.0,205.49,4726.27,
4746,PART4747,transmission,BMW,2017,75.0,258.84,19412.999999999996,0.0
4747,PART4748,battery,BMW,2010,77.0,286.32,22046.64,
4748,PART4749,brake,Volkswagen,2022,43.0,293.85,12635.550000000001,
4749,PART4750,transmission,Ford,2019,85.0,63.63,5408.55,1.0
4750,PART4751,engine,Toyota,2014,60.0,487.78,29266.8,1.0
4751,PART4752,transmission,BMW,2016,55.0,481.4,26477.0,
4752,PART4753,brake,Audi,2014,40.0,185.54,7421.599999999999,1.0
4753,PART4754,transmission,Honda,2009,26.0,101.47,2638.22,
4754,PART4755,transmission,Audi,2020,75.0,151.25,11343.75,
4755,PART4756,transmission,BMW,2007,21.0,371.81,7808.01,
4756,PART4757,suspension,Honda,2007,52.0,80.15,4167.8,1.0
4757,PART4758,tire,BMW,2009,84.0,293.95,24691.8,
4758,PART4759,brake,Ford,2020,45.0,228.23,10270.35,1.0
4759,PART4760,transmission,Volkswagen,2020,70.0,188.64,13204.8,1.0
4760,PART4761,battery,Audi,2012,35.0,77.1,2698.5,1.0
4761,PART4762,brake,Mercedes,2012,83.0,462.93,38423.19,
4762,PART4763,battery,Audi,2000,47.0,61.05,2869.35,
4763,PART4764,battery,Audi,2015,50.0,159.94,7997.0,1.0
4764,PART4765,transmission,Mercedes,2022,97.0,283.73,27521.81,1.0
4765,PART4766,engine,Volkswagen,2005,44.0,341.01,15004.439999999999,
4766,PART4767,transmission,Ford,2021,93.0,417.43,38820.99,0.0
4767,PART4768,transmission,Honda,2008,79.0,221.77,17519.83,0.0
4768,PART4769,battery,Audi,2014,43.0,62.16,2672.8799999999997,1.0
4769,PART4770,suspension,Honda,2009,63.0,474.95,29921.85,0.0
4770,PART4771,transmission,Ford,2015,31.0,124.08,3846.48,
4771,PART4772,tire,Honda,2019,1.0,221.22,221.22,1.0
4772,PART4773,battery,BMW,2013,52.0,157.46,8187.92,
4773,PART4774,engine,Ford,2012,5.0,312.64,1563.1999999999998,1.0
4774,PART4775,engine,Audi,2003,81.0,115.45,9351.45,1.0
4775,PART4776,tire,BMW,2018,80.0,298.82,23905.6,0.0
4776,PART4777,battery,Audi,2016,67.0,148.93,9978.310000000001,
4777,PART4778,tire,Mercedes,2018,58.0,357.88,20757.04,
4778,PART4779,brake,Mercedes,2021,57.0,328.09,18701.129999999997,1.0
4779,PART4780,brake,Audi,2007,4.0,398.72,1594.88,0.0
4780,PART4781,tire,Toyota,2018,15.0,429.97,6449.55,1.0
4781,PART4782,tire,BMW,2017,83.0,288.44,23940.52,0.0
4782,PART4783,brake,Mercedes,2022,96.0,192.85,18513.6,0.0
4783,PART4784,tire,Volkswagen,2009,9.0,230.13,2071.17,0.0
4784,PART4785,suspension,Toyota,2020,90.0,433.34,39000.6,1.0
4785,PART4786,suspension,Audi,2009,22.0,250.92,5520.24,1.0
4786,PART4787,transmission,Mercedes,2009,15.0,122.36,1835.4,1.0
4787,PART4788,transmission,Mercedes,2011,76.0,432.18,32845.68,
4788,PART4789,brake,Ford,2000,44.0,165.95,7301.799999999999,
4789,PART4790,tire,Audi,2016,74.0,407.79,30176.460000000003,0.0
4790,PART4791,transmission,Toyota,2009,39.0,335.95,13102.05,0.0
4791,PART4792,suspension,Toyota,2018,68.0,483.23,32859.64,1.0
4792,PART4793,brake,Honda,2009,13.0,264.41,3437.3300000000004,1.0
4793,PART4794,brake,Toyota,2012,53.0,196.61,10420.33,
4794,PART4795,suspension,Mercedes,2010,59.0,295.3,17422.7,1.0
4795,PART4796,suspension,Toyota,2017,9.0,450.67,4056.03,
4796,PART4797,battery,BMW,2012,12.0,61.18,734.16,
4797,PART4798,suspension,Ford,2011,45.0,199.91,8995.95,0.0
4798,PART4799,engine,Ford,2009,16.0,123.9,1982.4,
4799,PART4800,brake,Audi,2010,16.0,238.53,3816.48,1.0
4800,PART4801,suspension,BMW,2007,25.0,286.63,7165.75,1.0
4801,PART4802,transmission,Honda,2008,31.0,267.48,8291.880000000001,0.0
4802,PART4803,tire,Audi,2012,66.0,318.92,21048.72,
4803,PART4804,brake,Ford,2022,87.0,344.26,29950.62,
4804,PART4805,battery,Volkswagen,2004,99.0,179.08,17728.920000000002,
4805,PART4806,brake,Audi,2000,64.0,92.36,5911.04,
4806,PART4807,transmission,Honda,2020,93.0,456.71,42474.03,
4807,PART4808,battery,Volkswagen,2002,28.0,283.85,7947.800000000001,
4808,PART4809,engine,Honda,2001,81.0,135.28,10957.68,1.0
4809,PART4810,suspension,Toyota,2003,46.0,391.3,17999.8,
4810,PART4811,tire,Toyota,2022,9.0,499.04,4491.360000000001,1.0
4811,PART4812,suspension,Ford,2020,27.0,332.71,8983.17,1.0
4812,PART4813,tire,Ford,2003,83.0,60.27,5002.41,0.0
4813,PART4814,engine,Ford,2000,6.0,385.98,2315.88,
4814,PART4815,transmission,BMW,2022,91.0,472.53,43000.229999999996,0.0
4815,PART4816,transmission,Volkswagen,2008,20.0,269.45,5389.0,1.0
4816,PART4817,suspension,Ford,2014,74.0,68.84,5094.16,
4817,PART4818,transmission,Ford,2012,36.0,177.74,6398.64,1.0
4818,PART4819,tire,Honda,2022,41.0,397.95,16315.949999999999,0.0
4819,PART4820,suspension,Mercedes,2016,27.0,288.1,7778.700000000001,0.0
4820,PART4821,suspension,Ford,2018,43.0,455.99,19607.57,1.0
4821,PART4822,battery,Mercedes,2020,82.0,243.6,19975.2,0.0
4822,PART4823,engine,Honda,2018,38.0,459.94,17477.72,0.0
4823,PART4824,brake,Volkswagen,2008,53.0,100.4,5321.200000000001,1.0
4824,PART4825,battery,Mercedes,2015,34.0,209.47,7121.98,1.0
4825,PART4826,brake,Ford,2022,36.0,187.55,6751.8,0.0
4826,PART4827,engine,Mercedes,2022,92.0,475.57,43752.44,0.0
4827,PART4828,battery,Mercedes,2017,50.0,197.2,9860.0,
4828,PART4829,battery,Honda,2012,28.0,296.42,8299.76,1.0
4829,PART4830,transmission,Volkswagen,2000,95.0,229.04,21758.8,0.0
4830,PART4831,battery,Mercedes,2020,61.0,185.13,11292.93,1.0
4831,PART4832,brake,Honda,2018,27.0,340.37,9189.99,1.0
4832,PART4833,transmission,Volkswagen,2020,46.0,104.92,4826.32,1.0
4833,PART4834,brake,Ford,2007,61.0,305.39,18628.79,1.0
4834,PART4835,engine,Ford,2007,47.0,216.49,10175.03,
4835,PART4836,tire,Ford,2002,21.0,247.52,5197.92,
4836,PART4837,transmission,Ford,2009,72.0,491.17,35364.24,1.0
4837,PART4838,transmission,Audi,2017,43.0,308.86,13280.980000000001,0.0
4838,PART4839,engine,BMW,2012,68.0,403.21,27418.28,
4839,PART4840,battery,Ford,2007,71.0,233.33,16566.43,0.0
4840,PART4841,brake,Audi,2016,46.0,340.06,15642.76,1.0
4841,PART4842,brake,Mercedes,2010,92.0,280.02,25761.839999999997,0.0
4842,PART4843,engine,Audi,2003,41.0,377.76,15488.16,1.0
4843,PART4844,transmission,Volkswagen,2018,3.0,449.69,1349.07,1.0
4844,PART4845,engine,Honda,2013,52.0,426.66,22186.32,1.0
4845,PART4846,battery,Mercedes,2012,69.0,266.19,18367.11,0.0
4846,PART4847,transmission,Audi,2011,81.0,88.35,7156.349999999999,1.0
4847,PART4848,transmission,Audi,2002,85.0,312.63,26573.55,0.0
4848,PART4849,suspension,Audi,2014,12.0,359.33,4311.96,1.0
4849,PART4850,battery,Toyota,2004,47.0,468.14,22002.579999999998,
4850,PART4851,brake,Honda,2005,83.0,93.88,7792.04,1.0
4851,PART4852,brake,Ford,2017,51.0,473.97,24172.47,0.0
4852,PART4853,transmission,Mercedes,2006,77.0,187.93,14470.61,
4853,PART4854,transmission,Mercedes,2019,72.0,467.65,33670.799999999996,1.0
4854,PART4855,engine,BMW,2017,25.0,390.76,9769.0,
4855,PART4856,transmission,Mercedes,2019,45.0,457.35,20580.75,
4856,PART4857,battery,Audi,2010,18.0,332.93,5992.74,1.0
4857,PART4858,tire,Honda,2014,28.0,452.47,12669.16,
4858,PART4859,tire,Mercedes,2017,70.0,158.45,11091.5,0.0
4859,PART4860,tire,Toyota,2007,34.0,355.83,12098.22,0.0
4860,PART4861,brake,Volkswagen,2022,22.0,238.19,5240.18,1.0
4861,PART4862,brake,Mercedes,2003,80.0,266.78,21342.399999999998,
4862,PART4863,suspension,Mercedes,2010,94.0,356.63,33523.22,1.0
4863,PART4864,battery,Ford,2015,56.0,306.91,17186.960000000003,0.0
4864,PART4865,battery,Toyota,2012,73.0,290.7,21221.1,
4865,PART4866,engine,BMW,2013,5.0,390.26,1951.3,1.0
4866,PART4867,suspension,Mercedes,2015,32.0,297.25,9512.0,
4867,PART4868,tire,Mercedes,2004,92.0,300.26,27623.92,0.0
4868,PART4869,battery,Mercedes,2001,91.0,483.16,43967.560000000005,
4869,PART4870,battery,Toyota,2022,73.0,325.49,23760.77,0.0
4870,PART4871,transmission,Ford,2006,36.0,133.56,4808.16,
4871,PART4872,brake,Ford,2007,42.0,203.96,8566.32,
4872,PART4873,transmission,Audi,2003,36.0,353.32,12719.52,1.0
4873,PART4874,tire,Mercedes,2021,19.0,435.16,8268.04,0.0
4874,PART4875,battery,Mercedes,2008,37.0,208.73,7723.009999999999,1.0
4875,PART4876,brake,BMW,2010,99.0,298.64,29565.359999999997,
4876,PART4877,tire,Mercedes,2005,66.0,476.16,31426.56,0.0
4877,PART4878,suspension,Ford,2007,28.0,214.97,6019.16,
4878,PART4879,suspension,BMW,2010,99.0,227.66,22538.34,0.0
4879,PART4880,tire,BMW,2012,40.0,458.56,18342.4,
4880,PART4881,tire,Volkswagen,2015,91.0,397.18,36143.38,
4881,PART4882,suspension,Honda,2000,92.0,407.35,37476.200000000004,
4882,PART4883,suspension,Audi,2022,88.0,165.47,14561.36,
4883,PART4884,battery,Ford,2022,5.0,485.73,2428.65,1.0
4884,PART4885,battery,Mercedes,2008,2.0,455.16,910.32,0.0
4885,PART4886,brake,BMW,2007,17.0,430.66,7321.22,0.0
4886,PART4887,battery,Mercedes,2017,16.0,210.78,3372.48,0.0
4887,PART4888,transmission,Honda,2010,66.0,168.9,11147.4,
4888,PART4889,suspension,Toyota,2000,31.0,85.46,2649.2599999999998,1.0
4889,PART4890,engine,Volkswagen,2010,42.0,78.9,3313.8,1.0
4890,PART4891,engine,Toyota,2015,84.0,310.43,26076.12,0.0
4891,PART4892,suspension,BMW,2019,73.0,157.72,11513.56,
4892,PART4893,tire,Mercedes,2007,42.0,378.43,15894.06,1.0
4893,PART4894,engine,Mercedes,2009,25.0,77.12,1928.0,
4894,PART4895,engine,Mercedes,2018,59.0,417.73,24646.07,0.0
4895,PART4896,suspension,Audi,2010,57.0,116.7,6651.900000000001,0.0
4896,PART4897,brake,Ford,2019,7.0,162.7,1138.8999999999999,
4897,PART4898,battery,Ford,2014,24.0,323.36,7760.64,
4898,PART4899,battery,Mercedes,2014,81.0,91.19,7386.389999999999,
4899,PART4900,battery,Ford,2004,85.0,90.49,7691.65,
4900,PART4901,transmission,Honda,2001,87.0,79.57,6922.589999999999,
4901,PART4902,engine,BMW,2009,3.0,245.98,737.9399999999999,
4902,PART4903,tire,Honda,2006,71.0,483.55,34332.05,1.0
4903,PART4904,battery,Toyota,2019,29.0,475.34,13784.859999999999,0.0
4904,PART4905,transmission,Toyota,2001,80.0,479.63,38370.4,
4905,PART4906,brake,Volkswagen,2013,62.0,57.62,3572.44,
4906,PART4907,battery,Volkswagen,2019,32.0,155.65,4980.8,
4907,PART4908,suspension,Ford,2000,67.0,418.94,28068.98,1.0
4908,PART4909,engine,Toyota,2017,35.0,69.76,2441.6000000000004,
4909,PART4910,engine,Volkswagen,2008,97.0,120.85,11722.449999999999,0.0
4910,PART4911,suspension,Ford,2011,6.0,368.48,2210.88,1.0
4911,PART4912,suspension,Mercedes,2003,40.0,293.48,11739.2,0.0
4912,PART4913,brake,Audi,2002,69.0,402.84,27795.96,1.0
4913,PART4914,battery,Mercedes,2011,12.0,152.79,1833.48,1.0
4914,PART4915,engine,Ford,2018,14.0,125.89,1762.46,0.0
4915,PART4916,brake,Toyota,2014,5.0,56.24,281.2,
4916,PART4917,tire,BMW,2020,46.0,395.42,18189.32,0.0
4917,PART4918,brake,Honda,2001,97.0,135.35,13128.949999999999,0.0
4918,PART4919,brake,Volkswagen,2022,68.0,411.74,27998.32,1.0
4919,PART4920,tire,Mercedes,2017,79.0,348.04,27495.16,
4920,PART4921,transmission,Volkswagen,2012,72.0,241.79,17408.88,1.0
4921,PART4922,suspension,Audi,2012,35.0,287.57,10064.949999999999,
4922,PART4923,transmission,Volkswagen,2006,13.0,342.49,4452.37,
4923,PART4924,tire,Toyota,2013,61.0,227.88,13900.68,1.0
4924,PART4925,battery,Mercedes,2001,11.0,467.75,5145.25,1.0
4925,PART4926,suspension,Honda,2015,28.0,187.45,5248.599999999999,1.0
4926,PART4927,engine,Volkswagen,2021,16.0,419.11,6705.76,0.0
4927,PART4928,tire,Audi,2007,54.0,147.55,7967.700000000001,0.0
4928,PART4929,transmission,Honda,2020,3.0,373.08,1119.24,
4929,PART4930,battery,Audi,2001,28.0,272.6,7632.800000000001,
4930,PART4931,transmission,Volkswagen,2016,55.0,80.09,4404.95,0.0
4931,PART4932,brake,Toyota,2002,83.0,304.09,25239.469999999998,
4932,PART4933,engine,Mercedes,2019,78.0,337.14,26296.92,1.0
4933,PART4934,brake,BMW,2008,50.0,230.36,11518.0,1.0
4934,PART4935,battery,Honda,2022,2.0,62.68,125.36,0.0
4935,PART4936,battery,Honda,2010,36.0,387.15,13937.4,0.0
4936,PART4937,battery,BMW,2006,7.0,258.06,1806.42,0.0
4937,PART4938,engine,Ford,2003,13.0,197.29,2564.77,
4938,PART4939,engine,Honda,2019,6.0,179.18,1075.08,1.0
4939,PART4940,transmission,Mercedes,2011,52.0,366.71,19068.92,
4940,PART4941,tire,Volkswagen,2015,91.0,303.38,27607.579999999998,0.0
4941,PART4942,engine,Toyota,2006,55.0,68.96,3792.7999999999997,0.0
4942,PART4943,tire,Ford,2018,51.0,94.92,4840.92,
4943,PART4944,tire,Honda,2013,31.0,235.47,7299.57,1.0
4944,PART4945,transmission,Honda,2022,47.0,401.92,18890.24,
4945,PART4946,battery,Toyota,2008,1.0,398.78,398.78,
4946,PART4947,tire,BMW,2022,24.0,145.44,3490.56,0.0
4947,PART4948,transmission,Ford,2015,49.0,436.58,21392.42,0.0
4948,PART4949,tire,Audi,2021,13.0,68.04,884.5200000000001,1.0
4949,PART4950,tire,Audi,2006,80.0,349.94,27995.2,0.0
4950,PART4951,transmission,Mercedes,2001,45.0,104.69,4711.05,
4951,PART4952,engine,Honda,2018,3.0,318.03,954.0899999999999,1.0
4952,PART4953,tire,BMW,2011,28.0,339.05,9493.4,1.0
4953,PART4954,battery,Mercedes,2008,91.0,402.34,36612.939999999995,
4954,PART4955,suspension,Honda,2001,40.0,332.93,13317.2,
4955,PART4956,engine,Ford,2004,99.0,239.01,23661.989999999998,
4956,PART4957,tire,Ford,2010,31.0,371.57,11518.67,
4957,PART4958,transmission,Honda,2019,89.0,107.28,9547.92,
4958,PART4959,suspension,Audi,2018,1.0,350.57,350.57,0.0
4959,PART4960,engine,Volkswagen,2021,41.0,488.36,20022.760000000002,0.0
4960,PART4961,tire,Mercedes,2004,28.0,420.37,11770.36,0.0
4961,PART4962,suspension,Mercedes,2005,29.0,208.1,6034.9,1.0
4962,PART4963,engine,Audi,2016,81.0,366.85,29714.850000000002,
4963,PART4964,engine,Volkswagen,2001,35.0,136.68,4783.8,0.0
4964,PART4965,engine,BMW,2004,84.0,51.87,4357.08,0.0
4965,PART4966,suspension,Honda,2016,56.0,172.47,9658.32,1.0
4966,PART4967,engine,Honda,2015,64.0,369.94,23676.16,
4967,PART4968,battery,Ford,2015,44.0,308.6,13578.400000000001,
4968,PART4969,engine,Volkswagen,2017,78.0,139.45,10877.099999999999,0.0
4969,PART4970,battery,Honda,2001,68.0,460.54,31316.72,
4970,PART4971,battery,Ford,2017,48.0,301.52,14472.96,0.0
4971,PART4972,engine,Volkswagen,2007,44.0,312.28,13740.32,0.0
4972,PART4973,transmission,Toyota,2004,19.0,279.59,5312.209999999999,0.0
4973,PART4974,tire,Volkswagen,2019,86.0,178.01,15308.859999999999,1.0
4974,PART4975,engine,BMW,2007,75.0,63.83,4787.25,
4975,PART4976,suspension,Mercedes,2010,6.0,85.94,515.64,0.0
4976,PART4977,suspension,Volkswagen,2000,40.0,395.75,15830.0,
4977,PART4978,suspension,Volkswagen,2011,12.0,210.82,2529.84,
4978,PART4979,suspension,Toyota,2016,73.0,319.25,23305.25,
4979,PART4980,battery,Toyota,2003,29.0,320.51,9294.789999999999,1.0
4980,PART4981,brake,Volkswagen,2021,32.0,258.63,8276.16,0.0
4981,PART4982,suspension,BMW,2021,66.0,183.09,12083.94,1.0
4982,PART4983,suspension,BMW,2002,48.0,384.39,18450.72,1.0
4983,PART4984,engine,Audi,2013,34.0,85.57,2909.3799999999997,
4984,PART4985,engine,Honda,2001,84.0,419.89,35270.76,0.0
4985,PART4986,tire,Toyota,2011,47.0,357.66,16810.02,
4986,PART4987,tire,Ford,2021,56.0,395.72,22160.32,1.0
4987,PART4988,battery,Mercedes,2016,81.0,475.2,38491.2,
4988,PART4989,engine,Toyota,2019,3.0,442.03,1326.09,0.0
4989,PART4990,suspension,Audi,2003,46.0,358.85,16507.100000000002,0.0
4990,PART4991,brake,Volkswagen,2004,22.0,181.89,4001.58,
4991,PART4992,engine,Toyota,2017,25.0,385.87,9646.75,1.0
4992,PART4993,battery,Honda,2000,15.0,59.74,896.1,1.0
4993,PART4994,engine,BMW,2007,2.0,207.11,414.22,1.0
4994,PART4995,suspension,BMW,2012,1.0,363.59,363.59,1.0
4995,PART4996,battery,Audi,2022,46.0,277.04,12743.84,1.0
4996,PART4997,brake,BMW,2000,35.0,254.21,8897.35,0.0
4997,PART4998,brake,Ford,2003,61.0,70.07,4274.2699999999995,0.0
4998,PART4999,brake,Volkswagen,2013,2.0,487.35,974.7,
4999,PART5000,brake,Volkswagen,2016,54.0,374.18,20205.72,0.0
5000,PART5001,battery,Audi,2017,71.0,158.22,11233.62,1.0
5001,PART5002,transmission,Audi,2014,96.0,386.47,37101.12,
5002,PART5003,tire,Honda,2010,3.0,348.93,1046.79,0.0
5003,PART5004,engine,Honda,2008,49.0,325.78,15963.22,0.0
5004,PART5005,brake,BMW,2007,47.0,208.53,9800.91,1.0
5005,PART5006,engine,Honda,2015,85.0,63.55,5401.75,1.0
5006,PART5007,brake,Honda,2018,48.0,418.4,20083.199999999997,0.0
5007,PART5008,battery,Audi,2001,64.0,120.89,7736.96,1.0
5008,PART5009,brake,Honda,2019,83.0,140.74,11681.42,1.0
5009,PART5010,tire,BMW,2003,65.0,268.57,17457.05,1.0
5010,PART5011,brake,Honda,2017,7.0,370.11,2590.77,
5011,PART5012,tire,Honda,2012,76.0,445.43,33852.68,
5012,PART5013,transmission,Toyota,2009,78.0,107.17,8359.26,0.0
5013,PART5014,brake,Honda,2022,54.0,202.93,10958.220000000001,1.0
5014,PART5015,transmission,Ford,2015,89.0,191.4,17034.600000000002,0.0
5015,PART5016,battery,BMW,2012,40.0,302.63,12105.2,0.0
5016,PART5017,battery,Audi,2014,86.0,121.14,10418.04,
5017,PART5018,tire,Ford,2013,83.0,100.54,8344.82,
5018,PART5019,brake,Mercedes,2011,62.0,399.78,24786.359999999997,0.0
5019,PART5020,tire,Mercedes,2009,45.0,90.21,4059.45,0.0
5020,PART5021,battery,Ford,2001,9.0,187.44,1686.96,0.0
5021,PART5022,brake,Honda,2012,25.0,420.56,10514.0,1.0
5022,PART5023,suspension,BMW,2016,1.0,400.69,400.69,
5023,PART5024,engine,Volkswagen,2008,18.0,396.46,7136.28,1.0
5024,PART5025,tire,Mercedes,2005,33.0,127.57,4209.8099999999995,
5025,PART5026,engine,Honda,2001,68.0,278.56,18942.08,
5026,PART5027,tire,Mercedes,2002,1.0,141.6,141.6,1.0
5027,PART5028,transmission,Audi,2005,40.0,171.04,6841.599999999999,1.0
5028,PART5029,suspension,Toyota,2022,30.0,144.88,4346.4,0.0
5029,PART5030,battery,Ford,2003,73.0,198.94,14522.619999999999,0.0
5030,PART5031,transmission,Volkswagen,2006,66.0,301.27,19883.82,1.0
5031,PART5032,tire,Ford,2018,86.0,225.58,19399.88,0.0
5032,PART5033,tire,Mercedes,2011,59.0,182.56,10771.04,
5033,PART5034,engine,Honda,2004,40.0,53.77,2150.8,0.0
5034,PART5035,engine,Mercedes,2017,14.0,266.69,3733.66,0.0
5035,PART5036,suspension,Audi,2007,80.0,73.07,5845.599999999999,
5036,PART5037,battery,Volkswagen,2020,21.0,66.72,1401.12,
5037,PART5038,tire,Toyota,2017,49.0,498.18,24410.82,0.0
5038,PART5039,battery,Audi,2007,72.0,102.33,7367.76,
5039,PART5040,suspension,Mercedes,2018,28.0,61.27,1715.5600000000002,1.0
5040,PART5041,transmission,Honda,2019,80.0,329.84,26387.199999999997,
5041,PART5042,suspension,Toyota,2017,92.0,365.72,33646.240000000005,1.0
5042,PART5043,suspension,Audi,2010,6.0,254.88,1529.28,0.0
5043,PART5044,battery,Toyota,2008,90.0,406.09,36548.1,0.0
5044,PART5045,transmission,Ford,2004,84.0,131.79,11070.359999999999,0.0
5045,PART5046,transmission,Honda,2005,83.0,180.99,15022.17,1.0
5046,PART5047,engine,Ford,2015,90.0,239.75,21577.5,1.0
5047,PART5048,battery,Toyota,2002,77.0,184.77,14227.29,1.0
5048,PART5049,tire,Toyota,2017,9.0,83.73,753.57,1.0
5049,PART5050,engine,Volkswagen,2002,20.0,238.79,4775.8,1.0
5050,PART5051,transmission,BMW,2005,28.0,445.03,12460.84,1.0
5051,PART5052,engine,BMW,2017,7.0,82.31,576.1700000000001,0.0
5052,PART5053,engine,Volkswagen,2006,36.0,53.43,1923.48,
5053,PART5054,suspension,Mercedes,2006,80.0,377.13,30170.4,
5054,PART5055,battery,Mercedes,2012,81.0,220.32,17845.92,1.0
5055,PART5056,engine,Volkswagen,2021,83.0,197.3,16375.900000000001,
5056,PART5057,tire,Volkswagen,2017,69.0,256.84,17721.96,
5057,PART5058,suspension,Toyota,2009,92.0,203.47,18719.24,0.0
5058,PART5059,brake,Audi,2014,73.0,104.26,7610.9800000000005,1.0
5059,PART5060,transmission,Honda,2015,93.0,363.16,33773.880000000005,0.0
5060,PART5061,engine,Toyota,2022,65.0,326.75,21238.75,
5061,PART5062,battery,Mercedes,2006,11.0,407.97,4487.67,
5062,PART5063,suspension,Toyota,2013,95.0,228.81,21736.95,1.0
5063,PART5064,battery,Volkswagen,2015,12.0,454.6,5455.200000000001,1.0
5064,PART5065,battery,Ford,2011,36.0,165.02,5940.72,0.0
5065,PART5066,battery,BMW,2012,76.0,271.25,20615.0,0.0
5066,PART5067,battery,Mercedes,2001,89.0,389.67,34680.630000000005,
5067,PART5068,tire,Mercedes,2001,45.0,359.97,16198.650000000001,
5068,PART5069,battery,Volkswagen,2004,89.0,142.11,12647.79,1.0
5069,PART5070,brake,BMW,2022,93.0,450.4,41887.2,
5070,PART5071,engine,Toyota,2015,73.0,474.6,34645.8,0.0
5071,PART5072,transmission,Volkswagen,2019,66.0,99.9,6593.400000000001,0.0
5072,PART5073,brake,Mercedes,2001,33.0,304.94,10063.02,1.0
5073,PART5074,battery,Honda,2020,24.0,162.18,3892.32,0.0
5074,PART5075,tire,BMW,2015,17.0,150.62,2560.54,0.0
5075,PART5076,tire,Honda,2022,85.0,487.15,41407.75,
5076,PART5077,suspension,Honda,2009,70.0,288.2,20174.0,
5077,PART5078,battery,Mercedes,2020,66.0,321.36,21209.760000000002,
5078,PART5079,engine,Volkswagen,2009,91.0,350.17,31865.47,
5079,PART5080,battery,BMW,2000,86.0,414.01,35604.86,
5080,PART5081,battery,Audi,2004,62.0,261.52,16214.239999999998,
5081,PART5082,engine,Honda,2009,65.0,289.94,18846.1,0.0
5082,PART5083,suspension,Honda,2016,24.0,52.48,1259.52,1.0
5083,PART5084,battery,Mercedes,2007,58.0,460.61,26715.38,1.0
5084,PART5085,tire,Toyota,2015,94.0,319.04,29989.760000000002,0.0
5085,PART5086,engine,Ford,2005,75.0,320.78,24058.499999999996,
5086,PART5087,battery,Ford,2006,51.0,224.93,11471.43,
5087,PART5088,brake,Volkswagen,2016,31.0,171.5,5316.5,1.0
5088,PART5089,engine,Volkswagen,2014,63.0,380.87,23994.81,1.0
5089,PART5090,suspension,Volkswagen,2021,45.0,115.62,5202.900000000001,
5090,PART5091,engine,Ford,2010,12.0,484.65,5815.799999999999,
5091,PART5092,suspension,Mercedes,2018,41.0,160.65,6586.650000000001,
5092,PART5093,engine,Volkswagen,2016,57.0,317.0,18069.0,1.0
5093,PART5094,suspension,Audi,2007,3.0,480.56,1441.68,1.0
5094,PART5095,brake,Toyota,2019,45.0,186.61,8397.45,
5095,PART5096,battery,Toyota,2017,66.0,333.98,22042.68,0.0
5096,PART5097,engine,BMW,2005,35.0,432.56,15139.6,
5097,PART5098,suspension,Ford,2014,14.0,268.97,3765.5800000000004,0.0
5098,PART5099,suspension,Audi,2006,94.0,140.39,13196.659999999998,
5099,PART5100,brake,Toyota,2011,90.0,137.83,12404.7,0.0
5100,PART5101,battery,Honda,2016,83.0,480.33,39867.39,0.0
5101,PART5102,suspension,Volkswagen,2004,52.0,274.62,14280.24,
5102,PART5103,transmission,Toyota,2019,78.0,105.0,8190.0,0.0
5103,PART5104,battery,Toyota,2006,1.0,445.91,445.91,
5104,PART5105,tire,Mercedes,2018,27.0,402.92,10878.84,
5105,PART5106,transmission,Toyota,2000,26.0,337.62,8778.12,0.0
5106,PART5107,battery,Honda,2019,39.0,324.19,12643.41,
5107,PART5108,suspension,Volkswagen,2008,48.0,374.66,17983.68,0.0
5108,PART5109,tire,Audi,2010,95.0,246.93,23458.350000000002,0.0
5109,PART5110,battery,Ford,2007,85.0,487.28,41418.799999999996,
5110,PART5111,brake,Honda,2017,10.0,62.67,626.7,
5111,PART5112,brake,Audi,2014,48.0,120.17,5768.16,0.0
5112,PART5113,brake,Toyota,2000,9.0,349.89,3149.0099999999998,
5113,PART5114,brake,Honda,2015,18.0,423.08,7615.44,
5114,PART5115,suspension,Toyota,2017,51.0,67.02,3418.02,0.0
5115,PART5116,suspension,Honda,2009,58.0,249.8,14488.400000000001,1.0
5116,PART5117,engine,Volkswagen,2005,28.0,191.01,5348.28,1.0
5117,PART5118,brake,Audi,2021,58.0,257.23,14919.34,0.0
5118,PART5119,brake,Ford,2019,58.0,159.68,9261.44,1.0
5119,PART5120,tire,Ford,2009,58.0,295.04,17112.32,1.0
5120,PART5121,suspension,Audi,2003,72.0,166.29,11972.88,
5121,PART5122,tire,Volkswagen,2018,78.0,195.44,15244.32,
5122,PART5123,transmission,Audi,2006,7.0,150.74,1055.18,
5123,PART5124,brake,Ford,2002,30.0,470.23,14106.900000000001,0.0
5124,PART5125,transmission,BMW,2014,98.0,492.86,48300.28,
5125,PART5126,engine,Volkswagen,2002,73.0,428.41,31273.93,
5126,PART5127,suspension,Volkswagen,2009,14.0,474.43,6642.02,0.0
5127,PART5128,engine,Audi,2012,10.0,288.89,2888.8999999999996,1.0
5128,PART5129,suspension,Toyota,2019,84.0,152.25,12789.0,0.0
5129,PART5130,suspension,Volkswagen,2021,15.0,60.6,909.0,1.0
5130,PART5131,transmission,Mercedes,2018,62.0,91.52,5674.24,1.0
5131,PART5132,tire,Toyota,2011,4.0,159.72,638.88,
5132,PART5133,engine,Toyota,2009,22.0,287.25,6319.5,
5133,PART5134,battery,Ford,2021,84.0,164.38,13807.92,
5134,PART5135,suspension,Honda,2011,40.0,238.54,9541.6,1.0
5135,PART5136,transmission,Volkswagen,2015,17.0,460.04,7820.68,0.0
5136,PART5137,suspension,Audi,2014,2.0,293.04,586.08,0.0
5137,PART5138,engine,Volkswagen,2013,13.0,214.38,2786.94,
5138,PART5139,suspension,Mercedes,2012,69.0,270.08,18635.52,1.0
5139,PART5140,engine,Toyota,2007,99.0,243.12,24068.88,0.0
5140,PART5141,tire,Ford,2005,87.0,183.47,15961.89,1.0
5141,PART5142,tire,Honda,2014,20.0,120.38,2407.6,0.0
5142,PART5143,tire,Volkswagen,2006,47.0,130.35,6126.45,0.0
5143,PART5144,transmission,Ford,2013,13.0,105.48,1371.24,1.0
5144,PART5145,brake,BMW,2014,67.0,218.11,14613.37,0.0
5145,PART5146,brake,BMW,2004,46.0,156.75,7210.5,1.0
5146,PART5147,brake,Volkswagen,2015,3.0,350.49,1051.47,1.0
5147,PART5148,battery,Mercedes,2011,36.0,384.82,13853.52,1.0
5148,PART5149,suspension,Mercedes,2000,47.0,422.39,19852.329999999998,
5149,PART5150,brake,Toyota,2021,26.0,208.3,5415.8,1.0
5150,PART5151,transmission,Honda,2012,99.0,386.78,38291.219999999994,1.0
5151,PART5152,brake,Mercedes,2021,45.0,349.41,15723.45,
5152,PART5153,battery,Volkswagen,2022,69.0,438.87,30282.03,0.0
5153,PART5154,transmission,Toyota,2004,31.0,246.61,7644.910000000001,0.0
5154,PART5155,transmission,Toyota,2016,48.0,498.9,23947.199999999997,1.0
5155,PART5156,transmission,BMW,2001,91.0,444.69,40466.79,1.0
5156,PART5157,brake,Toyota,2002,58.0,298.05,17286.9,
5157,PART5158,battery,Ford,2015,63.0,339.63,21396.69,1.0
5158,PART5159,suspension,Mercedes,2001,56.0,307.62,17226.72,
5159,PART5160,suspension,Volkswagen,2002,54.0,253.34,13680.36,
5160,PART5161,tire,BMW,2016,44.0,430.75,18953.0,
5161,PART5162,brake,BMW,2013,38.0,153.67,5839.459999999999,0.0
5162,PART5163,engine,BMW,2005,53.0,226.8,12020.400000000001,1.0
5163,PART5164,suspension,Volkswagen,2010,77.0,389.01,29953.77,1.0
5164,PART5165,brake,Ford,2017,6.0,152.1,912.5999999999999,0.0
5165,PART5166,suspension,Honda,2005,61.0,120.64,7359.04,1.0
5166,PART5167,suspension,Ford,2018,21.0,433.04,9093.84,0.0
5167,PART5168,battery,Honda,2018,84.0,227.69,19125.96,0.0
5168,PART5169,transmission,Toyota,2018,88.0,163.79,14413.519999999999,0.0
5169,PART5170,engine,Ford,2010,17.0,210.03,3570.51,0.0
5170,PART5171,brake,BMW,2017,24.0,378.98,9095.52,1.0
5171,PART5172,transmission,Toyota,2003,79.0,168.81,13335.99,
5172,PART5173,battery,Honda,2014,46.0,479.38,22051.48,
5173,PART5174,suspension,BMW,2012,50.0,405.63,20281.5,1.0
5174,PART5175,brake,Ford,2002,14.0,178.17,2494.3799999999997,0.0
5175,PART5176,suspension,Honda,2014,3.0,348.9,1046.6999999999998,1.0
5176,PART5177,brake,Audi,2011,28.0,360.15,10084.199999999999,0.0
5177,PART5178,suspension,Honda,2020,1.0,124.12,124.12,0.0
5178,PART5179,battery,Honda,2013,96.0,346.85,33297.600000000006,
5179,PART5180,tire,BMW,2007,85.0,111.58,9484.3,1.0
5180,PART5181,brake,Volkswagen,2002,61.0,318.89,19452.29,1.0
5181,PART5182,engine,Ford,2006,97.0,495.33,48047.01,1.0
5182,PART5183,battery,Volkswagen,2008,66.0,424.79,28036.140000000003,0.0
5183,PART5184,suspension,Honda,2014,26.0,445.1,11572.6,1.0
5184,PART5185,transmission,Audi,2009,46.0,454.89,20924.94,
5185,PART5186,suspension,Volkswagen,2020,56.0,475.16,26608.960000000003,1.0
5186,PART5187,tire,Audi,2010,25.0,329.9,8247.5,0.0
5187,PART5188,tire,BMW,2004,26.0,445.46,11581.96,0.0
5188,PART5189,brake,Toyota,2020,46.0,484.73,22297.58,0.0
5189,PART5190,engine,Volkswagen,2005,25.0,446.22,11155.5,1.0
5190,PART5191,transmission,Ford,2001,69.0,303.4,20934.6,0.0
5191,PART5192,brake,BMW,2003,93.0,263.84,24537.12,1.0
5192,PART5193,engine,Toyota,2008,86.0,153.54,13204.439999999999,1.0
5193,PART5194,engine,Toyota,2022,59.0,159.72,9423.48,0.0
5194,PART5195,battery,Ford,2003,11.0,283.64,3120.04,
5195,PART5196,brake,Ford,2015,78.0,243.1,18961.8,0.0
5196,PART5197,tire,BMW,2004,51.0,73.17,3731.67,0.0
5197,PART5198,suspension,BMW,2018,26.0,287.12,7465.12,
5198,PART5199,brake,Volkswagen,2020,43.0,194.54,8365.22,0.0
5199,PART5200,suspension,Honda,2006,88.0,92.31,8123.280000000001,1.0
5200,PART5201,brake,Toyota,2002,21.0,474.86,9972.06,1.0
5201,PART5202,battery,Toyota,2019,89.0,201.0,17889.0,1.0
5202,PART5203,engine,Volkswagen,2007,21.0,174.76,3669.96,0.0
5203,PART5204,transmission,Honda,2016,98.0,201.33,19730.34,1.0
5204,PART5205,brake,Audi,2018,73.0,66.62,4863.26,0.0
5205,PART5206,engine,Honda,2013,52.0,208.01,10816.52,1.0
5206,PART5207,engine,Toyota,2006,11.0,176.92,1946.12,1.0
5207,PART5208,transmission,Audi,2005,74.0,255.86,18933.64,
5208,PART5209,engine,Mercedes,2022,7.0,297.19,2080.33,0.0
5209,PART5210,tire,Toyota,2001,42.0,209.51,8799.42,
5210,PART5211,brake,BMW,2016,31.0,454.66,14094.460000000001,1.0
5211,PART5212,battery,Volkswagen,2014,19.0,116.12,2206.28,0.0
5212,PART5213,transmission,Toyota,2001,79.0,456.68,36077.72,
5213,PART5214,transmission,Audi,2022,20.0,186.71,3734.2000000000003,
5214,PART5215,transmission,BMW,2020,43.0,108.67,4672.81,
5215,PART5216,tire,Mercedes,2016,97.0,468.48,45442.560000000005,1.0
5216,PART5217,tire,Toyota,2019,10.0,152.99,1529.9,1.0
5217,PART5218,engine,Ford,2014,81.0,130.31,10555.11,
5218,PART5219,transmission,BMW,2016,29.0,50.92,1476.68,0.0
5219,PART5220,engine,Ford,2022,61.0,323.22,19716.420000000002,0.0
5220,PART5221,engine,Mercedes,2005,53.0,283.26,15012.779999999999,1.0
5221,PART5222,suspension,Honda,2016,30.0,119.71,3591.2999999999997,1.0
5222,PART5223,tire,BMW,2007,91.0,237.06,21572.46,1.0
5223,PART5224,brake,Toyota,2011,61.0,415.25,25330.25,
5224,PART5225,brake,Ford,2010,52.0,156.23,8123.959999999999,1.0
5225,PART5226,transmission,Toyota,2006,76.0,57.85,4396.6,
5226,PART5227,brake,Honda,2014,61.0,300.96,18358.559999999998,0.0
5227,PART5228,engine,Ford,2008,21.0,429.63,9022.23,
5228,PART5229,engine,Ford,2022,77.0,420.34,32366.179999999997,
5229,PART5230,brake,Ford,2007,11.0,376.82,4145.0199999999995,
5230,PART5231,suspension,Honda,2005,70.0,438.54,30697.800000000003,1.0
5231,PART5232,battery,Mercedes,2005,77.0,108.57,8359.89,1.0
5232,PART5233,brake,Toyota,2010,50.0,100.31,5015.5,0.0
5233,PART5234,tire,Audi,2007,61.0,308.77,18834.969999999998,0.0
5234,PART5235,tire,Volkswagen,2021,57.0,152.71,8704.470000000001,1.0
5235,PART5236,tire,Audi,2008,42.0,485.76,20401.92,0.0
5236,PART5237,transmission,Honda,2007,41.0,295.93,12133.130000000001,1.0
5237,PART5238,suspension,Honda,2014,2.0,222.84,445.68,
5238,PART5239,suspension,Volkswagen,2017,77.0,365.87,28171.99,0.0
5239,PART5240,suspension,BMW,2016,64.0,83.4,5337.6,0.0
5240,PART5241,tire,Ford,2003,92.0,480.58,44213.36,1.0
5241,PART5242,transmission,Volkswagen,2007,65.0,438.82,28523.3,
5242,PART5243,transmission,Volkswagen,2019,35.0,254.83,8919.050000000001,0.0
5243,PART5244,tire,Honda,2001,78.0,100.17,7813.26,
5244,PART5245,suspension,Toyota,2009,38.0,383.82,14585.16,1.0
5245,PART5246,tire,Audi,2011,59.0,374.16,22075.440000000002,1.0
5246,PART5247,transmission,BMW,2015,19.0,75.72,1438.68,0.0
5247,PART5248,engine,Toyota,2011,93.0,312.93,29102.49,1.0
5248,PART5249,transmission,Audi,2005,77.0,201.66,15527.82,0.0
5249,PART5250,brake,Mercedes,2015,72.0,264.32,19031.04,
5250,PART5251,brake,Ford,2000,21.0,203.11,4265.31,0.0
5251,PART5252,engine,Ford,2000,76.0,305.82,23242.32,0.0
5252,PART5253,brake,Ford,2020,74.0,300.31,22222.94,0.0
5253,PART5254,suspension,Toyota,2004,66.0,287.79,18994.140000000003,0.0
5254,PART5255,tire,Ford,2009,65.0,341.21,22178.649999999998,0.0
5255,PART5256,suspension,BMW,2005,39.0,491.85,19182.15,0.0
5256,PART5257,suspension,Mercedes,2006,42.0,362.34,15218.279999999999,1.0
5257,PART5258,engine,Volkswagen,2000,52.0,104.82,5450.639999999999,0.0
5258,PART5259,suspension,Toyota,2017,2.0,478.83,957.66,1.0
5259,PART5260,engine,Volkswagen,2012,48.0,395.4,18979.199999999997,0.0
5260,PART5261,suspension,Toyota,2006,90.0,487.1,43839.0,0.0
5261,PART5262,tire,Audi,2016,32.0,452.23,14471.36,
5262,PART5263,suspension,Audi,2011,20.0,219.02,4380.400000000001,1.0
5263,PART5264,engine,Mercedes,2006,4.0,328.1,1312.4,
5264,PART5265,battery,BMW,2007,69.0,377.4,26040.6,1.0
5265,PART5266,suspension,Ford,2010,8.0,152.59,1220.72,0.0
5266,PART5267,suspension,Audi,2017,42.0,93.67,3934.14,1.0
5267,PART5268,battery,Ford,2004,5.0,171.72,858.6,0.0
5268,PART5269,tire,Ford,2018,13.0,465.65,6053.45,
5269,PART5270,engine,Audi,2004,5.0,297.31,1486.55,
5270,PART5271,transmission,BMW,2021,40.0,411.56,16462.4,0.0
5271,PART5272,suspension,BMW,2008,12.0,162.88,1954.56,1.0
5272,PART5273,engine,Toyota,2007,30.0,296.48,8894.400000000001,0.0
5273,PART5274,battery,Audi,2015,38.0,456.0,17328.0,0.0
5274,PART5275,battery,Toyota,2011,35.0,223.26,7814.099999999999,1.0
5275,PART5276,tire,Mercedes,2012,32.0,455.64,14580.48,1.0
5276,PART5277,engine,Audi,2005,61.0,460.83,28110.629999999997,0.0
5277,PART5278,engine,BMW,2017,62.0,120.22,7453.64,
5278,PART5279,battery,Ford,2011,63.0,355.36,22387.68,1.0
5279,PART5280,suspension,Ford,2004,98.0,485.02,47531.96,
5280,PART5281,engine,Toyota,2003,58.0,142.18,8246.44,1.0
5281,PART5282,battery,BMW,2008,39.0,68.87,2685.9300000000003,1.0
5282,PART5283,transmission,Ford,2007,28.0,129.69,3631.3199999999997,
5283,PART5284,brake,Ford,2009,82.0,214.68,17603.760000000002,0.0
5284,PART5285,transmission,BMW,2009,81.0,144.21,11681.01,
5285,PART5286,suspension,BMW,2000,22.0,214.51,4719.219999999999,0.0
5286,PART5287,brake,Volkswagen,2020,82.0,309.38,25369.16,
5287,PART5288,battery,Toyota,2017,6.0,163.57,981.42,1.0
5288,PART5289,battery,Honda,2013,61.0,98.34,5998.74,1.0
5289,PART5290,transmission,Honda,2006,55.0,117.99,6489.45,
5290,PART5291,battery,Honda,2003,53.0,347.93,18440.29,1.0
5291,PART5292,brake,BMW,2004,36.0,300.2,10807.199999999999,1.0
5292,PART5293,engine,Ford,2007,38.0,460.12,17484.56,1.0
5293,PART5294,transmission,Volkswagen,2013,77.0,304.67,23459.59,0.0
5294,PART5295,suspension,Honda,2014,42.0,272.76,11455.92,0.0
5295,PART5296,engine,Ford,2010,21.0,321.5,6751.5,0.0
5296,PART5297,brake,Mercedes,2002,74.0,330.12,24428.88,
5297,PART5298,engine,Audi,2014,17.0,246.1,4183.7,
5298,PART5299,engine,Mercedes,2000,1.0,51.09,51.09,0.0
5299,PART5300,engine,Ford,2012,5.0,279.47,1397.3500000000001,0.0
5300,PART5301,transmission,Audi,2010,74.0,404.99,29969.260000000002,
5301,PART5302,tire,Ford,2005,94.0,335.34,31521.96,0.0
5302,PART5303,suspension,Mercedes,2011,50.0,126.64,6332.0,1.0
5303,PART5304,transmission,Honda,2018,95.0,492.48,46785.6,
5304,PART5305,engine,Mercedes,2000,9.0,448.18,4033.62,1.0
5305,PART5306,battery,Ford,2010,45.0,269.23,12115.35,
5306,PART5307,engine,Audi,2010,36.0,398.49,14345.64,0.0
5307,PART5308,engine,Honda,2000,47.0,351.64,16527.079999999998,1.0
5308,PART5309,battery,Volkswagen,2020,98.0,344.9,33800.2,1.0
5309,PART5310,battery,Volkswagen,2008,44.0,275.56,12124.64,1.0
5310,PART5311,brake,Ford,2012,11.0,149.04,1639.4399999999998,
5311,PART5312,engine,Toyota,2022,80.0,331.84,26547.199999999997,
5312,PART5313,tire,Mercedes,2022,81.0,115.98,9394.380000000001,
5313,PART5314,engine,Toyota,2020,4.0,55.61,222.44,0.0
5314,PART5315,brake,Honda,2019,9.0,255.61,2300.4900000000002,1.0
5315,PART5316,tire,Volkswagen,2017,47.0,375.93,17668.71,
5316,PART5317,suspension,Toyota,2011,60.0,192.38,11542.8,1.0
5317,PART5318,battery,Mercedes,2019,5.0,478.24,2391.2,
5318,PART5319,suspension,Toyota,2017,9.0,409.57,3686.13,1.0
5319,PART5320,suspension,Ford,2019,75.0,107.19,8039.25,0.0
5320,PART5321,engine,Audi,2011,79.0,251.8,19892.2,0.0
5321,PART5322,brake,Volkswagen,2010,90.0,310.9,27980.999999999996,
5322,PART5323,brake,Mercedes,2022,35.0,145.65,5097.75,0.0
5323,PART5324,engine,Honda,2015,93.0,79.14,7360.02,0.0
5324,PART5325,engine,Ford,2018,89.0,279.86,24907.54,0.0
5325,PART5326,brake,Toyota,2009,86.0,179.46,15433.560000000001,1.0
5326,PART5327,brake,Mercedes,2012,78.0,51.33,4003.74,1.0
5327,PART5328,brake,Mercedes,2017,84.0,105.86,8892.24,1.0
5328,PART5329,engine,Toyota,2011,23.0,124.07,2853.6099999999997,1.0
5329,PART5330,tire,Ford,2007,96.0,229.54,22035.84,
5330,PART5331,tire,Volkswagen,2022,28.0,237.09,6638.52,1.0
5331,PART5332,tire,Volkswagen,2006,71.0,149.55,10618.050000000001,1.0
5332,PART5333,tire,BMW,2011,67.0,168.65,11299.550000000001,1.0
5333,PART5334,engine,Honda,2011,55.0,477.12,26241.6,1.0
5334,PART5335,tire,BMW,2022,43.0,385.17,16562.31,0.0
5335,PART5336,suspension,Honda,2004,39.0,155.59,6068.01,1.0
5336,PART5337,brake,Mercedes,2002,16.0,229.13,3666.08,0.0
5337,PART5338,brake,Ford,2013,60.0,302.44,18146.4,
5338,PART5339,suspension,Ford,2001,9.0,431.78,3886.0199999999995,1.0
5339,PART5340,battery,Volkswagen,2005,83.0,65.0,5395.0,1.0
5340,PART5341,tire,Ford,2020,87.0,149.9,13041.300000000001,
5341,PART5342,brake,Ford,2013,62.0,145.4,9014.800000000001,1.0
5342,PART5343,brake,Ford,2000,24.0,97.54,2340.96,0.0
5343,PART5344,transmission,Toyota,2017,10.0,87.41,874.0999999999999,1.0
5344,PART5345,suspension,Audi,2004,67.0,444.1,29754.7,
5345,PART5346,battery,Ford,2011,68.0,59.95,4076.6000000000004,1.0
5346,PART5347,transmission,BMW,2019,51.0,389.89,19884.39,0.0
5347,PART5348,transmission,Mercedes,2014,31.0,373.88,11590.28,0.0
5348,PART5349,brake,Audi,2011,95.0,467.37,44400.15,
5349,PART5350,engine,Volkswagen,2006,87.0,452.37,39356.19,0.0
5350,PART5351,suspension,Volkswagen,2022,83.0,315.83,26213.89,0.0
5351,PART5352,suspension,Volkswagen,2022,41.0,71.59,2935.19,
5352,PART5353,tire,BMW,2002,97.0,78.59,7623.2300000000005,1.0
5353,PART5354,engine,Honda,2001,22.0,58.01,1276.22,
5354,PART5355,transmission,Volkswagen,2004,59.0,409.54,24162.86,
5355,PART5356,tire,Honda,2015,68.0,273.0,18564.0,0.0
5356,PART5357,brake,BMW,2011,53.0,427.62,22663.86,0.0
5357,PART5358,engine,BMW,2002,24.0,221.18,5308.32,1.0
5358,PART5359,transmission,Volkswagen,2001,95.0,254.1,24139.5,1.0
5359,PART5360,transmission,Volkswagen,2012,46.0,450.63,20728.98,1.0
5360,PART5361,transmission,Toyota,2007,76.0,246.98,18770.48,1.0
5361,PART5362,brake,Volkswagen,2002,54.0,305.72,16508.88,0.0
5362,PART5363,brake,Toyota,2008,43.0,75.71,3255.5299999999997,0.0
5363,PART5364,tire,Ford,2007,47.0,166.8,7839.6,0.0
5364,PART5365,transmission,Toyota,2006,17.0,392.78,6677.259999999999,
5365,PART5366,transmission,Volkswagen,2001,45.0,195.05,8777.25,
5366,PART5367,brake,Toyota,2003,92.0,76.81,7066.52,1.0
5367,PART5368,brake,Ford,2022,4.0,52.75,211.0,1.0
5368,PART5369,battery,Ford,2020,64.0,269.64,17256.96,
5369,PART5370,brake,Audi,2010,44.0,164.66,7245.04,0.0
5370,PART5371,tire,BMW,2021,80.0,484.0,38720.0,
5371,PART5372,tire,Audi,2016,83.0,437.42,36305.86,
5372,PART5373,transmission,Honda,2011,95.0,289.96,27546.199999999997,0.0
5373,PART5374,battery,Mercedes,2010,49.0,192.94,9454.06,1.0
5374,PART5375,battery,Honda,2012,18.0,338.94,6100.92,1.0
5375,PART5376,transmission,Ford,2004,49.0,234.63,11496.869999999999,0.0
5376,PART5377,battery,Ford,2007,75.0,436.33,32724.75,1.0
5377,PART5378,suspension,Audi,2008,75.0,372.54,27940.5,1.0
5378,PART5379,suspension,Ford,2006,62.0,270.08,16744.96,0.0
5379,PART5380,brake,Honda,2000,68.0,370.09,25166.12,1.0
5380,PART5381,tire,Honda,2011,11.0,379.13,4170.43,
5381,PART5382,suspension,Honda,2003,57.0,59.11,3369.27,
5382,PART5383,suspension,Toyota,2006,39.0,116.25,4533.75,1.0
5383,PART5384,brake,Mercedes,2022,76.0,403.18,30641.68,0.0
5384,PART5385,brake,Toyota,2006,40.0,309.35,12374.0,
5385,PART5386,engine,Mercedes,2000,21.0,171.67,3605.0699999999997,0.0
5386,PART5387,battery,Audi,2022,67.0,265.4,17781.8,0.0
5387,PART5388,engine,Honda,2004,84.0,475.73,39961.32,1.0
5388,PART5389,battery,BMW,2002,38.0,278.09,10567.419999999998,
5389,PART5390,suspension,Toyota,2000,46.0,405.72,18663.120000000003,0.0
5390,PART5391,engine,Toyota,2001,2.0,338.01,676.02,0.0
5391,PART5392,brake,Mercedes,2008,92.0,171.24,15754.080000000002,
5392,PART5393,battery,Volkswagen,2012,75.0,393.37,29502.75,1.0
5393,PART5394,tire,Ford,2007,29.0,353.16,10241.640000000001,1.0
5394,PART5395,suspension,Ford,2002,50.0,490.57,24528.5,1.0
5395,PART5396,engine,Volkswagen,2014,26.0,347.71,9040.46,0.0
5396,PART5397,transmission,Audi,2010,45.0,159.79,7190.549999999999,0.0
5397,PART5398,engine,Toyota,2011,11.0,366.56,4032.16,0.0
5398,PART5399,brake,Ford,2001,54.0,102.24,5520.96,1.0
5399,PART5400,brake,Honda,2021,20.0,66.45,1329.0,1.0
5400,PART5401,engine,Honda,2001,37.0,141.01,5217.37,0.0
5401,PART5402,transmission,Toyota,2003,56.0,86.6,4849.599999999999,1.0
5402,PART5403,suspension,Ford,2005,42.0,141.21,5930.820000000001,0.0
5403,PART5404,battery,Volkswagen,2002,50.0,330.44,16522.0,1.0
5404,PART5405,engine,Toyota,2011,93.0,53.13,4941.09,
5405,PART5406,transmission,Mercedes,2002,16.0,238.15,3810.4,1.0
5406,PART5407,engine,Honda,2007,58.0,373.69,21674.02,1.0
5407,PART5408,engine,Volkswagen,2002,23.0,249.46,5737.58,0.0
5408,PART5409,tire,Volkswagen,2012,18.0,106.05,1908.8999999999999,0.0
5409,PART5410,transmission,Audi,2010,99.0,74.37,7362.63,
5410,PART5411,brake,Volkswagen,2011,68.0,433.56,29482.08,1.0
5411,PART5412,tire,Audi,2011,59.0,217.83,12851.970000000001,0.0
5412,PART5413,battery,BMW,2006,97.0,130.81,12688.57,1.0
5413,PART5414,suspension,Honda,2014,45.0,235.49,10597.050000000001,1.0
5414,PART5415,suspension,Mercedes,2010,96.0,359.39,34501.44,0.0
5415,PART5416,engine,Mercedes,2005,12.0,71.74,860.8799999999999,0.0
5416,PART5417,tire,Volkswagen,2021,45.0,158.34,7125.3,
5417,PART5418,tire,Ford,2005,11.0,378.8,4166.8,
5418,PART5419,battery,Ford,2006,51.0,181.62,9262.62,1.0
5419,PART5420,brake,Toyota,2009,14.0,198.63,2780.8199999999997,1.0
5420,PART5421,brake,Honda,2020,44.0,389.9,17155.6,1.0
5421,PART5422,battery,Audi,2005,89.0,154.81,13778.09,
5422,PART5423,battery,BMW,2004,67.0,426.2,28555.399999999998,
5423,PART5424,engine,Honda,2011,65.0,138.7,9015.5,1.0
5424,PART5425,suspension,Honda,2018,87.0,369.76,32169.12,1.0
5425,PART5426,battery,Ford,2003,37.0,378.01,13986.369999999999,
5426,PART5427,battery,BMW,2011,19.0,139.31,2646.89,
5427,PART5428,brake,Volkswagen,2019,87.0,399.35,34743.450000000004,1.0
5428,PART5429,engine,Volkswagen,2014,80.0,197.78,15822.4,
5429,PART5430,transmission,Mercedes,2014,83.0,70.01,5810.830000000001,1.0
5430,PART5431,transmission,Audi,2013,33.0,225.19,7431.2699999999995,
5431,PART5432,engine,Volkswagen,2005,37.0,413.48,15298.76,1.0
5432,PART5433,transmission,Audi,2009,66.0,163.32,10779.119999999999,0.0
5433,PART5434,suspension,Ford,2019,14.0,113.21,1584.9399999999998,0.0
5434,PART5435,tire,Volkswagen,2014,11.0,97.91,1077.01,
5435,PART5436,battery,BMW,2011,39.0,220.97,8617.83,
5436,PART5437,battery,Volkswagen,2007,41.0,334.96,13733.359999999999,1.0
5437,PART5438,engine,Audi,2006,68.0,63.44,4313.92,1.0
5438,PART5439,brake,Volkswagen,2012,54.0,208.62,11265.48,0.0
5439,PART5440,battery,BMW,2019,32.0,216.74,6935.68,1.0
5440,PART5441,engine,Honda,2020,39.0,413.45,16124.55,1.0
5441,PART5442,transmission,Ford,2016,98.0,268.64,26326.719999999998,1.0
5442,PART5443,tire,Volkswagen,2014,40.0,225.5,9020.0,1.0
5443,PART5444,engine,Mercedes,2020,81.0,495.47,40133.07,1.0
5444,PART5445,brake,Toyota,2001,34.0,86.5,2941.0,
5445,PART5446,brake,Volkswagen,2011,70.0,218.07,15264.9,0.0
5446,PART5447,transmission,Audi,2020,89.0,280.16,24934.24,0.0
5447,PART5448,suspension,Volkswagen,2014,75.0,66.45,4983.75,1.0
5448,PART5449,transmission,Honda,2012,33.0,118.25,3902.25,0.0
5449,PART5450,suspension,Honda,2021,65.0,271.86,17670.9,0.0
5450,PART5451,tire,BMW,2022,59.0,374.21,22078.39,1.0
5451,PART5452,tire,Mercedes,2009,33.0,72.43,2390.19,0.0
5452,PART5453,engine,Toyota,2011,66.0,491.83,32460.78,
5453,PART5454,engine,Volkswagen,2000,54.0,361.63,19528.02,0.0
5454,PART5455,transmission,Audi,2003,54.0,65.96,3561.8399999999997,
5455,PART5456,brake,Ford,2011,41.0,299.91,12296.310000000001,
5456,PART5457,brake,Volkswagen,2010,1.0,496.31,496.31,1.0
5457,PART5458,battery,Volkswagen,2022,70.0,394.97,27647.9,0.0
5458,PART5459,transmission,Honda,2015,55.0,82.41,4532.55,
5459,PART5460,engine,Mercedes,2009,54.0,203.93,11012.220000000001,
5460,PART5461,brake,BMW,2008,32.0,270.19,8646.08,0.0
5461,PART5462,transmission,Toyota,2002,75.0,422.99,31724.25,1.0
5462,PART5463,engine,Honda,2021,27.0,307.43,8300.61,
5463,PART5464,transmission,Ford,2014,62.0,226.13,14020.06,
5464,PART5465,suspension,Honda,2002,55.0,296.36,16299.800000000001,
5465,PART5466,battery,Toyota,2019,32.0,299.36,9579.52,1.0
5466,PART5467,battery,BMW,2022,82.0,135.92,11145.439999999999,
5467,PART5468,transmission,Toyota,2020,91.0,432.89,39392.99,
5468,PART5469,engine,Toyota,2007,5.0,467.74,2338.7,
5469,PART5470,brake,Honda,2006,98.0,91.77,8993.46,0.0
5470,PART5471,engine,Toyota,2006,60.0,57.44,3446.3999999999996,0.0
5471,PART5472,brake,Audi,2006,85.0,343.46,29194.1,0.0
5472,PART5473,suspension,Volkswagen,2017,17.0,140.01,2380.17,
5473,PART5474,brake,Mercedes,2015,16.0,372.27,5956.32,
5474,PART5475,tire,Mercedes,2009,93.0,391.2,36381.6,
5475,PART5476,tire,Ford,2017,87.0,133.12,11581.44,1.0
5476,PART5477,engine,BMW,2016,48.0,444.59,21340.32,0.0
5477,PART5478,battery,Audi,2007,65.0,150.43,9777.95,0.0
5478,PART5479,tire,Toyota,2014,5.0,358.58,1792.8999999999999,0.0
5479,PART5480,brake,Audi,2004,25.0,331.89,8297.25,1.0
5480,PART5481,tire,Toyota,2014,44.0,340.67,14989.480000000001,0.0
5481,PART5482,battery,Mercedes,2000,41.0,342.25,14032.25,0.0
5482,PART5483,tire,Mercedes,2022,90.0,405.05,36454.5,1.0
5483,PART5484,brake,Audi,2017,48.0,76.2,3657.6000000000004,
5484,PART5485,brake,Volkswagen,2007,78.0,307.42,23978.760000000002,0.0
5485,PART5486,engine,Volkswagen,2017,90.0,145.89,13130.099999999999,0.0
5486,PART5487,battery,Mercedes,2020,33.0,108.93,3594.69,1.0
5487,PART5488,suspension,Audi,2008,70.0,192.75,13492.5,
5488,PART5489,engine,Ford,2021,38.0,211.94,8053.72,1.0
5489,PART5490,tire,Ford,2018,50.0,348.27,17413.5,
5490,PART5491,brake,Honda,2000,70.0,239.22,16745.4,
5491,PART5492,brake,Mercedes,2011,4.0,156.69,626.76,0.0
5492,PART5493,battery,Audi,2007,89.0,73.56,6546.84,
5493,PART5494,tire,Toyota,2020,91.0,447.96,40764.36,1.0
5494,PART5495,suspension,Audi,2020,21.0,322.04,6762.84,1.0
5495,PART5496,tire,Honda,2018,77.0,363.51,27990.27,1.0
5496,PART5497,engine,Ford,2017,76.0,141.53,10756.28,0.0
5497,PART5498,transmission,BMW,2001,49.0,300.32,14715.68,
5498,PART5499,brake,Ford,2020,58.0,357.19,20717.02,
5499,PART5500,engine,Volkswagen,2021,89.0,462.41,41154.490000000005,0.0
5500,PART5501,battery,Audi,2014,59.0,85.65,5053.35,0.0
5501,PART5502,suspension,Ford,2014,42.0,232.54,9766.68,0.0
5502,PART5503,tire,BMW,2003,84.0,337.81,28376.04,0.0
5503,PART5504,brake,Honda,2020,99.0,345.33,34187.67,0.0
5504,PART5505,brake,BMW,2009,50.0,170.9,8545.0,0.0
5505,PART5506,transmission,BMW,2004,71.0,134.42,9543.82,
5506,PART5507,engine,Mercedes,2014,73.0,377.32,27544.36,1.0
5507,PART5508,engine,Mercedes,2014,66.0,333.68,22022.88,
5508,PART5509,battery,Volkswagen,2019,16.0,56.21,899.36,
5509,PART5510,suspension,BMW,2000,96.0,319.69,30690.239999999998,0.0
5510,PART5511,transmission,BMW,2017,65.0,339.88,22092.2,
5511,PART5512,transmission,Audi,2020,94.0,129.38,12161.72,1.0
5512,PART5513,engine,Audi,2002,89.0,286.54,25502.06,1.0
5513,PART5514,battery,Volkswagen,2015,83.0,337.33,27998.39,1.0
5514,PART5515,transmission,Toyota,2019,85.0,222.49,18911.65,0.0
5515,PART5516,brake,Mercedes,2007,76.0,116.72,8870.72,1.0
5516,PART5517,tire,Ford,2000,17.0,304.7,5179.9,0.0
5517,PART5518,battery,Mercedes,2009,22.0,408.51,8987.22,
5518,PART5519,battery,BMW,2006,5.0,359.82,1799.1,1.0
5519,PART5520,battery,Ford,2002,78.0,300.21,23416.379999999997,
5520,PART5521,suspension,Volkswagen,2002,70.0,339.46,23762.199999999997,
5521,PART5522,transmission,Mercedes,2022,85.0,126.98,10793.300000000001,
5522,PART5523,engine,Ford,2015,68.0,149.9,10193.2,
5523,PART5524,suspension,Mercedes,2017,6.0,97.06,582.36,
5524,PART5525,transmission,Honda,2022,14.0,454.4,6361.599999999999,
5525,PART5526,brake,Honda,2017,30.0,195.95,5878.5,0.0
5526,PART5527,transmission,Audi,2015,60.0,485.22,29113.2,0.0
5527,PART5528,tire,Toyota,2020,53.0,294.18,15591.54,0.0
5528,PART5529,battery,Audi,2014,93.0,454.73,42289.89,1.0
5529,PART5530,brake,Honda,2020,78.0,180.44,14074.32,1.0
5530,PART5531,battery,Ford,2006,90.0,74.81,6732.900000000001,1.0
5531,PART5532,suspension,Mercedes,2009,88.0,96.84,8521.92,0.0
5532,PART5533,engine,Audi,2007,31.0,159.95,4958.45,
5533,PART5534,brake,Honda,2001,42.0,457.55,19217.100000000002,1.0
5534,PART5535,engine,Volkswagen,2009,93.0,389.63,36235.59,0.0
5535,PART5536,battery,Mercedes,2020,50.0,471.62,23581.0,0.0
5536,PART5537,engine,Honda,2004,40.0,354.08,14163.199999999999,
5537,PART5538,suspension,BMW,2016,13.0,154.72,2011.36,0.0
5538,PART5539,battery,Toyota,2006,71.0,441.21,31325.91,0.0
5539,PART5540,engine,Mercedes,2019,87.0,437.45,38058.15,0.0
5540,PART5541,suspension,BMW,2002,32.0,428.69,13718.08,0.0
5541,PART5542,engine,Toyota,2013,20.0,300.6,6012.0,1.0
5542,PART5543,suspension,BMW,2003,72.0,431.61,31075.920000000002,0.0
5543,PART5544,engine,Ford,2020,11.0,214.8,2362.8,1.0
5544,PART5545,tire,Volkswagen,2003,30.0,98.5,2955.0,1.0
5545,PART5546,engine,Mercedes,2015,71.0,65.87,4676.77,0.0
5546,PART5547,tire,Toyota,2009,6.0,476.42,2858.52,0.0
5547,PART5548,brake,Mercedes,2004,62.0,321.56,19936.72,0.0
5548,PART5549,tire,BMW,2016,6.0,145.18,871.08,
5549,PART5550,engine,Mercedes,2002,20.0,318.79,6375.8,
5550,PART5551,battery,Mercedes,2019,4.0,235.94,943.76,1.0
5551,PART5552,tire,Toyota,2006,23.0,251.03,5773.69,1.0
5552,PART5553,engine,Volkswagen,2002,30.0,437.61,13128.300000000001,0.0
5553,PART5554,brake,Volkswagen,2009,2.0,378.56,757.12,0.0
5554,PART5555,tire,Toyota,2018,30.0,174.13,5223.9,1.0
5555,PART5556,brake,Mercedes,2003,33.0,382.47,12621.51,0.0
5556,PART5557,battery,Ford,2010,77.0,180.84,13924.68,
5557,PART5558,brake,Audi,2009,90.0,153.09,13778.1,1.0
5558,PART5559,transmission,Honda,2000,6.0,192.56,1155.3600000000001,0.0
5559,PART5560,engine,BMW,2022,58.0,308.16,17873.280000000002,1.0
5560,PART5561,brake,Honda,2008,7.0,145.45,1018.1499999999999,1.0
5561,PART5562,engine,Audi,2009,46.0,464.23,21354.58,
5562,PART5563,engine,Ford,2003,11.0,89.19,981.0899999999999,
5563,PART5564,battery,BMW,2022,86.0,174.76,15029.359999999999,1.0
5564,PART5565,engine,Volkswagen,2020,72.0,105.43,7590.960000000001,
5565,PART5566,brake,Audi,2018,98.0,214.24,20995.52,0.0
5566,PART5567,battery,Volkswagen,2001,26.0,248.35,6457.099999999999,
5567,PART5568,brake,Ford,2007,99.0,89.92,8902.08,1.0
5568,PART5569,suspension,Volkswagen,2007,48.0,71.31,3422.88,
5569,PART5570,transmission,Audi,2011,19.0,188.37,3579.03,1.0
5570,PART5571,battery,Mercedes,2013,71.0,398.01,28258.71,0.0
5571,PART5572,engine,BMW,2001,13.0,213.53,2775.89,0.0
5572,PART5573,engine,Mercedes,2022,64.0,405.36,25943.04,0.0
5573,PART5574,transmission,Ford,2014,40.0,359.52,14380.8,0.0
5574,PART5575,engine,Honda,2008,12.0,367.51,4410.12,0.0
5575,PART5576,suspension,Honda,2019,39.0,251.09,9792.51,1.0
5576,PART5577,tire,Audi,2012,48.0,372.89,17898.72,1.0
5577,PART5578,engine,Toyota,2016,14.0,85.12,1191.68,
5578,PART5579,battery,Mercedes,2014,45.0,165.75,7458.75,0.0
5579,PART5580,suspension,Audi,2017,73.0,447.02,32632.46,1.0
5580,PART5581,battery,Audi,2001,70.0,385.85,27009.5,
5581,PART5582,suspension,Audi,2011,21.0,313.49,6583.29,0.0
5582,PART5583,transmission,Ford,2002,40.0,200.39,8015.599999999999,1.0
5583,PART5584,suspension,Ford,2017,72.0,424.53,30566.159999999996,
5584,PART5585,suspension,Audi,2017,88.0,61.07,5374.16,1.0
5585,PART5586,transmission,Ford,2008,7.0,419.24,2934.6800000000003,0.0
5586,PART5587,battery,Toyota,2000,63.0,82.48,5196.240000000001,1.0
5587,PART5588,brake,Mercedes,2016,26.0,63.47,1650.22,1.0
5588,PART5589,battery,Volkswagen,2002,71.0,154.05,10937.550000000001,1.0
5589,PART5590,brake,Honda,2008,24.0,374.2,8980.8,1.0
5590,PART5591,suspension,BMW,2000,32.0,305.52,9776.64,1.0
5591,PART5592,battery,BMW,2000,49.0,138.94,6808.0599999999995,
5592,PART5593,brake,Volkswagen,2001,48.0,152.42,7316.16,0.0
5593,PART5594,brake,Volkswagen,2003,50.0,54.54,2727.0,0.0
5594,PART5595,brake,Ford,2003,81.0,153.67,12447.269999999999,0.0
5595,PART5596,engine,Toyota,2020,66.0,411.49,27158.34,
5596,PART5597,suspension,Audi,2014,23.0,244.75,5629.25,
5597,PART5598,battery,BMW,2013,89.0,296.74,26409.86,1.0
5598,PART5599,suspension,Audi,2016,94.0,275.27,25875.379999999997,1.0
5599,PART5600,transmission,Audi,2002,90.0,110.51,9945.9,1.0
5600,PART5601,suspension,Ford,2022,66.0,335.11,22117.260000000002,
5601,PART5602,battery,Honda,2021,50.0,170.03,8501.5,1.0
5602,PART5603,battery,Volkswagen,2000,19.0,161.75,3073.25,
5603,PART5604,transmission,Honda,2004,75.0,320.3,24022.5,
5604,PART5605,tire,Toyota,2009,80.0,224.34,17947.2,
5605,PART5606,tire,Mercedes,2002,77.0,167.87,12925.99,1.0
5606,PART5607,suspension,Audi,2019,77.0,121.02,9318.539999999999,1.0
5607,PART5608,suspension,BMW,2007,67.0,399.26,26750.42,
5608,PART5609,battery,Toyota,2004,28.0,79.66,2230.48,0.0
5609,PART5610,suspension,Mercedes,2001,70.0,498.27,34878.9,
5610,PART5611,engine,Honda,2012,47.0,464.01,21808.47,0.0
5611,PART5612,brake,Toyota,2019,17.0,97.22,1652.74,
5612,PART5613,tire,Volkswagen,2009,41.0,421.35,17275.350000000002,0.0
5613,PART5614,brake,Toyota,2020,74.0,378.9,28038.6,
5614,PART5615,tire,Mercedes,2003,92.0,275.63,25357.96,
5615,PART5616,engine,Audi,2004,6.0,345.46,2072.7599999999998,
5616,PART5617,tire,BMW,2015,69.0,198.68,13708.92,0.0
5617,PART5618,tire,Ford,2001,95.0,220.95,20990.25,1.0
5618,PART5619,suspension,Toyota,2021,80.0,155.6,12448.0,0.0
5619,PART5620,engine,Honda,2001,93.0,460.37,42814.41,1.0
5620,PART5621,tire,Honda,2005,36.0,200.17,7206.12,
5621,PART5622,tire,Mercedes,2008,40.0,485.46,19418.399999999998,1.0
5622,PART5623,brake,Honda,2009,97.0,383.17,37167.49,
5623,PART5624,suspension,Mercedes,2019,18.0,443.57,7984.26,
5624,PART5625,battery,Ford,2010,13.0,57.3,744.9,0.0
5625,PART5626,transmission,BMW,2019,59.0,180.59,10654.81,
5626,PART5627,battery,Mercedes,2018,80.0,126.01,10080.800000000001,
5627,PART5628,battery,Toyota,2007,57.0,131.75,7509.75,0.0
5628,PART5629,battery,Mercedes,2014,10.0,376.94,3769.4,
5629,PART5630,transmission,BMW,2019,34.0,354.97,12068.980000000001,0.0
5630,PART5631,brake,Toyota,2001,74.0,285.25,21108.5,1.0
5631,PART5632,transmission,Honda,2017,28.0,340.37,9530.36,0.0
5632,PART5633,transmission,Volkswagen,2022,22.0,303.06,6667.32,0.0
5633,PART5634,engine,BMW,2011,34.0,189.56,6445.04,0.0
5634,PART5635,transmission,Audi,2000,97.0,111.58,10823.26,1.0
5635,PART5636,engine,Volkswagen,2015,22.0,136.22,2996.84,1.0
5636,PART5637,brake,Mercedes,2013,74.0,85.6,6334.4,0.0
5637,PART5638,brake,Mercedes,2006,72.0,327.98,23614.56,
5638,PART5639,tire,Audi,2019,49.0,448.52,21977.48,1.0
5639,PART5640,transmission,Toyota,2019,69.0,120.75,8331.75,0.0
5640,PART5641,engine,Ford,2022,17.0,130.87,2224.79,
5641,PART5642,tire,Ford,2008,99.0,151.85,15033.15,
5642,PART5643,brake,Mercedes,2007,43.0,370.53,15932.789999999999,1.0
5643,PART5644,suspension,Audi,2019,73.0,280.19,20453.87,0.0
5644,PART5645,engine,Volkswagen,2007,37.0,164.07,6070.59,0.0
5645,PART5646,tire,Mercedes,2013,19.0,405.97,7713.43,
5646,PART5647,engine,Honda,2011,32.0,440.17,14085.44,0.0
5647,PART5648,brake,Honda,2014,41.0,244.17,10010.97,1.0
5648,PART5649,tire,Ford,2018,43.0,249.9,10745.7,1.0
5649,PART5650,engine,BMW,2003,71.0,489.29,34739.590000000004,
5650,PART5651,engine,Audi,2021,73.0,159.92,11674.16,0.0
5651,PART5652,engine,Mercedes,2018,17.0,241.22,4100.74,0.0
5652,PART5653,suspension,Audi,2004,48.0,396.75,19044.0,
5653,PART5654,battery,Audi,2006,58.0,344.05,19954.9,
5654,PART5655,engine,Volkswagen,2014,24.0,283.22,6797.280000000001,0.0
5655,PART5656,engine,Audi,2021,63.0,491.95,30992.85,0.0
5656,PART5657,engine,Volkswagen,2007,74.0,388.22,28728.280000000002,0.0
5657,PART5658,engine,Mercedes,2015,24.0,378.46,9083.039999999999,1.0
5658,PART5659,tire,Mercedes,2010,55.0,98.88,5438.4,1.0
5659,PART5660,brake,Mercedes,2015,13.0,422.58,5493.54,
5660,PART5661,suspension,Honda,2022,15.0,291.21,4368.15,0.0
5661,PART5662,engine,Honda,2007,32.0,123.84,3962.88,0.0
5662,PART5663,battery,Audi,2004,35.0,421.36,14747.6,
5663,PART5664,battery,Audi,2016,4.0,167.76,671.04,1.0
5664,PART5665,battery,Toyota,2014,50.0,182.55,9127.5,0.0
5665,PART5666,battery,Audi,2016,46.0,130.22,5990.12,
5666,PART5667,suspension,Honda,2011,98.0,175.43,17192.14,1.0
5667,PART5668,engine,Ford,2012,50.0,66.97,3348.5,0.0
5668,PART5669,brake,Volkswagen,2011,37.0,192.28,7114.36,0.0
5669,PART5670,brake,Audi,2021,87.0,358.73,31209.510000000002,1.0
5670,PART5671,tire,Toyota,2016,26.0,434.92,11307.92,
5671,PART5672,brake,Toyota,2018,92.0,409.88,37708.96,0.0
5672,PART5673,suspension,BMW,2020,95.0,73.21,6954.95,0.0
5673,PART5674,suspension,Mercedes,2005,57.0,458.42,26129.940000000002,
5674,PART5675,engine,Audi,2005,83.0,475.72,39484.76,
5675,PART5676,brake,Mercedes,2019,36.0,373.15,13433.4,1.0
5676,PART5677,battery,Toyota,2020,71.0,271.83,19299.93,
5677,PART5678,engine,Ford,2017,55.0,243.75,13406.25,1.0
5678,PART5679,suspension,Ford,2010,49.0,436.58,21392.42,0.0
5679,PART5680,battery,Audi,2010,10.0,79.04,790.4000000000001,0.0
5680,PART5681,engine,Mercedes,2021,6.0,216.42,1298.52,1.0
5681,PART5682,transmission,Ford,2002,59.0,192.37,11349.83,
5682,PART5683,battery,Mercedes,2003,29.0,310.84,9014.359999999999,
5683,PART5684,engine,Ford,2005,26.0,215.26,5596.76,0.0
5684,PART5685,transmission,BMW,2018,32.0,144.1,4611.2,
5685,PART5686,battery,Honda,2021,52.0,107.4,5584.8,
5686,PART5687,suspension,Volkswagen,2015,45.0,324.91,14620.95,
5687,PART5688,engine,Volkswagen,2018,55.0,371.12,20411.6,1.0
5688,PART5689,suspension,Volkswagen,2020,39.0,407.19,15880.41,
5689,PART5690,battery,Audi,2016,10.0,459.68,4596.8,1.0
5690,PART5691,suspension,BMW,2015,79.0,161.58,12764.820000000002,1.0
5691,PART5692,engine,Honda,2005,62.0,252.13,15632.06,1.0
5692,PART5693,transmission,Toyota,2011,96.0,362.49,34799.04,
5693,PART5694,tire,Volkswagen,2000,9.0,158.07,1422.6299999999999,1.0
5694,PART5695,battery,Audi,2020,52.0,201.3,10467.6,0.0
5695,PART5696,transmission,BMW,2008,64.0,403.79,25842.56,1.0
5696,PART5697,battery,Ford,2012,91.0,252.74,22999.34,
5697,PART5698,engine,Ford,2004,49.0,253.62,12427.380000000001,0.0
5698,PART5699,brake,Toyota,2016,53.0,343.54,18207.620000000003,0.0
5699,PART5700,brake,Honda,2013,58.0,208.7,12104.599999999999,1.0
5700,PART5701,tire,Honda,2014,32.0,426.54,13649.28,0.0
5701,PART5702,tire,Ford,2015,16.0,96.13,1538.08,
5702,PART5703,engine,Mercedes,2002,5.0,356.88,1784.4,0.0
5703,PART5704,battery,Audi,2001,45.0,277.16,12472.2,1.0
5704,PART5705,transmission,BMW,2020,40.0,376.1,15044.0,0.0
5705,PART5706,battery,BMW,2022,6.0,459.54,2757.2400000000002,0.0
5706,PART5707,suspension,Honda,2007,12.0,401.1,4813.200000000001,
5707,PART5708,brake,Mercedes,2014,51.0,154.56,7882.56,1.0
5708,PART5709,engine,BMW,2008,23.0,488.42,11233.66,
5709,PART5710,transmission,Volkswagen,2003,23.0,198.46,4564.58,
5710,PART5711,battery,Audi,2015,97.0,371.83,36067.51,
5711,PART5712,brake,Mercedes,2000,38.0,389.54,14802.52,0.0
5712,PART5713,tire,Audi,2011,14.0,225.94,3163.16,0.0
5713,PART5714,transmission,BMW,2012,23.0,250.82,5768.86,
5714,PART5715,engine,Honda,2016,31.0,480.36,14891.16,1.0
5715,PART5716,transmission,Toyota,2021,64.0,66.28,4241.92,
5716,PART5717,engine,BMW,2006,56.0,168.64,9443.84,
5717,PART5718,brake,Honda,2003,60.0,266.75,16005.0,
5718,PART5719,brake,Mercedes,2008,89.0,169.36,15073.04,
5719,PART5720,suspension,Audi,2022,5.0,313.53,1567.6499999999999,1.0
5720,PART5721,transmission,Toyota,2001,53.0,213.89,11336.17,0.0
5721,PART5722,transmission,Toyota,2004,89.0,379.54,33779.060000000005,
5722,PART5723,suspension,Audi,2006,47.0,423.68,19912.96,0.0
5723,PART5724,brake,Volkswagen,2014,19.0,174.53,3316.07,1.0
5724,PART5725,engine,Toyota,2005,58.0,493.37,28615.46,1.0
5725,PART5726,tire,Volkswagen,2019,7.0,275.46,1928.2199999999998,1.0
5726,PART5727,battery,BMW,2015,12.0,421.8,5061.6,1.0
5727,PART5728,brake,BMW,2011,16.0,222.96,3567.36,
5728,PART5729,brake,BMW,2019,71.0,360.91,25624.61,1.0
5729,PART5730,battery,Toyota,2011,92.0,413.93,38081.56,
5730,PART5731,transmission,Honda,2005,14.0,206.9,2896.6,0.0
5731,PART5732,tire,Toyota,2013,70.0,450.15,31510.5,
5732,PART5733,battery,Audi,2020,5.0,335.95,1679.75,1.0
5733,PART5734,transmission,Honda,2017,77.0,295.19,22729.63,
5734,PART5735,transmission,Ford,2002,84.0,368.84,30982.559999999998,1.0
5735,PART5736,suspension,Volkswagen,2009,25.0,166.0,4150.0,0.0
5736,PART5737,suspension,Volkswagen,2022,45.0,338.21,15219.449999999999,
5737,PART5738,transmission,Honda,2021,68.0,374.85,25489.800000000003,0.0
5738,PART5739,brake,Honda,2015,51.0,458.83,23400.329999999998,0.0
5739,PART5740,brake,Audi,2020,78.0,462.99,36113.22,
5740,PART5741,brake,Mercedes,2021,56.0,175.1,9805.6,0.0
5741,PART5742,engine,BMW,2014,37.0,457.97,16944.89,1.0
5742,PART5743,engine,BMW,2020,24.0,289.03,6936.719999999999,
5743,PART5744,transmission,Volkswagen,2010,60.0,338.5,20310.0,
5744,PART5745,engine,Ford,2013,56.0,269.94,15116.64,0.0
5745,PART5746,tire,Ford,2020,61.0,89.21,5441.8099999999995,1.0
5746,PART5747,transmission,Mercedes,2019,88.0,312.93,27537.84,
5747,PART5748,tire,Audi,2018,85.0,258.38,21962.3,0.0
5748,PART5749,brake,Ford,2009,58.0,78.52,4554.16,1.0
5749,PART5750,battery,BMW,2008,48.0,171.39,8226.72,0.0
5750,PART5751,tire,Audi,2008,23.0,495.53,11397.189999999999,1.0
5751,PART5752,tire,Honda,2009,19.0,263.67,5009.7300000000005,1.0
5752,PART5753,engine,Honda,2015,57.0,351.14,20014.98,1.0
5753,PART5754,brake,Audi,2010,23.0,152.34,3503.82,
5754,PART5755,brake,Mercedes,2014,9.0,224.31,2018.79,
5755,PART5756,engine,Toyota,2007,18.0,410.59,7390.62,1.0
5756,PART5757,tire,Ford,2003,74.0,233.1,17249.399999999998,
5757,PART5758,tire,Honda,2022,60.0,405.67,24340.2,1.0
5758,PART5759,engine,Volkswagen,2011,55.0,78.97,4343.35,
5759,PART5760,suspension,Toyota,2001,98.0,362.89,35563.22,1.0
5760,PART5761,suspension,Mercedes,2008,32.0,489.95,15678.4,1.0
5761,PART5762,engine,BMW,2003,41.0,113.36,4647.76,
5762,PART5763,brake,Volkswagen,2009,73.0,51.34,3747.82,0.0
5763,PART5764,tire,BMW,2016,26.0,148.34,3856.84,1.0
5764,PART5765,suspension,Honda,2013,80.0,236.92,18953.6,1.0
5765,PART5766,transmission,Mercedes,2021,17.0,351.11,5968.87,0.0
5766,PART5767,tire,Toyota,2009,68.0,377.42,25664.56,
5767,PART5768,brake,Volkswagen,2020,42.0,153.41,6443.22,0.0
5768,PART5769,brake,Mercedes,2000,81.0,180.11,14588.910000000002,0.0
5769,PART5770,suspension,BMW,2022,89.0,368.51,32797.39,0.0
5770,PART5771,transmission,Ford,2019,82.0,406.76,33354.32,1.0
5771,PART5772,brake,Audi,2000,89.0,402.74,35843.86,
5772,PART5773,engine,Volkswagen,2011,67.0,374.76,25108.92,
5773,PART5774,tire,Mercedes,2010,27.0,140.9,3804.3,1.0
5774,PART5775,battery,Ford,2022,51.0,55.59,2835.09,1.0
5775,PART5776,transmission,Toyota,2004,51.0,438.28,22352.28,
5776,PART5777,battery,BMW,2020,12.0,302.95,3635.3999999999996,0.0
5777,PART5778,engine,Volkswagen,2014,1.0,335.81,335.81,0.0
5778,PART5779,suspension,Volkswagen,2011,58.0,373.2,21645.6,1.0
5779,PART5780,brake,Ford,2010,21.0,312.49,6562.29,
5780,PART5781,engine,Volkswagen,2006,23.0,66.2,1522.6000000000001,1.0
5781,PART5782,brake,Toyota,2007,64.0,53.31,3411.84,1.0
5782,PART5783,brake,Honda,2000,64.0,394.41,25242.24,
5783,PART5784,brake,Audi,2004,61.0,427.83,26097.629999999997,
5784,PART5785,tire,BMW,2000,52.0,147.18,7653.360000000001,1.0
5785,PART5786,tire,Honda,2013,26.0,132.41,3442.66,1.0
5786,PART5787,engine,Audi,2003,41.0,122.25,5012.25,1.0
5787,PART5788,transmission,Volkswagen,2013,10.0,212.33,2123.3,1.0
5788,PART5789,tire,BMW,2018,75.0,495.22,37141.5,1.0
5789,PART5790,transmission,Volkswagen,2015,92.0,237.6,21859.2,
5790,PART5791,battery,Volkswagen,2015,77.0,90.44,6963.88,
5791,PART5792,tire,Audi,2002,50.0,345.89,17294.5,
5792,PART5793,transmission,BMW,2015,12.0,421.56,5058.72,0.0
5793,PART5794,engine,Audi,2002,20.0,55.58,1111.6,0.0
5794,PART5795,engine,BMW,2016,75.0,56.46,4234.5,1.0
5795,PART5796,brake,Toyota,2012,2.0,337.79,675.58,1.0
5796,PART5797,tire,Volkswagen,2005,42.0,234.83,9862.86,1.0
5797,PART5798,battery,BMW,2018,51.0,437.66,22320.66,
5798,PART5799,battery,Ford,2002,37.0,224.08,8290.960000000001,
5799,PART5800,engine,Ford,2002,35.0,216.4,7574.0,1.0
5800,PART5801,suspension,Mercedes,2004,94.0,151.24,14216.560000000001,0.0
5801,PART5802,battery,Honda,2012,75.0,342.78,25708.499999999996,1.0
5802,PART5803,suspension,Volkswagen,2009,72.0,439.33,31631.76,0.0
5803,PART5804,battery,Toyota,2018,99.0,286.75,28388.25,
5804,PART5805,suspension,Volkswagen,2018,95.0,400.27,38025.65,0.0
5805,PART5806,brake,Ford,2015,43.0,256.63,11035.09,1.0
5806,PART5807,engine,Honda,2005,67.0,361.44,24216.48,
5807,PART5808,brake,Volkswagen,2015,22.0,414.03,9108.66,1.0
5808,PART5809,battery,Toyota,2017,38.0,183.12,6958.56,1.0
5809,PART5810,battery,Honda,2020,66.0,65.47,4321.0199999999995,
5810,PART5811,brake,BMW,2013,98.0,441.95,43311.1,
5811,PART5812,tire,Volkswagen,2005,72.0,410.42,29550.24,
5812,PART5813,transmission,Toyota,2007,9.0,55.99,503.91,
5813,PART5814,brake,Audi,2015,27.0,64.52,1742.04,
5814,PART5815,engine,BMW,2005,99.0,220.25,21804.75,0.0
5815,PART5816,suspension,Ford,2022,84.0,226.89,19058.76,0.0
5816,PART5817,suspension,BMW,2018,56.0,81.52,4565.12,
5817,PART5818,transmission,Honda,2012,31.0,114.44,3547.64,1.0
5818,PART5819,transmission,Volkswagen,2019,74.0,292.83,21669.42,0.0
5819,PART5820,engine,Mercedes,2022,55.0,100.27,5514.849999999999,1.0
5820,PART5821,transmission,Ford,2004,57.0,96.67,5510.1900000000005,0.0
5821,PART5822,brake,Toyota,2004,30.0,477.19,14315.7,0.0
5822,PART5823,suspension,Toyota,2003,1.0,205.08,205.08,1.0
5823,PART5824,suspension,Audi,2008,10.0,281.69,2816.9,1.0
5824,PART5825,engine,BMW,2005,79.0,389.26,30751.54,0.0
5825,PART5826,battery,Volkswagen,2012,99.0,460.1,45549.9,0.0
5826,PART5827,battery,Ford,2015,50.0,66.99,3349.4999999999995,1.0
5827,PART5828,battery,Toyota,2014,18.0,366.86,6603.4800000000005,1.0
5828,PART5829,engine,Ford,2013,92.0,340.3,31307.600000000002,0.0
5829,PART5830,engine,Mercedes,2019,65.0,125.39,8150.35,0.0
5830,PART5831,engine,Honda,2001,94.0,129.28,12152.32,
5831,PART5832,battery,Honda,2002,1.0,88.24,88.24,
5832,PART5833,transmission,Honda,2016,43.0,96.5,4149.5,0.0
5833,PART5834,brake,Audi,2014,22.0,174.81,3845.82,1.0
5834,PART5835,tire,Honda,2010,66.0,327.64,21624.239999999998,
5835,PART5836,transmission,Mercedes,2006,21.0,262.04,5502.84,0.0
5836,PART5837,brake,Mercedes,2002,15.0,375.29,5629.35,
5837,PART5838,battery,Volkswagen,2000,36.0,251.67,9060.119999999999,0.0
5838,PART5839,transmission,Mercedes,2021,31.0,476.87,14782.97,1.0
5839,PART5840,transmission,Audi,2012,46.0,58.27,2680.42,1.0
5840,PART5841,tire,BMW,2005,84.0,119.91,10072.44,1.0
5841,PART5842,transmission,Honda,2000,75.0,139.25,10443.75,0.0
5842,PART5843,battery,Audi,2012,99.0,174.23,17248.77,0.0
5843,PART5844,suspension,Toyota,2018,86.0,210.19,18076.34,
5844,PART5845,engine,BMW,2005,96.0,241.63,23196.48,
5845,PART5846,battery,Toyota,2000,72.0,157.89,11368.079999999998,0.0
5846,PART5847,suspension,Ford,2011,98.0,100.19,9818.619999999999,
5847,PART5848,battery,Toyota,2019,40.0,183.6,7344.0,
5848,PART5849,suspension,Honda,2000,75.0,112.23,8417.25,
5849,PART5850,transmission,Audi,2005,86.0,389.93,33533.98,0.0
5850,PART5851,tire,Honda,2003,76.0,242.58,18436.08,0.0
5851,PART5852,suspension,Honda,2017,57.0,175.83,10022.310000000001,0.0
5852,PART5853,tire,Honda,2011,20.0,308.51,6170.2,
5853,PART5854,battery,Volkswagen,2005,87.0,96.9,8430.300000000001,
5854,PART5855,engine,BMW,2014,40.0,292.02,11680.8,1.0
5855,PART5856,battery,Audi,2022,31.0,489.05,15160.550000000001,
5856,PART5857,tire,Honda,2007,49.0,338.26,16574.739999999998,0.0
5857,PART5858,transmission,Honda,2000,25.0,54.96,1374.0,0.0
5858,PART5859,suspension,BMW,2003,57.0,318.53,18156.21,0.0
5859,PART5860,suspension,Volkswagen,2018,20.0,432.56,8651.2,0.0
5860,PART5861,transmission,Honda,2017,31.0,414.51,12849.81,
5861,PART5862,tire,Ford,2004,93.0,222.65,20706.45,
5862,PART5863,brake,BMW,2013,13.0,328.58,4271.54,
5863,PART5864,brake,Ford,2019,71.0,375.39,26652.69,
5864,PART5865,transmission,Mercedes,2012,98.0,437.79,42903.420000000006,1.0
5865,PART5866,brake,BMW,2021,62.0,297.08,18418.96,0.0
5866,PART5867,engine,Honda,2013,2.0,81.68,163.36,0.0
5867,PART5868,suspension,BMW,2000,44.0,483.33,21266.52,0.0
5868,PART5869,suspension,Volkswagen,2017,65.0,237.27,15422.550000000001,0.0
5869,PART5870,tire,Honda,2022,84.0,362.95,30487.8,1.0
5870,PART5871,suspension,Honda,2010,31.0,377.73,11709.630000000001,1.0
5871,PART5872,suspension,Volkswagen,2020,2.0,329.84,659.68,
5872,PART5873,engine,Toyota,2002,19.0,278.92,5299.4800000000005,1.0
5873,PART5874,tire,Volkswagen,2022,75.0,291.56,21867.0,1.0
5874,PART5875,tire,Volkswagen,2016,51.0,229.8,11719.800000000001,
5875,PART5876,suspension,Honda,2002,56.0,170.93,9572.08,1.0
5876,PART5877,battery,Volkswagen,2022,96.0,264.98,25438.08,1.0
5877,PART5878,tire,Honda,2001,75.0,352.02,26401.5,
5878,PART5879,suspension,Toyota,2009,34.0,350.32,11910.88,0.0
5879,PART5880,transmission,Honda,2000,34.0,215.91,7340.94,0.0
5880,PART5881,brake,Toyota,2012,17.0,484.14,8230.38,0.0
5881,PART5882,suspension,BMW,2015,67.0,280.38,18785.46,0.0
5882,PART5883,brake,BMW,2022,53.0,494.71,26219.629999999997,1.0
5883,PART5884,battery,Honda,2017,38.0,475.81,18080.78,1.0
5884,PART5885,tire,Toyota,2021,5.0,346.48,1732.4,
5885,PART5886,battery,Mercedes,2013,14.0,91.44,1280.1599999999999,
5886,PART5887,battery,BMW,2017,59.0,317.59,18737.809999999998,
5887,PART5888,engine,Toyota,2003,77.0,199.33,15348.410000000002,
5888,PART5889,engine,Toyota,2019,83.0,185.06,15359.98,1.0
5889,PART5890,brake,Ford,2020,71.0,288.71,20498.41,1.0
5890,PART5891,brake,BMW,2013,94.0,272.48,25613.120000000003,1.0
5891,PART5892,suspension,Mercedes,2004,41.0,397.72,16306.52,0.0
5892,PART5893,transmission,Honda,2004,30.0,250.5,7515.0,
5893,PART5894,suspension,Honda,2015,56.0,137.24,7685.4400000000005,
5894,PART5895,transmission,Toyota,2011,57.0,69.8,3978.6,
5895,PART5896,transmission,Toyota,2006,5.0,413.94,2069.7,
5896,PART5897,suspension,Audi,2018,93.0,321.53,29902.289999999997,1.0
5897,PART5898,battery,Honda,2021,35.0,158.72,5555.2,
5898,PART5899,brake,Honda,2020,39.0,321.36,12533.04,1.0
5899,PART5900,brake,Volkswagen,2001,58.0,423.97,24590.260000000002,0.0
5900,PART5901,battery,Mercedes,2017,33.0,352.02,11616.66,0.0
5901,PART5902,engine,BMW,2011,38.0,469.11,17826.18,
5902,PART5903,battery,Volkswagen,2005,89.0,115.41,10271.49,
5903,PART5904,engine,Volkswagen,2020,48.0,301.18,14456.64,
5904,PART5905,battery,Audi,2013,23.0,407.74,9378.02,1.0
5905,PART5906,transmission,Toyota,2017,93.0,72.48,6740.64,0.0
5906,PART5907,tire,Audi,2005,5.0,257.62,1288.1,1.0
5907,PART5908,tire,Audi,2006,71.0,365.91,25979.61,1.0
5908,PART5909,transmission,Volkswagen,2001,58.0,227.42,13190.359999999999,
5909,PART5910,brake,Audi,2014,82.0,146.85,12041.699999999999,
5910,PART5911,suspension,Mercedes,2000,5.0,271.97,1359.8500000000001,
5911,PART5912,battery,BMW,2005,16.0,361.04,5776.64,1.0
5912,PART5913,brake,Audi,2017,97.0,309.69,30039.93,1.0
5913,PART5914,suspension,Volkswagen,2003,81.0,243.25,19703.25,0.0
5914,PART5915,suspension,BMW,2022,29.0,244.51,7090.79,0.0
5915,PART5916,brake,Volkswagen,2009,18.0,450.88,8115.84,1.0
5916,PART5917,transmission,Toyota,2003,84.0,136.0,11424.0,0.0
5917,PART5918,engine,Ford,2000,37.0,285.24,10553.880000000001,0.0
5918,PART5919,engine,Mercedes,2021,2.0,472.43,944.86,1.0
5919,PART5920,tire,Honda,2011,66.0,136.24,8991.84,0.0
5920,PART5921,engine,Honda,2022,65.0,408.11,26527.15,0.0
5921,PART5922,tire,Audi,2007,15.0,94.13,1411.9499999999998,
5922,PART5923,battery,BMW,2000,52.0,453.28,23570.559999999998,0.0
5923,PART5924,suspension,Ford,2013,9.0,116.11,1044.99,
5924,PART5925,tire,Volkswagen,2012,12.0,183.12,2197.44,0.0
5925,PART5926,battery,Mercedes,2014,74.0,299.02,22127.48,1.0
5926,PART5927,engine,Ford,2000,28.0,211.43,5920.04,1.0
5927,PART5928,suspension,Toyota,2013,94.0,290.04,27263.760000000002,1.0
5928,PART5929,suspension,Toyota,2011,80.0,269.13,21530.4,
5929,PART5930,engine,Audi,2010,88.0,293.32,25812.16,1.0
5930,PART5931,brake,Toyota,2003,31.0,314.01,9734.31,
5931,PART5932,engine,Volkswagen,2018,39.0,376.54,14685.060000000001,
5932,PART5933,engine,Volkswagen,2007,29.0,357.35,10363.150000000001,0.0
5933,PART5934,transmission,BMW,2005,41.0,465.47,19084.27,
5934,PART5935,battery,BMW,2018,8.0,156.71,1253.68,
5935,PART5936,brake,Volkswagen,2022,88.0,250.58,22051.04,0.0
5936,PART5937,battery,Toyota,2001,62.0,251.39,15586.179999999998,
5937,PART5938,battery,Ford,2001,81.0,150.01,12150.81,
5938,PART5939,brake,Ford,2011,86.0,130.29,11204.939999999999,0.0
5939,PART5940,brake,Mercedes,2022,10.0,162.12,1621.2,0.0
5940,PART5941,battery,BMW,2000,14.0,71.64,1002.96,0.0
5941,PART5942,battery,Volkswagen,2019,96.0,424.65,40766.399999999994,1.0
5942,PART5943,battery,Mercedes,2004,49.0,483.93,23712.57,
5943,PART5944,suspension,Audi,2009,93.0,477.69,44425.17,
5944,PART5945,suspension,Toyota,2007,32.0,250.67,8021.44,1.0
5945,PART5946,battery,Toyota,2005,79.0,353.94,27961.26,1.0
5946,PART5947,transmission,BMW,2005,90.0,437.08,39337.2,
5947,PART5948,battery,BMW,2008,66.0,202.06,13335.960000000001,0.0
5948,PART5949,battery,BMW,2007,81.0,160.76,13021.56,1.0
5949,PART5950,battery,Honda,2014,96.0,115.26,11064.960000000001,1.0
5950,PART5951,tire,BMW,2004,89.0,246.01,21894.89,
5951,PART5952,battery,Honda,2001,27.0,198.47,5358.69,1.0
5952,PART5953,transmission,Audi,2017,41.0,465.47,19084.27,1.0
5953,PART5954,tire,Volkswagen,2012,78.0,146.38,11417.64,0.0
5954,PART5955,suspension,Honda,2018,3.0,437.8,1313.4,1.0
5955,PART5956,engine,Toyota,2001,46.0,380.1,17484.600000000002,
5956,PART5957,battery,BMW,2013,31.0,385.77,11958.869999999999,1.0
5957,PART5958,battery,Honda,2016,60.0,483.06,28983.6,0.0
5958,PART5959,transmission,Honda,2013,92.0,83.13,7647.959999999999,
5959,PART5960,transmission,Volkswagen,2007,4.0,256.26,1025.04,1.0
5960,PART5961,transmission,Ford,2006,10.0,327.59,3275.8999999999996,
5961,PART5962,engine,Honda,2010,64.0,419.49,26847.36,1.0
5962,PART5963,brake,BMW,2020,13.0,452.63,5884.19,1.0
5963,PART5964,battery,Audi,2002,70.0,462.3,32361.0,1.0
5964,PART5965,engine,Toyota,2007,33.0,264.84,8739.72,0.0
5965,PART5966,engine,Ford,2014,54.0,52.73,2847.4199999999996,1.0
5966,PART5967,tire,Honda,2022,16.0,415.24,6643.84,0.0
5967,PART5968,engine,Audi,2010,46.0,396.19,18224.74,
5968,PART5969,suspension,Ford,2005,36.0,232.38,8365.68,1.0
5969,PART5970,tire,Audi,2005,65.0,413.11,26852.15,1.0
5970,PART5971,battery,Toyota,2009,76.0,322.27,24492.519999999997,1.0
5971,PART5972,engine,Ford,2017,91.0,248.94,22653.54,1.0
5972,PART5973,engine,Mercedes,2007,80.0,345.04,27603.2,1.0
5973,PART5974,suspension,Ford,2011,26.0,129.77,3374.0200000000004,
5974,PART5975,transmission,Audi,2008,70.0,244.94,17145.8,
5975,PART5976,brake,Volkswagen,2015,18.0,102.96,1853.28,0.0
5976,PART5977,suspension,BMW,2005,62.0,417.51,25885.62,0.0
5977,PART5978,brake,Audi,2021,65.0,149.83,9738.95,1.0
5978,PART5979,engine,Mercedes,2012,66.0,482.92,31872.72,0.0
5979,PART5980,transmission,Audi,2015,17.0,432.57,7353.69,0.0
5980,PART5981,engine,Toyota,2021,79.0,365.69,28889.51,1.0
5981,PART5982,brake,Ford,2006,76.0,455.37,34608.12,0.0
5982,PART5983,brake,Toyota,2002,25.0,184.77,4619.25,0.0
5983,PART5984,engine,Audi,2011,99.0,176.77,17500.23,0.0
5984,PART5985,tire,BMW,2011,24.0,439.46,10547.039999999999,1.0
5985,PART5986,engine,Honda,2014,40.0,65.15,2606.0,
5986,PART5987,brake,Ford,2020,92.0,301.34,27723.28,0.0
5987,PART5988,transmission,Honda,2001,75.0,285.12,21384.0,0.0
5988,PART5989,engine,Audi,2009,44.0,305.15,13426.599999999999,1.0
5989,PART5990,battery,Volkswagen,2006,57.0,58.99,3362.4300000000003,0.0
5990,PART5991,suspension,Ford,2002,92.0,464.76,42757.92,
5991,PART5992,transmission,Toyota,2001,75.0,144.14,10810.499999999998,
5992,PART5993,tire,Audi,2012,33.0,439.48,14502.84,1.0
5993,PART5994,engine,Ford,2009,48.0,122.79,5893.92,0.0
5994,PART5995,battery,BMW,2013,84.0,62.94,5286.96,
5995,PART5996,battery,Ford,2004,13.0,274.33,3566.29,
5996,PART5997,engine,BMW,2003,81.0,175.9,14247.9,1.0
5997,PART5998,transmission,BMW,2013,59.0,93.25,5501.75,0.0
5998,PART5999,transmission,Mercedes,2012,79.0,163.25,12896.75,0.0
5999,PART6000,engine,Toyota,2006,94.0,233.79,21976.26,1.0
6000,PART6001,brake,Mercedes,2019,11.0,445.35,4898.85,1.0
6001,PART6002,suspension,Ford,2021,77.0,311.98,24022.460000000003,0.0
6002,PART6003,transmission,Volkswagen,2012,75.0,281.29,21096.75,1.0
6003,PART6004,brake,Volkswagen,2003,55.0,281.85,15501.750000000002,
6004,PART6005,engine,Ford,2022,18.0,351.72,6330.960000000001,1.0
6005,PART6006,brake,Audi,2013,33.0,242.39,7998.87,1.0
6006,PART6007,brake,Volkswagen,2007,64.0,111.82,7156.48,
6007,PART6008,tire,Honda,2018,10.0,486.32,4863.2,1.0
6008,PART6009,tire,BMW,2013,34.0,454.85,15464.900000000001,1.0
6009,PART6010,brake,Honda,2012,12.0,198.3,2379.6000000000004,1.0
6010,PART6011,brake,Mercedes,2022,97.0,466.01,45202.97,1.0
6011,PART6012,transmission,Honda,2003,4.0,75.69,302.76,0.0
6012,PART6013,engine,Audi,2021,13.0,146.47,1904.11,0.0
6013,PART6014,engine,Mercedes,2003,44.0,442.45,19467.8,
6014,PART6015,battery,Volkswagen,2004,25.0,165.74,4143.5,1.0
6015,PART6016,suspension,Ford,2019,96.0,191.06,18341.760000000002,0.0
6016,PART6017,battery,Ford,2017,2.0,275.92,551.84,1.0
6017,PART6018,brake,Honda,2022,23.0,325.6,7488.8,1.0
6018,PART6019,brake,Ford,2015,57.0,55.22,3147.54,1.0
6019,PART6020,brake,Honda,2016,11.0,222.03,2442.33,1.0
6020,PART6021,transmission,Audi,2007,67.0,326.96,21906.32,0.0
6021,PART6022,suspension,Honda,2004,62.0,116.92,7249.04,
6022,PART6023,engine,Toyota,2013,6.0,233.31,1399.8600000000001,
6023,PART6024,suspension,Mercedes,2016,30.0,394.45,11833.5,1.0
6024,PART6025,suspension,Toyota,2009,5.0,480.47,2402.3500000000004,0.0
6025,PART6026,battery,Honda,2020,1.0,399.16,399.16,
6026,PART6027,tire,Audi,2001,81.0,365.51,29606.309999999998,0.0
6027,PART6028,brake,Audi,2003,4.0,278.44,1113.76,0.0
6028,PART6029,engine,Honda,2013,97.0,459.78,44598.659999999996,
6029,PART6030,battery,Mercedes,2018,16.0,107.98,1727.68,
6030,PART6031,battery,Audi,2003,75.0,239.16,17937.0,1.0
6031,PART6032,suspension,Toyota,2015,40.0,87.61,3504.4,
6032,PART6033,suspension,Audi,2009,83.0,456.97,37928.51,
6033,PART6034,brake,Toyota,2018,44.0,195.58,8605.52,0.0
6034,PART6035,transmission,BMW,2019,86.0,273.16,23491.760000000002,1.0
6035,PART6036,battery,Audi,2018,81.0,312.99,25352.190000000002,1.0
6036,PART6037,brake,BMW,2004,77.0,300.64,23149.28,1.0
6037,PART6038,suspension,Mercedes,2001,55.0,439.02,24146.1,0.0
6038,PART6039,transmission,Mercedes,2021,97.0,405.62,39345.14,1.0
6039,PART6040,tire,Audi,2009,99.0,351.34,34782.659999999996,0.0
6040,PART6041,transmission,Mercedes,2006,4.0,461.89,1847.56,0.0
6041,PART6042,tire,BMW,2004,43.0,408.47,17564.210000000003,
6042,PART6043,suspension,Mercedes,2000,43.0,327.21,14070.029999999999,1.0
6043,PART6044,tire,Mercedes,2010,17.0,348.72,5928.240000000001,0.0
6044,PART6045,engine,Volkswagen,2009,67.0,400.62,26841.54,
6045,PART6046,engine,Honda,2001,87.0,350.41,30485.670000000002,0.0
6046,PART6047,tire,BMW,2011,28.0,237.12,6639.360000000001,
6047,PART6048,transmission,Mercedes,2019,14.0,106.16,1486.24,1.0
6048,PART6049,suspension,BMW,2012,14.0,398.7,5581.8,1.0
6049,PART6050,suspension,Honda,2000,1.0,268.45,268.45,0.0
6050,PART6051,suspension,Audi,2010,77.0,56.14,4322.78,0.0
6051,PART6052,suspension,Volkswagen,2016,31.0,110.65,3430.15,
6052,PART6053,brake,Mercedes,2005,61.0,268.92,16404.120000000003,
6053,PART6054,transmission,Mercedes,2013,74.0,384.76,28472.239999999998,
6054,PART6055,transmission,Honda,2017,85.0,485.66,41281.1,1.0
6055,PART6056,transmission,Mercedes,2017,93.0,192.42,17895.059999999998,
6056,PART6057,tire,Toyota,2008,34.0,196.14,6668.759999999999,1.0
6057,PART6058,battery,Honda,2007,19.0,202.73,3851.87,
6058,PART6059,tire,Audi,2008,30.0,423.72,12711.6,1.0
6059,PART6060,suspension,Ford,2011,26.0,98.91,2571.66,0.0
6060,PART6061,engine,Mercedes,2001,76.0,100.68,7651.68,0.0
6061,PART6062,transmission,Toyota,2002,33.0,70.37,2322.21,
6062,PART6063,suspension,Ford,2000,95.0,449.75,42726.25,1.0
6063,PART6064,brake,BMW,2010,20.0,389.21,7784.2,
6064,PART6065,battery,Ford,2008,89.0,69.4,6176.6,1.0
6065,PART6066,suspension,Honda,2018,48.0,103.92,4988.16,
6066,PART6067,suspension,Honda,2002,61.0,239.83,14629.630000000001,
6067,PART6068,suspension,Toyota,2016,69.0,384.99,26564.31,
6068,PART6069,engine,Volkswagen,2015,2.0,386.26,772.52,
6069,PART6070,brake,Toyota,2015,13.0,200.06,2600.78,0.0
6070,PART6071,tire,Mercedes,2000,34.0,93.59,3182.06,1.0
6071,PART6072,engine,Toyota,2009,91.0,194.5,17699.5,0.0
6072,PART6073,tire,Mercedes,2011,7.0,387.18,2710.26,0.0
6073,PART6074,engine,Mercedes,2015,54.0,114.83,6200.82,0.0
6074,PART6075,suspension,BMW,2011,99.0,104.1,10305.9,
6075,PART6076,transmission,Toyota,2008,34.0,384.26,13064.84,
6076,PART6077,brake,BMW,2001,10.0,229.99,2299.9,1.0
6077,PART6078,transmission,Ford,2022,57.0,346.47,19748.79,0.0
6078,PART6079,transmission,Audi,2004,19.0,167.33,3179.2700000000004,1.0
6079,PART6080,transmission,Ford,2012,38.0,253.59,9636.42,1.0
6080,PART6081,brake,Toyota,2014,22.0,107.63,2367.8599999999997,
6081,PART6082,transmission,Ford,2017,65.0,347.26,22571.899999999998,0.0
6082,PART6083,engine,Audi,2004,70.0,232.06,16244.2,0.0
6083,PART6084,tire,BMW,2019,29.0,256.5,7438.5,1.0
6084,PART6085,transmission,Toyota,2001,4.0,185.12,740.48,
6085,PART6086,engine,BMW,2007,43.0,151.34,6507.62,0.0
6086,PART6087,suspension,Audi,2018,65.0,267.98,17418.7,1.0
6087,PART6088,engine,Ford,2020,52.0,194.67,10122.84,1.0
6088,PART6089,brake,BMW,2013,76.0,62.46,4746.96,0.0
6089,PART6090,brake,Audi,2021,11.0,162.12,1783.3200000000002,0.0
6090,PART6091,tire,Volkswagen,2018,5.0,90.73,453.65000000000003,0.0
6091,PART6092,brake,Mercedes,2003,66.0,89.49,5906.339999999999,0.0
6092,PART6093,battery,Ford,2010,69.0,292.49,20181.81,0.0
6093,PART6094,tire,Toyota,2011,31.0,100.74,3122.94,1.0
6094,PART6095,suspension,Mercedes,2018,12.0,199.68,2396.16,
6095,PART6096,brake,Volkswagen,2004,42.0,55.28,2321.76,0.0
6096,PART6097,tire,Ford,2007,41.0,419.19,17186.79,1.0
6097,PART6098,transmission,Audi,2017,22.0,108.63,2389.8599999999997,1.0
6098,PART6099,engine,BMW,2009,66.0,327.06,21585.96,0.0
6099,PART6100,brake,Honda,2005,99.0,391.07,38715.93,
6100,PART6101,engine,Mercedes,2022,69.0,265.99,18353.31,1.0
6101,PART6102,transmission,Honda,2007,25.0,66.11,1652.75,
6102,PART6103,suspension,Honda,2009,44.0,284.85,12533.400000000001,
6103,PART6104,tire,Toyota,2017,38.0,175.14,6655.32,
6104,PART6105,engine,Honda,2011,31.0,449.98,13949.380000000001,1.0
6105,PART6106,transmission,Honda,2008,19.0,396.92,7541.4800000000005,
6106,PART6107,engine,Ford,2004,33.0,131.17,4328.61,1.0
6107,PART6108,brake,Honda,2004,27.0,162.64,4391.28,1.0
6108,PART6109,engine,Audi,2018,98.0,238.56,23378.88,1.0
6109,PART6110,engine,Toyota,2021,13.0,211.63,2751.19,0.0
6110,PART6111,transmission,Audi,2006,14.0,83.29,1166.0600000000002,0.0
6111,PART6112,transmission,Mercedes,2019,17.0,448.81,7629.77,0.0
6112,PART6113,engine,Honda,2009,46.0,159.21,7323.660000000001,1.0
6113,PART6114,transmission,Audi,2005,19.0,332.75,6322.25,0.0
6114,PART6115,brake,Volkswagen,2021,1.0,264.64,264.64,
6115,PART6116,transmission,BMW,2001,40.0,165.7,6628.0,
6116,PART6117,engine,Honda,2018,19.0,242.33,4604.27,0.0
6117,PART6118,battery,Mercedes,2002,92.0,121.16,11146.72,0.0
6118,PART6119,transmission,Honda,2021,77.0,55.08,4241.16,1.0
6119,PART6120,suspension,Honda,2014,98.0,456.0,44688.0,0.0
6120,PART6121,engine,Ford,2007,36.0,413.68,14892.48,1.0
6121,PART6122,engine,Honda,2018,55.0,206.07,11333.85,1.0
6122,PART6123,brake,Audi,2017,35.0,305.47,10691.45,1.0
6123,PART6124,engine,Toyota,2013,21.0,362.7,7616.7,
6124,PART6125,engine,BMW,2010,27.0,353.7,9549.9,1.0
6125,PART6126,suspension,BMW,2021,88.0,92.88,8173.44,0.0
6126,PART6127,transmission,Toyota,2010,21.0,478.34,10045.14,
6127,PART6128,brake,Mercedes,2008,70.0,125.15,8760.5,0.0
6128,PART6129,tire,Volkswagen,2019,34.0,105.17,3575.78,0.0
6129,PART6130,tire,BMW,2020,69.0,354.58,24466.02,
6130,PART6131,suspension,Toyota,2006,80.0,303.38,24270.4,0.0
6131,PART6132,suspension,BMW,2000,45.0,92.67,4170.15,1.0
6132,PART6133,brake,Audi,2019,36.0,463.73,16694.28,0.0
6133,PART6134,brake,Honda,2014,21.0,53.95,1132.95,
6134,PART6135,engine,Honda,2001,76.0,228.81,17389.56,0.0
6135,PART6136,battery,Audi,2019,50.0,447.69,22384.5,1.0
6136,PART6137,transmission,Honda,2006,10.0,109.61,1096.1,0.0
6137,PART6138,engine,Audi,2018,61.0,378.89,23112.29,1.0
6138,PART6139,transmission,Honda,2022,91.0,126.45,11506.95,0.0
6139,PART6140,transmission,Honda,2018,53.0,242.14,12833.42,
6140,PART6141,engine,Volkswagen,2004,90.0,95.25,8572.5,1.0
6141,PART6142,battery,Honda,2000,67.0,469.81,31477.27,
6142,PART6143,battery,Mercedes,2000,22.0,474.55,10440.1,0.0
6143,PART6144,battery,Toyota,2009,34.0,473.71,16106.14,1.0
6144,PART6145,suspension,BMW,2006,78.0,338.09,26371.019999999997,0.0
6145,PART6146,tire,BMW,2005,44.0,469.34,20650.96,
6146,PART6147,engine,Audi,2017,29.0,66.53,1929.3700000000001,0.0
6147,PART6148,transmission,Audi,2000,91.0,495.79,45116.89,
6148,PART6149,suspension,Toyota,2021,71.0,343.71,24403.41,0.0
6149,PART6150,tire,Toyota,2009,17.0,74.52,1266.84,0.0
6150,PART6151,tire,Honda,2010,14.0,302.82,4239.48,1.0
6151,PART6152,transmission,Toyota,2016,79.0,314.54,24848.66,0.0
6152,PART6153,transmission,Ford,2022,22.0,315.07,6931.54,
6153,PART6154,transmission,Volkswagen,2008,19.0,460.76,8754.44,
6154,PART6155,suspension,Ford,2002,72.0,141.19,10165.68,1.0
6155,PART6156,suspension,Ford,2013,62.0,486.81,30182.22,0.0
6156,PART6157,tire,Mercedes,2001,56.0,282.33,15810.48,
6157,PART6158,engine,Ford,2004,83.0,267.55,22206.65,1.0
6158,PART6159,brake,Mercedes,2001,73.0,372.49,27191.77,1.0
6159,PART6160,suspension,Volkswagen,2007,41.0,257.38,10552.58,0.0
6160,PART6161,brake,Toyota,2009,43.0,332.17,14283.310000000001,
6161,PART6162,engine,Mercedes,2014,35.0,134.71,4714.85,
6162,PART6163,battery,Volkswagen,2008,78.0,428.91,33454.98,1.0
6163,PART6164,tire,Volkswagen,2007,17.0,225.02,3825.34,
6164,PART6165,battery,Audi,2014,8.0,209.56,1676.48,0.0
6165,PART6166,tire,Volkswagen,2007,90.0,238.42,21457.8,0.0
6166,PART6167,engine,Ford,2011,9.0,163.05,1467.45,
6167,PART6168,transmission,Audi,2005,43.0,115.8,4979.4,0.0
6168,PART6169,tire,Toyota,2014,33.0,389.9,12866.699999999999,
6169,PART6170,engine,Audi,2010,32.0,326.32,10442.24,1.0
6170,PART6171,transmission,Mercedes,2020,44.0,181.86,8001.84,0.0
6171,PART6172,tire,Audi,2010,64.0,480.23,30734.72,0.0
6172,PART6173,transmission,BMW,2007,93.0,205.72,19131.96,1.0
6173,PART6174,tire,Volkswagen,2001,82.0,271.7,22279.399999999998,1.0
6174,PART6175,battery,BMW,2009,58.0,147.76,8570.08,1.0
6175,PART6176,battery,Volkswagen,2020,30.0,121.28,3638.4,1.0
6176,PART6177,engine,Mercedes,2020,10.0,83.24,832.4,
6177,PART6178,tire,Audi,2003,47.0,272.01,12784.47,1.0
6178,PART6179,transmission,Ford,2006,55.0,122.26,6724.3,
6179,PART6180,tire,Honda,2020,60.0,473.37,28402.2,1.0
6180,PART6181,transmission,Toyota,2011,85.0,388.67,33036.950000000004,0.0
6181,PART6182,suspension,BMW,2001,32.0,275.31,8809.92,0.0
6182,PART6183,brake,Honda,2013,63.0,61.25,3858.75,
6183,PART6184,engine,Ford,2018,25.0,272.44,6811.0,1.0
6184,PART6185,suspension,Ford,2017,60.0,410.88,24652.8,1.0
6185,PART6186,transmission,Honda,2016,48.0,72.41,3475.68,
6186,PART6187,tire,BMW,2001,14.0,196.14,2745.96,1.0
6187,PART6188,brake,Toyota,2010,6.0,111.52,669.12,1.0
6188,PART6189,transmission,Honda,2020,91.0,219.53,19977.23,0.0
6189,PART6190,brake,Volkswagen,2017,12.0,394.88,4738.5599999999995,1.0
6190,PART6191,transmission,Volkswagen,2011,67.0,392.2,26277.399999999998,0.0
6191,PART6192,brake,Audi,2020,10.0,111.55,1115.5,
6192,PART6193,suspension,Volkswagen,2018,67.0,398.36,26690.120000000003,
6193,PART6194,engine,Volkswagen,2021,93.0,101.53,9442.29,0.0
6194,PART6195,brake,Ford,2012,26.0,427.78,11122.279999999999,1.0
6195,PART6196,tire,BMW,2008,63.0,73.87,4653.81,
6196,PART6197,transmission,Toyota,2021,68.0,426.68,29014.24,1.0
6197,PART6198,tire,Honda,2004,34.0,189.97,6458.98,
6198,PART6199,brake,Honda,2022,68.0,401.25,27285.0,1.0
6199,PART6200,suspension,Mercedes,2004,16.0,200.48,3207.68,1.0
6200,PART6201,battery,Ford,2011,72.0,239.34,17232.48,
6201,PART6202,transmission,BMW,2020,14.0,403.78,5652.92,0.0
6202,PART6203,brake,Toyota,2008,59.0,325.78,19221.019999999997,
6203,PART6204,tire,Honda,2018,89.0,399.08,35518.119999999995,0.0
6204,PART6205,suspension,Volkswagen,2012,50.0,187.31,9365.5,0.0
6205,PART6206,brake,Ford,2014,89.0,340.77,30328.53,
6206,PART6207,battery,Toyota,2018,26.0,387.02,10062.52,0.0
6207,PART6208,battery,Ford,2011,14.0,263.41,3687.7400000000002,0.0
6208,PART6209,engine,BMW,2013,34.0,467.41,15891.94,1.0
6209,PART6210,suspension,Volkswagen,2018,87.0,70.22,6109.14,
6210,PART6211,suspension,Mercedes,2021,48.0,261.28,12541.439999999999,1.0
6211,PART6212,suspension,Toyota,2019,17.0,412.16,7006.72,
6212,PART6213,suspension,Audi,2001,52.0,143.21,7446.92,
6213,PART6214,brake,Honda,2018,78.0,168.53,13145.34,0.0
6214,PART6215,brake,Audi,2022,20.0,423.41,8468.2,0.0
6215,PART6216,transmission,BMW,2003,31.0,79.76,2472.56,
6216,PART6217,engine,Audi,2007,95.0,262.75,24961.25,0.0
6217,PART6218,suspension,BMW,2011,65.0,390.11,25357.15,0.0
6218,PART6219,transmission,Toyota,2014,27.0,130.6,3526.2,0.0
6219,PART6220,brake,Volkswagen,2003,33.0,62.28,2055.2400000000002,0.0
6220,PART6221,transmission,Volkswagen,2014,72.0,84.76,6102.72,
6221,PART6222,tire,Audi,2003,52.0,266.01,13832.52,
6222,PART6223,tire,Ford,2009,51.0,294.07,14997.57,0.0
6223,PART6224,brake,Audi,2004,55.0,166.43,9153.65,
6224,PART6225,transmission,Ford,2005,71.0,205.04,14557.84,0.0
6225,PART6226,transmission,Volkswagen,2001,26.0,429.02,11154.52,
6226,PART6227,engine,Honda,2003,67.0,95.56,6402.52,
6227,PART6228,suspension,Audi,2005,40.0,88.53,3541.2,
6228,PART6229,suspension,BMW,2001,91.0,265.98,24204.18,0.0
6229,PART6230,battery,Volkswagen,2010,78.0,467.65,36476.7,0.0
6230,PART6231,suspension,Toyota,2003,91.0,261.41,23788.31,0.0
6231,PART6232,engine,Volkswagen,2008,27.0,226.82,6124.139999999999,
6232,PART6233,transmission,Volkswagen,2005,79.0,141.82,11203.779999999999,1.0
6233,PART6234,tire,Ford,2019,88.0,496.51,43692.88,
6234,PART6235,suspension,Honda,2003,72.0,169.82,12227.039999999999,
6235,PART6236,brake,Volkswagen,2005,59.0,212.45,12534.55,1.0
6236,PART6237,suspension,BMW,2015,44.0,125.25,5511.0,
6237,PART6238,transmission,Ford,2017,5.0,284.91,1424.5500000000002,
6238,PART6239,engine,BMW,2021,81.0,358.48,29036.88,0.0
6239,PART6240,suspension,Audi,2022,85.0,412.9,35096.5,1.0
6240,PART6241,transmission,Toyota,2017,4.0,265.51,1062.04,1.0
6241,PART6242,brake,Mercedes,2014,52.0,207.7,10800.4,0.0
6242,PART6243,brake,Volkswagen,2014,24.0,342.71,8225.039999999999,0.0
6243,PART6244,transmission,Toyota,2020,99.0,418.52,41433.479999999996,0.0
6244,PART6245,suspension,Ford,2006,33.0,319.8,10553.4,
6245,PART6246,suspension,Ford,2021,51.0,417.92,21313.920000000002,1.0
6246,PART6247,battery,Honda,2007,5.0,171.07,855.3499999999999,
6247,PART6248,tire,Audi,2006,1.0,216.51,216.51,0.0
6248,PART6249,tire,Volkswagen,2001,97.0,457.89,44415.33,1.0
6249,PART6250,suspension,BMW,2017,18.0,445.19,8013.42,
6250,PART6251,engine,Volkswagen,2012,73.0,120.77,8816.21,1.0
6251,PART6252,tire,Toyota,2009,26.0,122.11,3174.86,1.0
6252,PART6253,brake,BMW,2002,91.0,435.94,39670.54,
6253,PART6254,tire,Audi,2011,17.0,148.28,2520.76,0.0
6254,PART6255,brake,Mercedes,2003,47.0,212.71,9997.37,0.0
6255,PART6256,suspension,Toyota,2009,45.0,84.67,3810.15,
6256,PART6257,tire,Honda,2006,88.0,104.41,9188.08,1.0
6257,PART6258,suspension,Mercedes,2016,14.0,497.55,6965.7,
6258,PART6259,suspension,BMW,2018,21.0,300.43,6309.03,1.0
6259,PART6260,battery,Mercedes,2011,76.0,239.95,18236.2,
6260,PART6261,suspension,Volkswagen,2001,54.0,298.3,16108.2,1.0
6261,PART6262,brake,Toyota,2017,57.0,359.68,20501.760000000002,0.0
6262,PART6263,engine,Toyota,2011,27.0,149.75,4043.25,0.0
6263,PART6264,tire,Ford,2006,8.0,139.41,1115.28,0.0
6264,PART6265,transmission,Volkswagen,2006,16.0,345.85,5533.6,0.0
6265,PART6266,brake,Ford,2000,31.0,126.75,3929.25,1.0
6266,PART6267,transmission,Ford,2022,70.0,177.43,12420.1,1.0
6267,PART6268,transmission,Audi,2011,71.0,62.02,4403.42,0.0
6268,PART6269,tire,Toyota,2007,43.0,217.52,9353.36,
6269,PART6270,engine,Toyota,2002,54.0,177.59,9589.86,0.0
6270,PART6271,transmission,Volkswagen,2006,9.0,294.3,2648.7000000000003,0.0
6271,PART6272,suspension,Toyota,2014,13.0,368.24,4787.12,0.0
6272,PART6273,suspension,Ford,2019,1.0,417.28,417.28,0.0
6273,PART6274,battery,BMW,2020,87.0,66.72,5804.64,
6274,PART6275,engine,Mercedes,2017,18.0,235.06,4231.08,
6275,PART6276,transmission,Audi,2020,73.0,52.19,3809.87,1.0
6276,PART6277,transmission,Honda,2001,93.0,415.95,38683.35,1.0
6277,PART6278,engine,Honda,2020,55.0,89.03,4896.65,0.0
6278,PART6279,battery,Mercedes,2009,1.0,281.14,281.14,0.0
6279,PART6280,brake,Mercedes,2007,12.0,395.28,4743.36,
6280,PART6281,transmission,Toyota,2011,74.0,425.59,31493.66,0.0
6281,PART6282,tire,Audi,2015,81.0,449.63,36420.03,
6282,PART6283,battery,Volkswagen,2002,93.0,455.24,42337.32,
6283,PART6284,suspension,Audi,2001,51.0,257.27,13120.769999999999,0.0
6284,PART6285,brake,Ford,2013,12.0,213.88,2566.56,
6285,PART6286,transmission,Honda,2008,5.0,129.65,648.25,0.0
6286,PART6287,tire,Audi,2004,31.0,289.14,8963.34,0.0
6287,PART6288,tire,Toyota,2011,53.0,399.61,21179.33,
6288,PART6289,transmission,Volkswagen,2006,97.0,415.9,40342.299999999996,1.0
6289,PART6290,transmission,Volkswagen,2003,38.0,487.84,18537.92,
6290,PART6291,battery,Toyota,2022,70.0,128.03,8962.1,1.0
6291,PART6292,battery,Mercedes,2004,7.0,309.63,2167.41,1.0
6292,PART6293,brake,Volkswagen,2015,74.0,395.86,29293.64,
6293,PART6294,battery,Ford,2013,57.0,418.92,23878.440000000002,
6294,PART6295,transmission,Ford,2019,24.0,469.59,11270.16,
6295,PART6296,engine,Volkswagen,2012,31.0,161.04,4992.24,0.0
6296,PART6297,brake,Ford,2013,86.0,141.06,12131.16,
6297,PART6298,brake,Honda,2001,44.0,321.47,14144.68,1.0
6298,PART6299,tire,Mercedes,2020,44.0,138.51,6094.44,1.0
6299,PART6300,suspension,Honda,2017,85.0,396.26,33682.1,0.0
6300,PART6301,battery,Honda,2006,32.0,118.89,3804.48,0.0
6301,PART6302,battery,Toyota,2015,65.0,129.45,8414.25,1.0
6302,PART6303,suspension,Honda,2006,78.0,330.27,25761.059999999998,
6303,PART6304,battery,Ford,2019,46.0,334.87,15404.02,0.0
6304,PART6305,transmission,Audi,2005,96.0,356.88,34260.479999999996,0.0
6305,PART6306,brake,Audi,2009,8.0,212.11,1696.88,
6306,PART6307,suspension,Mercedes,2020,53.0,261.32,13849.96,1.0
6307,PART6308,tire,Audi,2000,65.0,175.98,11438.699999999999,1.0
6308,PART6309,brake,Audi,2015,1.0,299.95,299.95,
6309,PART6310,transmission,Volkswagen,2011,99.0,432.84,42851.159999999996,
6310,PART6311,tire,Volkswagen,2020,1.0,93.42,93.42,1.0
6311,PART6312,battery,Audi,2004,47.0,237.36,11155.92,0.0
6312,PART6313,engine,Audi,2018,57.0,67.78,3863.46,1.0
6313,PART6314,tire,BMW,2007,11.0,315.62,3471.82,
6314,PART6315,transmission,Mercedes,2022,98.0,377.58,37002.84,
6315,PART6316,battery,BMW,2007,38.0,416.12,15812.56,0.0
6316,PART6317,brake,Ford,2009,75.0,70.58,5293.5,0.0
6317,PART6318,brake,Audi,2010,30.0,214.8,6444.0,
6318,PART6319,engine,Volkswagen,2012,27.0,183.43,4952.610000000001,0.0
6319,PART6320,transmission,BMW,2006,87.0,352.78,30691.859999999997,1.0
6320,PART6321,suspension,Ford,2014,39.0,101.03,3940.17,
6321,PART6322,transmission,Honda,2000,24.0,493.56,11845.44,0.0
6322,PART6323,brake,Toyota,2021,47.0,173.05,8133.35,0.0
6323,PART6324,suspension,Ford,2008,53.0,463.03,24540.59,
6324,PART6325,transmission,Mercedes,2002,85.0,193.01,16405.85,
6325,PART6326,brake,BMW,2021,67.0,116.14,7781.38,0.0
6326,PART6327,tire,Honda,2014,48.0,347.97,16702.56,1.0
6327,PART6328,suspension,BMW,2015,41.0,95.3,3907.2999999999997,1.0
6328,PART6329,battery,BMW,2022,77.0,452.27,34824.79,1.0
6329,PART6330,transmission,Honda,2003,21.0,153.77,3229.17,
6330,PART6331,transmission,Volkswagen,2005,95.0,167.18,15882.1,
6331,PART6332,tire,Mercedes,2006,52.0,182.26,9477.52,
6332,PART6333,tire,Honda,2014,7.0,445.77,3120.39,
6333,PART6334,engine,Ford,2021,54.0,156.07,8427.779999999999,1.0
6334,PART6335,suspension,Volkswagen,2012,96.0,64.97,6237.12,1.0
6335,PART6336,battery,Toyota,2005,25.0,108.74,2718.5,0.0
6336,PART6337,transmission,Ford,2006,13.0,58.17,756.21,
6337,PART6338,tire,Honda,2018,90.0,373.68,33631.2,0.0
6338,PART6339,suspension,Audi,2011,62.0,245.65,15230.300000000001,1.0
6339,PART6340,engine,BMW,2000,77.0,219.13,16873.01,0.0
6340,PART6341,engine,Ford,2022,44.0,463.24,20382.56,0.0
6341,PART6342,engine,Honda,2009,65.0,499.29,32453.850000000002,0.0
6342,PART6343,battery,Audi,2006,5.0,125.35,626.75,1.0
6343,PART6344,transmission,Honda,2005,30.0,479.92,14397.6,1.0
6344,PART6345,suspension,Toyota,2014,71.0,300.55,21339.05,
6345,PART6346,battery,Mercedes,2011,29.0,240.1,6962.9,1.0
6346,PART6347,transmission,BMW,2022,40.0,185.39,7415.599999999999,0.0
6347,PART6348,tire,Volkswagen,2013,5.0,53.73,268.65,0.0
6348,PART6349,transmission,Ford,2016,62.0,138.25,8571.5,
6349,PART6350,tire,Toyota,2006,30.0,113.94,3418.2,1.0
6350,PART6351,brake,Toyota,2014,6.0,494.66,2967.96,0.0
6351,PART6352,brake,BMW,2012,49.0,295.84,14496.159999999998,0.0
6352,PART6353,tire,Mercedes,2011,49.0,363.37,17805.13,
6353,PART6354,tire,Audi,2009,58.0,323.34,18753.719999999998,0.0
6354,PART6355,suspension,Toyota,2013,99.0,53.82,5328.18,
6355,PART6356,engine,Volkswagen,2016,96.0,177.22,17013.12,
6356,PART6357,brake,Ford,2021,37.0,130.86,4841.820000000001,0.0
6357,PART6358,battery,Honda,2002,53.0,451.72,23941.16,
6358,PART6359,engine,BMW,2016,68.0,116.2,7901.6,0.0
6359,PART6360,battery,Volkswagen,2014,44.0,120.46,5300.24,
6360,PART6361,tire,Mercedes,2020,52.0,137.45,7147.4,1.0
6361,PART6362,battery,Honda,2003,62.0,472.13,29272.06,0.0
6362,PART6363,brake,Ford,2003,90.0,204.03,18362.7,1.0
6363,PART6364,tire,BMW,2011,16.0,426.7,6827.2,
6364,PART6365,transmission,Audi,2000,28.0,223.32,6252.96,0.0
6365,PART6366,transmission,Volkswagen,2019,45.0,315.64,14203.8,
6366,PART6367,transmission,Volkswagen,2004,62.0,403.41,25011.420000000002,0.0
6367,PART6368,engine,Toyota,2002,95.0,87.45,8307.75,
6368,PART6369,brake,Volkswagen,2018,87.0,306.65,26678.55,1.0
6369,PART6370,battery,Toyota,2009,92.0,253.38,23310.96,
6370,PART6371,brake,Volkswagen,2007,74.0,168.71,12484.54,
6371,PART6372,transmission,BMW,2004,23.0,343.07,7890.61,
6372,PART6373,engine,Toyota,2019,70.0,114.25,7997.5,1.0
6373,PART6374,transmission,BMW,2020,55.0,208.1,11445.5,
6374,PART6375,brake,Ford,2013,90.0,386.71,34803.9,
6375,PART6376,battery,Honda,2012,65.0,450.75,29298.75,
6376,PART6377,battery,Toyota,2012,72.0,299.98,21598.56,0.0
6377,PART6378,suspension,Volkswagen,2006,56.0,357.59,20025.039999999997,
6378,PART6379,tire,Honda,2009,74.0,326.08,24129.92,
6379,PART6380,engine,Honda,2001,80.0,405.03,32402.399999999998,
6380,PART6381,tire,Volkswagen,2020,48.0,348.63,16734.239999999998,0.0
6381,PART6382,engine,Mercedes,2009,61.0,147.2,8979.199999999999,0.0
6382,PART6383,suspension,Mercedes,2005,93.0,268.03,24926.789999999997,0.0
6383,PART6384,suspension,Toyota,2004,79.0,387.67,30625.93,
6384,PART6385,engine,BMW,2009,33.0,147.13,4855.29,
6385,PART6386,brake,Volkswagen,2004,2.0,203.13,406.26,1.0
6386,PART6387,tire,Toyota,2018,39.0,121.08,4722.12,1.0
6387,PART6388,battery,Mercedes,2021,79.0,219.45,17336.55,0.0
6388,PART6389,suspension,Mercedes,2003,14.0,124.09,1737.26,
6389,PART6390,tire,Audi,2001,58.0,278.56,16156.48,0.0
6390,PART6391,brake,BMW,2003,97.0,88.88,8621.359999999999,1.0
6391,PART6392,engine,Ford,2012,8.0,119.46,955.68,0.0
6392,PART6393,engine,BMW,2003,75.0,482.85,36213.75,
6393,PART6394,engine,BMW,2019,53.0,128.6,6815.799999999999,0.0
6394,PART6395,tire,BMW,2010,63.0,463.24,29184.12,0.0
6395,PART6396,battery,Volkswagen,2022,58.0,454.34,26351.719999999998,
6396,PART6397,transmission,Toyota,2013,90.0,189.85,17086.5,
6397,PART6398,transmission,BMW,2002,19.0,332.34,6314.459999999999,1.0
6398,PART6399,brake,Mercedes,2019,86.0,284.96,24506.559999999998,1.0
6399,PART6400,battery,Mercedes,2008,79.0,93.85,7414.15,
6400,PART6401,suspension,Audi,2019,92.0,473.78,43587.759999999995,0.0
6401,PART6402,suspension,Mercedes,2000,54.0,71.55,3863.7,0.0
6402,PART6403,transmission,Mercedes,2006,41.0,151.97,6230.7699999999995,0.0
6403,PART6404,battery,Audi,2015,57.0,74.96,4272.719999999999,1.0
6404,PART6405,transmission,Honda,2019,29.0,316.74,9185.460000000001,1.0
6405,PART6406,transmission,Volkswagen,2015,90.0,291.73,26255.7,1.0
6406,PART6407,engine,BMW,2015,95.0,211.23,20066.85,0.0
6407,PART6408,transmission,Mercedes,2013,70.0,273.05,19113.5,
6408,PART6409,brake,Ford,2019,22.0,375.15,8253.3,1.0
6409,PART6410,battery,Audi,2015,25.0,69.36,1734.0,
6410,PART6411,battery,BMW,2006,31.0,323.32,10022.92,1.0
6411,PART6412,battery,Mercedes,2006,31.0,255.54,7921.74,0.0
6412,PART6413,battery,Ford,2018,45.0,109.79,4940.55,
6413,PART6414,transmission,Volkswagen,2007,51.0,218.24,11130.24,1.0
6414,PART6415,tire,BMW,2022,23.0,137.54,3163.4199999999996,0.0
6415,PART6416,engine,Audi,2010,75.0,431.6,32370.0,1.0
6416,PART6417,transmission,Honda,2002,64.0,128.71,8237.44,
6417,PART6418,engine,Ford,2018,83.0,245.85,20405.55,1.0
6418,PART6419,engine,Audi,2010,54.0,56.06,3027.2400000000002,0.0
6419,PART6420,battery,BMW,2001,70.0,217.64,15234.8,1.0
6420,PART6421,tire,Audi,2008,96.0,234.59,22520.64,
6421,PART6422,transmission,Mercedes,2022,44.0,92.96,4090.24,1.0
6422,PART6423,transmission,BMW,2005,74.0,350.72,25953.280000000002,
6423,PART6424,suspension,Audi,2003,81.0,309.0,25029.0,0.0
6424,PART6425,battery,Volkswagen,2013,72.0,185.39,13348.079999999998,1.0
6425,PART6426,engine,Honda,2019,79.0,134.71,10642.09,
6426,PART6427,battery,Volkswagen,2012,67.0,93.77,6282.59,0.0
6427,PART6428,tire,BMW,2013,40.0,323.08,12923.199999999999,
6428,PART6429,brake,Mercedes,2013,61.0,177.89,10851.289999999999,
6429,PART6430,engine,Ford,2006,17.0,333.37,5667.29,0.0
6430,PART6431,battery,Ford,2019,20.0,160.8,3216.0,0.0
6431,PART6432,brake,Mercedes,2015,6.0,316.76,1900.56,0.0
6432,PART6433,tire,Toyota,2003,46.0,497.84,22900.64,1.0
6433,PART6434,transmission,Audi,2021,42.0,172.99,7265.58,
6434,PART6435,battery,Audi,2018,46.0,325.31,14964.26,0.0
6435,PART6436,tire,BMW,2006,35.0,126.08,4412.8,
6436,PART6437,transmission,Honda,2018,29.0,71.06,2060.7400000000002,0.0
6437,PART6438,tire,Volkswagen,2018,14.0,180.13,2521.8199999999997,1.0
6438,PART6439,tire,Ford,2010,14.0,492.75,6898.5,
6439,PART6440,tire,Toyota,2005,54.0,231.81,12517.74,1.0
6440,PART6441,suspension,Mercedes,2011,81.0,363.81,29468.61,1.0
6441,PART6442,engine,Ford,2005,8.0,130.02,1040.16,1.0
6442,PART6443,battery,Mercedes,2005,70.0,194.08,13585.6,
6443,PART6444,suspension,Volkswagen,2021,80.0,103.79,8303.2,
6444,PART6445,suspension,Mercedes,2011,26.0,89.06,2315.56,0.0
6445,PART6446,tire,Toyota,2001,66.0,493.69,32583.54,0.0
6446,PART6447,transmission,Volkswagen,2010,31.0,262.1,8125.1,
6447,PART6448,battery,Ford,2022,62.0,117.34,7275.08,0.0
6448,PART6449,tire,Audi,2009,57.0,408.36,23276.52,1.0
6449,PART6450,battery,Audi,2017,73.0,364.11,26580.030000000002,
6450,PART6451,suspension,Honda,2002,27.0,84.67,2286.09,1.0
6451,PART6452,tire,Audi,2012,69.0,488.3,33692.700000000004,0.0
6452,PART6453,suspension,BMW,2007,18.0,355.79,6404.22,0.0
6453,PART6454,transmission,Ford,2017,71.0,241.63,17155.73,
6454,PART6455,tire,Honda,2001,4.0,277.08,1108.32,
6455,PART6456,battery,Honda,2018,30.0,85.94,2578.2,0.0
6456,PART6457,suspension,Audi,2020,24.0,201.38,4833.12,
6457,PART6458,suspension,Mercedes,2001,82.0,377.47,30952.54,0.0
6458,PART6459,suspension,Audi,2010,69.0,297.35,20517.15,
6459,PART6460,battery,Audi,2011,96.0,222.73,21382.079999999998,0.0
6460,PART6461,tire,Mercedes,2015,91.0,157.68,14348.880000000001,1.0
6461,PART6462,tire,Mercedes,2022,76.0,499.92,37993.92,0.0
6462,PART6463,brake,Ford,2019,55.0,59.02,3246.1000000000004,1.0
6463,PART6464,engine,Volkswagen,2022,24.0,456.28,10950.72,0.0
6464,PART6465,transmission,Honda,2014,53.0,258.54,13702.62,
6465,PART6466,transmission,Audi,2002,4.0,80.36,321.44,
6466,PART6467,engine,Toyota,2001,15.0,485.1,7276.5,0.0
6467,PART6468,suspension,Volkswagen,2000,99.0,198.12,19613.88,0.0
6468,PART6469,suspension,Audi,2013,94.0,303.93,28569.420000000002,
6469,PART6470,engine,Toyota,2015,21.0,355.5,7465.5,0.0
6470,PART6471,engine,Mercedes,2002,91.0,231.57,21072.87,0.0
6471,PART6472,tire,Audi,2017,15.0,89.07,1336.05,0.0
6472,PART6473,transmission,Ford,2000,94.0,106.64,10024.16,0.0
6473,PART6474,transmission,Audi,2015,93.0,116.21,10807.529999999999,
6474,PART6475,brake,Honda,2019,39.0,77.96,3040.4399999999996,1.0
6475,PART6476,battery,Mercedes,2018,51.0,486.61,24817.11,1.0
6476,PART6477,transmission,Honda,2005,16.0,261.55,4184.8,1.0
6477,PART6478,engine,Toyota,2000,52.0,433.88,22561.76,1.0
6478,PART6479,engine,Ford,2009,1.0,212.36,212.36,1.0
6479,PART6480,brake,BMW,2014,86.0,341.3,29351.8,
6480,PART6481,engine,Toyota,2020,19.0,260.31,4945.89,1.0
6481,PART6482,transmission,BMW,2018,14.0,294.4,4121.599999999999,
6482,PART6483,engine,Ford,2007,5.0,158.82,794.0999999999999,0.0
6483,PART6484,engine,Toyota,2020,28.0,293.69,8223.32,
6484,PART6485,brake,Honda,2020,27.0,431.05,11638.35,0.0
6485,PART6486,suspension,Toyota,2017,64.0,334.91,21434.24,
6486,PART6487,suspension,Toyota,2006,41.0,60.07,2462.87,
6487,PART6488,engine,Honda,2017,45.0,217.42,9783.9,0.0
6488,PART6489,suspension,BMW,2004,90.0,281.05,25294.5,1.0
6489,PART6490,brake,BMW,2016,53.0,444.92,23580.760000000002,
6490,PART6491,suspension,Toyota,2013,26.0,326.98,8501.48,0.0
6491,PART6492,brake,BMW,2009,5.0,401.46,2007.3,
6492,PART6493,brake,Ford,2016,79.0,316.95,25039.05,0.0
6493,PART6494,suspension,BMW,2011,35.0,180.62,6321.7,1.0
6494,PART6495,battery,Ford,2014,66.0,202.41,13359.06,0.0
6495,PART6496,battery,Ford,2001,4.0,50.13,200.52,0.0
6496,PART6497,battery,Volkswagen,2008,57.0,343.73,19592.61,1.0
6497,PART6498,transmission,Audi,2000,13.0,128.63,1672.19,1.0
6498,PART6499,tire,BMW,2016,20.0,134.94,2698.8,
6499,PART6500,transmission,Mercedes,2001,59.0,108.18,6382.620000000001,
6500,PART6501,tire,Toyota,2002,76.0,309.27,23504.519999999997,
6501,PART6502,battery,Audi,2016,64.0,191.03,12225.92,1.0
6502,PART6503,engine,BMW,2015,75.0,488.05,36603.75,0.0
6503,PART6504,brake,Honda,2002,33.0,167.98,5543.339999999999,1.0
6504,PART6505,tire,Honda,2008,40.0,446.97,17878.800000000003,0.0
6505,PART6506,engine,Audi,2004,46.0,377.74,17376.04,0.0
6506,PART6507,battery,Ford,2001,6.0,378.25,2269.5,
6507,PART6508,brake,BMW,2012,61.0,102.12,6229.320000000001,1.0
6508,PART6509,battery,Audi,2005,37.0,266.67,9866.79,
6509,PART6510,battery,BMW,2021,45.0,357.31,16078.95,0.0
6510,PART6511,transmission,Audi,2006,34.0,149.94,5097.96,
6511,PART6512,suspension,Honda,2001,47.0,72.31,3398.57,1.0
6512,PART6513,brake,BMW,2017,88.0,495.91,43640.08,0.0
6513,PART6514,engine,BMW,2010,4.0,354.23,1416.92,
6514,PART6515,transmission,Toyota,2005,42.0,230.82,9694.44,0.0
6515,PART6516,suspension,Toyota,2019,52.0,141.34,7349.68,
6516,PART6517,brake,Audi,2006,68.0,150.89,10260.519999999999,
6517,PART6518,engine,Mercedes,2008,85.0,210.98,17933.3,1.0
6518,PART6519,transmission,Honda,2006,66.0,308.4,20354.399999999998,0.0
6519,PART6520,engine,Honda,2008,81.0,177.3,14361.300000000001,
6520,PART6521,transmission,Volkswagen,2017,83.0,466.27,38700.409999999996,1.0
6521,PART6522,engine,BMW,2021,2.0,467.38,934.76,
6522,PART6523,brake,Audi,2003,80.0,314.14,25131.199999999997,0.0
6523,PART6524,transmission,Mercedes,2010,81.0,211.2,17107.2,1.0
6524,PART6525,brake,Mercedes,2016,39.0,356.72,13912.080000000002,
6525,PART6526,transmission,Toyota,2000,4.0,342.77,1371.08,0.0
6526,PART6527,engine,Volkswagen,2009,81.0,344.86,27933.66,0.0
6527,PART6528,suspension,Volkswagen,2000,30.0,345.21,10356.3,1.0
6528,PART6529,battery,Volkswagen,2013,29.0,476.38,13815.02,
6529,PART6530,battery,Audi,2007,21.0,462.49,9712.29,
6530,PART6531,tire,Honda,2003,17.0,71.22,1210.74,1.0
6531,PART6532,engine,Volkswagen,2014,57.0,129.94,7406.58,
6532,PART6533,transmission,Honda,2008,32.0,383.96,12286.72,
6533,PART6534,transmission,Mercedes,2002,18.0,77.24,1390.32,0.0
6534,PART6535,brake,BMW,2017,26.0,214.97,5589.22,0.0
6535,PART6536,transmission,Honda,2015,14.0,185.03,2590.42,
6536,PART6537,engine,Audi,2019,87.0,275.26,23947.62,
6537,PART6538,tire,Volkswagen,2006,42.0,193.04,8107.679999999999,
6538,PART6539,engine,Volkswagen,2012,56.0,157.49,8819.44,1.0
6539,PART6540,tire,Mercedes,2010,72.0,456.61,32875.92,1.0
6540,PART6541,tire,Audi,2005,19.0,346.66,6586.540000000001,1.0
6541,PART6542,brake,Volkswagen,2011,89.0,398.06,35427.340000000004,1.0
6542,PART6543,transmission,Volkswagen,2012,90.0,409.57,36861.3,0.0
6543,PART6544,engine,Audi,2002,44.0,178.92,7872.48,0.0
6544,PART6545,suspension,Ford,2015,60.0,152.32,9139.199999999999,1.0
6545,PART6546,tire,Honda,2022,82.0,251.74,20642.68,
6546,PART6547,brake,Volkswagen,2010,34.0,224.8,7643.200000000001,1.0
6547,PART6548,transmission,BMW,2014,89.0,439.01,39071.89,1.0
6548,PART6549,battery,Ford,2012,2.0,244.88,489.76,
6549,PART6550,battery,Audi,2002,7.0,482.15,3375.0499999999997,1.0
6550,PART6551,suspension,Ford,2011,95.0,227.32,21595.399999999998,
6551,PART6552,battery,Mercedes,2005,9.0,190.22,1711.98,0.0
6552,PART6553,transmission,Audi,2012,71.0,88.18,6260.780000000001,1.0
6553,PART6554,battery,Audi,2000,49.0,270.95,13276.55,1.0
6554,PART6555,brake,Ford,2006,8.0,469.11,3752.88,
6555,PART6556,engine,BMW,2002,70.0,124.21,8694.699999999999,1.0
6556,PART6557,transmission,Mercedes,2012,69.0,162.04,11180.76,
6557,PART6558,tire,Ford,2013,87.0,237.12,20629.44,1.0
6558,PART6559,transmission,BMW,2007,85.0,379.6,32266.000000000004,1.0
6559,PART6560,engine,Toyota,2006,36.0,152.69,5496.84,
6560,PART6561,brake,Mercedes,2016,55.0,373.88,20563.4,
6561,PART6562,battery,Audi,2018,92.0,284.94,26214.48,0.0
6562,PART6563,suspension,Toyota,2016,94.0,363.31,34151.14,
6563,PART6564,transmission,Mercedes,2016,71.0,487.36,34602.56,0.0
6564,PART6565,suspension,Honda,2004,98.0,319.75,31335.5,
6565,PART6566,engine,Ford,2012,24.0,98.35,2360.3999999999996,1.0
6566,PART6567,transmission,Mercedes,2002,76.0,333.81,25369.56,
6567,PART6568,transmission,Ford,2013,69.0,489.48,33774.12,0.0
6568,PART6569,transmission,BMW,2015,4.0,321.66,1286.64,1.0
6569,PART6570,suspension,BMW,2010,64.0,92.64,5928.96,
6570,PART6571,transmission,BMW,2006,91.0,90.01,8190.910000000001,
6571,PART6572,brake,Honda,2002,20.0,481.51,9630.2,0.0
6572,PART6573,brake,Honda,2004,54.0,157.74,8517.960000000001,
6573,PART6574,brake,Toyota,2002,85.0,238.88,20304.8,0.0
6574,PART6575,suspension,Mercedes,2013,88.0,380.18,33455.840000000004,0.0
6575,PART6576,engine,Mercedes,2003,23.0,259.08,5958.839999999999,1.0
6576,PART6577,battery,BMW,2001,36.0,303.88,10939.68,0.0
6577,PART6578,engine,Volkswagen,2005,82.0,352.18,28878.760000000002,
6578,PART6579,suspension,Honda,2008,82.0,172.6,14153.199999999999,1.0
6579,PART6580,battery,Audi,2016,6.0,197.06,1182.3600000000001,1.0
6580,PART6581,suspension,Toyota,2011,32.0,310.42,9933.44,0.0
6581,PART6582,transmission,Audi,2002,32.0,240.88,7708.16,
6582,PART6583,tire,Mercedes,2009,40.0,94.75,3790.0,0.0
6583,PART6584,engine,Audi,2019,80.0,481.2,38496.0,0.0
6584,PART6585,suspension,BMW,2020,79.0,290.25,22929.75,0.0
6585,PART6586,engine,Toyota,2000,43.0,422.25,18156.75,
6586,PART6587,brake,BMW,2005,72.0,156.7,11282.4,
6587,PART6588,transmission,Volkswagen,2005,80.0,79.83,6386.4,
6588,PART6589,engine,Volkswagen,2013,13.0,277.42,3606.46,
6589,PART6590,brake,Volkswagen,2001,64.0,326.97,20926.08,1.0
6590,PART6591,brake,Ford,2000,29.0,352.8,10231.2,0.0
6591,PART6592,battery,Mercedes,2015,54.0,274.61,14828.94,
6592,PART6593,battery,Audi,2008,93.0,284.21,26431.53,1.0
6593,PART6594,brake,Ford,2000,91.0,485.71,44199.61,1.0
6594,PART6595,engine,Toyota,2011,28.0,102.63,2873.64,
6595,PART6596,suspension,Audi,2011,47.0,351.53,16521.91,0.0
6596,PART6597,engine,Toyota,2001,74.0,263.41,19492.34,0.0
6597,PART6598,brake,Audi,2000,72.0,347.53,25022.159999999996,0.0
6598,PART6599,suspension,Mercedes,2011,25.0,291.13,7278.25,1.0
6599,PART6600,suspension,BMW,2007,98.0,326.74,32020.52,1.0
6600,PART6601,tire,Ford,2007,51.0,78.51,4004.01,0.0
6601,PART6602,engine,BMW,2015,13.0,309.36,4021.6800000000003,1.0
6602,PART6603,suspension,Toyota,2009,50.0,240.8,12040.0,
6603,PART6604,engine,Mercedes,2010,99.0,211.21,20909.79,
6604,PART6605,brake,Ford,2015,92.0,94.72,8714.24,1.0
6605,PART6606,brake,Ford,2017,7.0,290.36,2032.52,1.0
6606,PART6607,engine,Toyota,2021,66.0,84.24,5559.839999999999,0.0
6607,PART6608,tire,BMW,2009,18.0,52.44,943.92,0.0
6608,PART6609,brake,Audi,2018,11.0,252.0,2772.0,1.0
6609,PART6610,transmission,Mercedes,2009,3.0,369.09,1107.27,1.0
6610,PART6611,engine,Volkswagen,2016,78.0,57.58,4491.24,0.0
6611,PART6612,battery,Toyota,2020,81.0,69.25,5609.25,0.0
6612,PART6613,transmission,Toyota,2016,65.0,449.67,29228.55,0.0
6613,PART6614,engine,Mercedes,2002,33.0,478.39,15786.869999999999,0.0
6614,PART6615,battery,Audi,2011,79.0,90.94,7184.26,
6615,PART6616,brake,Volkswagen,2015,88.0,320.78,28228.64,0.0
6616,PART6617,transmission,Ford,2014,53.0,107.38,5691.139999999999,0.0
6617,PART6618,engine,BMW,2015,53.0,54.16,2870.48,0.0
6618,PART6619,engine,Mercedes,2001,46.0,53.23,2448.58,0.0
6619,PART6620,suspension,Volkswagen,2004,62.0,345.08,21394.96,1.0
6620,PART6621,engine,Volkswagen,2010,97.0,281.87,27341.39,1.0
6621,PART6622,battery,Ford,2020,34.0,302.4,10281.599999999999,
6622,PART6623,brake,Audi,2018,39.0,64.34,2509.26,0.0
6623,PART6624,transmission,Audi,2006,40.0,162.77,6510.8,1.0
6624,PART6625,transmission,Audi,2001,38.0,146.64,5572.32,
6625,PART6626,tire,Honda,2021,41.0,223.02,9143.82,1.0
6626,PART6627,tire,Mercedes,2013,44.0,245.31,10793.64,
6627,PART6628,suspension,Mercedes,2001,58.0,391.19,22689.02,0.0
6628,PART6629,engine,Honda,2018,6.0,434.86,2609.16,
6629,PART6630,battery,Toyota,2010,2.0,449.24,898.48,1.0
6630,PART6631,battery,Honda,2022,51.0,251.93,12848.43,
6631,PART6632,engine,Toyota,2003,21.0,482.48,10132.08,1.0
6632,PART6633,brake,Volkswagen,2006,30.0,248.48,7454.4,1.0
6633,PART6634,engine,Audi,2000,94.0,411.25,38657.5,1.0
6634,PART6635,transmission,Ford,2022,84.0,101.31,8510.04,0.0
6635,PART6636,brake,Ford,2018,96.0,250.41,24039.36,
6636,PART6637,brake,Ford,2004,95.0,78.25,7433.75,
6637,PART6638,brake,BMW,2021,52.0,85.07,4423.639999999999,1.0
6638,PART6639,brake,BMW,2019,32.0,352.76,11288.32,0.0
6639,PART6640,tire,Honda,2007,27.0,125.84,3397.6800000000003,0.0
6640,PART6641,battery,Honda,2006,52.0,283.08,14720.16,
6641,PART6642,tire,Ford,2012,94.0,475.51,44697.94,0.0
6642,PART6643,battery,Audi,2017,13.0,384.33,4996.29,
6643,PART6644,engine,Toyota,2011,71.0,139.73,9920.83,
6644,PART6645,brake,Volkswagen,2001,63.0,272.32,17156.16,1.0
6645,PART6646,suspension,Toyota,2009,61.0,473.42,28878.620000000003,1.0
6646,PART6647,suspension,Toyota,2016,36.0,108.65,3911.4,0.0
6647,PART6648,transmission,Audi,2010,5.0,246.14,1230.6999999999998,1.0
6648,PART6649,tire,Audi,2004,63.0,377.14,23759.82,0.0
6649,PART6650,tire,Mercedes,2010,87.0,236.11,20541.57,0.0
6650,PART6651,battery,BMW,2010,34.0,330.53,11238.019999999999,
6651,PART6652,suspension,Audi,2004,77.0,339.5,26141.5,1.0
6652,PART6653,brake,BMW,2021,55.0,219.88,12093.4,0.0
6653,PART6654,engine,Honda,2000,39.0,79.6,3104.3999999999996,
6654,PART6655,brake,Mercedes,2002,52.0,269.06,13991.12,0.0
6655,PART6656,suspension,Mercedes,2017,13.0,224.76,2921.88,
6656,PART6657,brake,Audi,2001,20.0,66.36,1327.2,0.0
6657,PART6658,transmission,Toyota,2008,24.0,59.75,1434.0,0.0
6658,PART6659,transmission,Mercedes,2018,59.0,77.91,4596.69,
6659,PART6660,suspension,BMW,2011,55.0,396.13,21787.15,1.0
6660,PART6661,brake,Ford,2010,28.0,389.86,10916.08,
6661,PART6662,engine,Audi,2008,80.0,362.98,29038.4,1.0
6662,PART6663,battery,Mercedes,2018,1.0,398.81,398.81,1.0
6663,PART6664,brake,BMW,2000,84.0,274.98,23098.32,
6664,PART6665,brake,Honda,2005,77.0,297.15,22880.55,0.0
6665,PART6666,engine,Toyota,2017,70.0,133.29,9330.3,0.0
6666,PART6667,brake,Honda,2010,4.0,401.53,1606.12,0.0
6667,PART6668,brake,Toyota,2010,51.0,182.35,9299.85,0.0
6668,PART6669,suspension,Audi,2006,12.0,146.17,1754.04,
6669,PART6670,engine,Ford,2015,57.0,324.05,18470.850000000002,
6670,PART6671,transmission,BMW,2013,45.0,382.11,17194.95,0.0
6671,PART6672,brake,Ford,2001,52.0,149.1,7753.2,
6672,PART6673,suspension,Toyota,2013,97.0,108.57,10531.289999999999,0.0
6673,PART6674,suspension,Honda,2010,31.0,50.0,1550.0,0.0
6674,PART6675,battery,Ford,2009,22.0,240.21,5284.62,
6675,PART6676,engine,Volkswagen,2018,51.0,212.53,10839.03,
6676,PART6677,tire,Mercedes,2006,5.0,355.71,1778.55,
6677,PART6678,transmission,Ford,2022,92.0,213.68,19658.56,1.0
6678,PART6679,engine,Mercedes,2016,32.0,176.63,5652.16,1.0
6679,PART6680,tire,Ford,2011,82.0,350.53,28743.46,
6680,PART6681,suspension,Mercedes,2021,82.0,140.19,11495.58,1.0
6681,PART6682,engine,Ford,2013,6.0,460.56,2763.36,
6682,PART6683,battery,Ford,2000,69.0,216.99,14972.310000000001,1.0
6683,PART6684,tire,Toyota,2010,26.0,215.02,5590.52,
6684,PART6685,tire,Ford,2010,97.0,145.94,14156.18,1.0
6685,PART6686,tire,Honda,2002,71.0,260.23,18476.33,0.0
6686,PART6687,tire,Ford,2014,13.0,92.8,1206.3999999999999,
6687,PART6688,suspension,Ford,2000,59.0,160.84,9489.56,1.0
6688,PART6689,suspension,Toyota,2015,27.0,404.57,10923.39,1.0
6689,PART6690,engine,Audi,2019,30.0,119.04,3571.2000000000003,
6690,PART6691,battery,Ford,2014,31.0,361.31,11200.61,0.0
6691,PART6692,battery,Ford,2017,57.0,324.09,18473.129999999997,
6692,PART6693,brake,Honda,2020,90.0,483.11,43479.9,1.0
6693,PART6694,engine,Volkswagen,2002,41.0,76.31,3128.71,
6694,PART6695,transmission,Ford,2018,22.0,124.14,2731.08,0.0
6695,PART6696,tire,BMW,2004,63.0,68.86,4338.18,1.0
6696,PART6697,suspension,Mercedes,2003,93.0,251.07,23349.51,1.0
6697,PART6698,suspension,BMW,2022,11.0,362.56,3988.16,
6698,PART6699,engine,Ford,2015,22.0,392.85,8642.7,1.0
6699,PART6700,suspension,Toyota,2006,82.0,236.5,19393.0,
6700,PART6701,transmission,Ford,2022,81.0,195.07,15800.67,1.0
6701,PART6702,suspension,Volkswagen,2020,53.0,72.88,3862.64,0.0
6702,PART6703,brake,Mercedes,2013,66.0,167.47,11053.02,0.0
6703,PART6704,battery,Toyota,2021,66.0,179.41,11841.06,0.0
6704,PART6705,suspension,Mercedes,2012,25.0,82.79,2069.75,0.0
6705,PART6706,suspension,Toyota,2006,10.0,478.93,4789.3,0.0
6706,PART6707,tire,BMW,2022,72.0,395.84,28500.48,
6707,PART6708,engine,Volkswagen,2004,70.0,302.69,21188.3,1.0
6708,PART6709,tire,Volkswagen,2010,16.0,121.73,1947.68,1.0
6709,PART6710,brake,BMW,2020,9.0,64.42,579.78,0.0
6710,PART6711,suspension,Audi,2018,69.0,346.65,23918.85,
6711,PART6712,tire,Volkswagen,2003,13.0,131.41,1708.33,0.0
6712,PART6713,tire,Audi,2015,7.0,372.69,2608.83,
6713,PART6714,brake,Honda,2005,62.0,292.3,18122.600000000002,
6714,PART6715,brake,Mercedes,2003,66.0,335.6,22149.600000000002,0.0
6715,PART6716,engine,Toyota,2017,98.0,202.51,19845.98,
6716,PART6717,battery,Mercedes,2011,19.0,357.81,6798.39,
6717,PART6718,suspension,Mercedes,2004,79.0,197.27,15584.33,1.0
6718,PART6719,suspension,Volkswagen,2010,71.0,376.81,26753.51,
6719,PART6720,battery,Toyota,2010,61.0,494.92,30190.120000000003,1.0
6720,PART6721,engine,Audi,2020,20.0,177.08,3541.6000000000004,0.0
6721,PART6722,suspension,BMW,2018,78.0,64.57,5036.459999999999,1.0
6722,PART6723,brake,Toyota,2010,55.0,212.48,11686.4,1.0
6723,PART6724,brake,Ford,2012,93.0,138.58,12887.94,0.0
6724,PART6725,transmission,Volkswagen,2013,58.0,121.72,7059.76,
6725,PART6726,transmission,Mercedes,2011,21.0,231.22,4855.62,0.0
6726,PART6727,battery,Toyota,2018,85.0,267.69,22753.65,1.0
6727,PART6728,transmission,Toyota,2009,76.0,233.84,17771.84,0.0
6728,PART6729,brake,Toyota,2021,4.0,386.05,1544.2,
6729,PART6730,transmission,Audi,2010,16.0,344.71,5515.36,0.0
6730,PART6731,tire,Toyota,2008,75.0,122.25,9168.75,1.0
6731,PART6732,suspension,Audi,2021,76.0,96.23,7313.4800000000005,1.0
6732,PART6733,tire,Honda,2021,7.0,248.97,1742.79,
6733,PART6734,tire,Volkswagen,2007,87.0,69.55,6050.849999999999,1.0
6734,PART6735,battery,Ford,2011,64.0,100.06,6403.84,0.0
6735,PART6736,brake,BMW,2018,2.0,225.45,450.9,0.0
6736,PART6737,brake,Mercedes,2016,5.0,187.93,939.6500000000001,0.0
6737,PART6738,battery,Mercedes,2000,11.0,405.77,4463.469999999999,0.0
6738,PART6739,suspension,Ford,2016,43.0,388.61,16710.23,1.0
6739,PART6740,engine,Volkswagen,2007,22.0,459.26,10103.72,
6740,PART6741,brake,Toyota,2004,11.0,356.49,3921.3900000000003,1.0
6741,PART6742,transmission,Ford,2007,64.0,475.16,30410.24,
6742,PART6743,suspension,Mercedes,2022,29.0,425.6,12342.400000000001,0.0
6743,PART6744,battery,Mercedes,2022,66.0,256.74,16944.84,1.0
6744,PART6745,brake,Ford,2016,47.0,350.91,16492.77,0.0
6745,PART6746,tire,Audi,2019,43.0,55.0,2365.0,0.0
6746,PART6747,suspension,Volkswagen,2009,51.0,436.7,22271.7,1.0
6747,PART6748,brake,Mercedes,2002,5.0,317.62,1588.1,
6748,PART6749,transmission,BMW,2004,38.0,433.5,16473.0,
6749,PART6750,suspension,Volkswagen,2002,53.0,481.26,25506.78,1.0
6750,PART6751,suspension,Mercedes,2003,99.0,169.66,16796.34,
6751,PART6752,battery,BMW,2000,14.0,368.08,5153.12,0.0
6752,PART6753,transmission,BMW,2014,65.0,359.71,23381.149999999998,1.0
6753,PART6754,transmission,Mercedes,2014,75.0,65.45,4908.75,0.0
6754,PART6755,tire,Volkswagen,2021,30.0,342.99,10289.7,0.0
6755,PART6756,transmission,Honda,2001,77.0,226.85,17467.45,0.0
6756,PART6757,tire,Toyota,2022,20.0,112.8,2256.0,0.0
6757,PART6758,brake,Ford,2017,48.0,372.81,17894.88,0.0
6758,PART6759,brake,Volkswagen,2006,72.0,161.21,11607.12,1.0
6759,PART6760,transmission,Audi,2006,52.0,339.42,17649.84,
6760,PART6761,suspension,Mercedes,2000,40.0,96.34,3853.6000000000004,
6761,PART6762,transmission,Ford,2021,89.0,300.51,26745.39,0.0
6762,PART6763,battery,Mercedes,2006,54.0,75.48,4075.92,0.0
6763,PART6764,transmission,Ford,2012,46.0,381.63,17554.98,0.0
6764,PART6765,transmission,Volkswagen,2011,27.0,155.63,4202.01,
6765,PART6766,tire,Ford,2008,73.0,387.25,28269.25,1.0
6766,PART6767,battery,Toyota,2014,44.0,414.93,18256.920000000002,
6767,PART6768,transmission,BMW,2008,72.0,61.03,4394.16,
6768,PART6769,battery,Toyota,2020,28.0,409.45,11464.6,1.0
6769,PART6770,engine,Toyota,2021,25.0,194.0,4850.0,1.0
6770,PART6771,transmission,BMW,2016,16.0,50.71,811.36,1.0
6771,PART6772,suspension,Ford,2004,45.0,207.52,9338.4,
6772,PART6773,transmission,Ford,2022,76.0,352.62,26799.12,0.0
6773,PART6774,tire,Honda,2011,53.0,403.62,21391.86,
6774,PART6775,suspension,BMW,2005,22.0,480.79,10577.380000000001,0.0
6775,PART6776,brake,Honda,2000,86.0,489.65,42109.9,
6776,PART6777,brake,Toyota,2017,8.0,485.83,3886.64,1.0
6777,PART6778,tire,Ford,2016,9.0,376.65,3389.85,1.0
6778,PART6779,transmission,Mercedes,2000,36.0,285.9,10292.4,
6779,PART6780,brake,Mercedes,2010,50.0,159.46,7973.0,0.0
6780,PART6781,engine,Audi,2006,10.0,417.71,4177.099999999999,1.0
6781,PART6782,battery,Volkswagen,2002,78.0,312.24,24354.72,1.0
6782,PART6783,battery,Toyota,2021,66.0,142.74,9420.84,0.0
6783,PART6784,battery,Audi,2013,61.0,354.13,21601.93,0.0
6784,PART6785,transmission,Mercedes,2001,99.0,190.01,18810.989999999998,0.0
6785,PART6786,brake,Volkswagen,2001,12.0,268.31,3219.7200000000003,0.0
6786,PART6787,transmission,Ford,2010,22.0,158.9,3495.8,1.0
6787,PART6788,suspension,Ford,2008,46.0,499.19,22962.74,
6788,PART6789,engine,Ford,2019,5.0,343.94,1719.7,1.0
6789,PART6790,engine,Audi,2005,10.0,135.79,1357.8999999999999,0.0
6790,PART6791,tire,BMW,2019,65.0,363.99,23659.350000000002,1.0
6791,PART6792,suspension,Volkswagen,2014,26.0,380.05,9881.300000000001,
6792,PART6793,transmission,Toyota,2022,96.0,345.76,33192.96,
6793,PART6794,suspension,Volkswagen,2011,37.0,117.86,4360.82,1.0
6794,PART6795,tire,Volkswagen,2011,75.0,498.9,37417.5,
6795,PART6796,brake,Toyota,2021,71.0,474.55,33693.05,1.0
6796,PART6797,brake,Audi,2008,83.0,374.23,31061.09,0.0
6797,PART6798,engine,BMW,2007,68.0,454.43,30901.24,1.0
6798,PART6799,brake,Ford,2019,51.0,404.27,20617.77,
6799,PART6800,tire,BMW,2017,55.0,318.11,17496.05,
6800,PART6801,transmission,Ford,2002,69.0,243.47,16799.43,0.0
6801,PART6802,tire,Audi,2018,88.0,51.36,4519.68,
6802,PART6803,battery,Ford,2011,73.0,418.74,30568.02,
6803,PART6804,brake,Mercedes,2000,52.0,243.98,12686.96,0.0
6804,PART6805,tire,Honda,2013,14.0,162.52,2275.28,
6805,PART6806,engine,Ford,2015,41.0,316.04,12957.640000000001,0.0
6806,PART6807,engine,Honda,2007,12.0,219.83,2637.96,0.0
6807,PART6808,transmission,Ford,2014,50.0,457.36,22868.0,
6808,PART6809,transmission,Audi,2018,11.0,283.29,3116.19,0.0
6809,PART6810,engine,BMW,2009,73.0,145.63,10630.99,0.0
6810,PART6811,brake,Audi,2010,65.0,95.7,6220.5,1.0
6811,PART6812,suspension,Ford,2018,33.0,99.81,3293.73,0.0
6812,PART6813,transmission,BMW,2015,41.0,465.29,19076.89,0.0
6813,PART6814,suspension,BMW,2019,83.0,294.13,24412.79,0.0
6814,PART6815,transmission,Ford,2014,97.0,384.12,37259.64,0.0
6815,PART6816,battery,BMW,2001,31.0,433.28,13431.679999999998,1.0
6816,PART6817,tire,Ford,2006,20.0,130.02,2600.4,0.0
6817,PART6818,tire,Audi,2007,83.0,194.83,16170.890000000001,1.0
6818,PART6819,brake,Honda,2021,24.0,385.38,9249.119999999999,0.0
6819,PART6820,transmission,Ford,2000,51.0,194.03,9895.53,0.0
6820,PART6821,brake,Audi,2004,45.0,235.44,10594.8,
6821,PART6822,battery,Volkswagen,2007,12.0,353.77,4245.24,1.0
6822,PART6823,tire,Volkswagen,2016,56.0,205.54,11510.24,1.0
6823,PART6824,engine,Volkswagen,2020,67.0,498.19,33378.73,0.0
6824,PART6825,brake,Audi,2017,79.0,397.83,31428.57,0.0
6825,PART6826,engine,BMW,2014,33.0,50.79,1676.07,
6826,PART6827,suspension,Toyota,2020,23.0,174.79,4020.1699999999996,
6827,PART6828,tire,Toyota,2012,58.0,481.57,27931.06,1.0
6828,PART6829,transmission,Mercedes,2012,28.0,190.45,5332.599999999999,
6829,PART6830,brake,BMW,2014,98.0,136.48,13375.039999999999,
6830,PART6831,battery,Volkswagen,2005,75.0,167.3,12547.5,0.0
6831,PART6832,transmission,Audi,2014,72.0,184.96,13317.12,1.0
6832,PART6833,battery,BMW,2006,21.0,443.03,9303.63,1.0
6833,PART6834,tire,Ford,2004,63.0,206.12,12985.56,0.0
6834,PART6835,engine,Volkswagen,2021,82.0,265.78,21793.96,
6835,PART6836,tire,Toyota,2001,89.0,385.61,34319.29,
6836,PART6837,brake,Honda,2011,46.0,212.89,9792.939999999999,0.0
6837,PART6838,engine,Ford,2010,41.0,119.92,4916.72,1.0
6838,PART6839,battery,Mercedes,2005,99.0,235.26,23290.739999999998,1.0
6839,PART6840,suspension,BMW,2020,26.0,94.77,2464.02,0.0
6840,PART6841,tire,Honda,2017,92.0,215.28,19805.76,0.0
6841,PART6842,tire,Toyota,2001,26.0,323.88,8420.88,0.0
6842,PART6843,suspension,Mercedes,2013,61.0,57.39,3500.79,1.0
6843,PART6844,brake,BMW,2007,6.0,446.03,2676.18,0.0
6844,PART6845,suspension,Mercedes,2010,47.0,165.78,7791.66,0.0
6845,PART6846,battery,Volkswagen,2020,81.0,68.6,5556.599999999999,0.0
6846,PART6847,tire,Mercedes,2005,76.0,151.31,11499.56,0.0
6847,PART6848,battery,Mercedes,2003,4.0,127.66,510.64,0.0
6848,PART6849,tire,Audi,2012,34.0,258.3,8782.2,
6849,PART6850,transmission,BMW,2015,57.0,344.5,19636.5,0.0
6850,PART6851,brake,Mercedes,2008,55.0,101.19,5565.45,
6851,PART6852,suspension,Honda,2017,4.0,201.15,804.6,1.0
6852,PART6853,transmission,Ford,2020,13.0,140.67,1828.7099999999998,1.0
6853,PART6854,battery,BMW,2014,28.0,464.94,13018.32,0.0
6854,PART6855,battery,Ford,2018,70.0,271.69,19018.3,
6855,PART6856,tire,Audi,2009,34.0,459.55,15624.7,1.0
6856,PART6857,transmission,Ford,2020,3.0,144.77,434.31000000000006,
6857,PART6858,tire,Toyota,2003,43.0,347.36,14936.480000000001,1.0
6858,PART6859,tire,Toyota,2019,9.0,355.22,3196.9800000000005,0.0
6859,PART6860,tire,Volkswagen,2000,3.0,315.09,945.27,1.0
6860,PART6861,transmission,Honda,2015,31.0,128.14,3972.3399999999997,1.0
6861,PART6862,battery,Volkswagen,2016,87.0,97.54,8485.980000000001,1.0
6862,PART6863,engine,Audi,2020,17.0,472.78,8037.259999999999,1.0
6863,PART6864,suspension,Volkswagen,2011,52.0,63.64,3309.28,1.0
6864,PART6865,engine,Honda,2007,68.0,278.58,18943.44,
6865,PART6866,brake,Ford,2020,9.0,421.7,3795.2999999999997,
6866,PART6867,engine,Mercedes,2014,98.0,269.11,26372.780000000002,1.0
6867,PART6868,tire,Audi,2022,86.0,219.33,18862.38,
6868,PART6869,suspension,Ford,2002,65.0,328.65,21362.25,1.0
6869,PART6870,tire,Honda,2020,22.0,115.11,2532.42,1.0
6870,PART6871,battery,Honda,2016,47.0,290.86,13670.42,1.0
6871,PART6872,battery,Toyota,2003,13.0,396.2,5150.599999999999,0.0
6872,PART6873,tire,Toyota,2002,25.0,348.57,8714.25,
6873,PART6874,brake,Mercedes,2001,30.0,244.01,7320.299999999999,
6874,PART6875,tire,Audi,2010,48.0,374.92,17996.16,1.0
6875,PART6876,transmission,Ford,2004,90.0,83.4,7506.000000000001,1.0
6876,PART6877,transmission,Toyota,2022,46.0,50.61,2328.06,
6877,PART6878,brake,Volkswagen,2021,74.0,434.27,32135.98,1.0
6878,PART6879,battery,Mercedes,2003,39.0,452.57,17650.23,
6879,PART6880,engine,Toyota,2015,36.0,359.19,12930.84,1.0
6880,PART6881,battery,Volkswagen,2005,22.0,190.28,4186.16,1.0
6881,PART6882,battery,Audi,2008,87.0,310.73,27033.510000000002,
6882,PART6883,battery,Mercedes,2020,80.0,292.64,23411.199999999997,1.0
6883,PART6884,engine,Ford,2018,53.0,156.53,8296.09,
6884,PART6885,engine,Honda,2009,6.0,427.06,2562.36,0.0
6885,PART6886,battery,Mercedes,2020,42.0,147.06,6176.52,
6886,PART6887,engine,Audi,2002,33.0,308.35,10175.550000000001,1.0
6887,PART6888,brake,Honda,2006,83.0,163.82,13597.06,1.0
6888,PART6889,brake,Ford,2021,84.0,90.63,7612.92,0.0
6889,PART6890,suspension,Honda,2001,8.0,449.1,3592.8,
6890,PART6891,battery,Volkswagen,2009,62.0,402.34,24945.079999999998,
6891,PART6892,suspension,BMW,2012,69.0,157.2,10846.8,
6892,PART6893,engine,Toyota,2003,90.0,276.45,24880.5,1.0
6893,PART6894,brake,Audi,2013,85.0,59.68,5072.8,0.0
6894,PART6895,suspension,BMW,2003,97.0,224.69,21794.93,
6895,PART6896,suspension,Audi,2020,43.0,374.27,16093.609999999999,
6896,PART6897,brake,Ford,2004,97.0,459.87,44607.39,1.0
6897,PART6898,tire,Audi,2010,25.0,441.21,11030.25,
6898,PART6899,engine,Toyota,2011,96.0,215.64,20701.44,
6899,PART6900,battery,Volkswagen,2001,30.0,114.07,3422.1,
6900,PART6901,engine,Honda,2009,39.0,247.3,9644.7,0.0
6901,PART6902,tire,Ford,2003,32.0,83.34,2666.88,
6902,PART6903,brake,Volkswagen,2015,92.0,63.95,5883.400000000001,0.0
6903,PART6904,transmission,Audi,2012,86.0,369.03,31736.579999999998,1.0
6904,PART6905,transmission,Audi,2009,98.0,377.12,36957.76,0.0
6905,PART6906,transmission,Ford,2017,75.0,134.74,10105.5,1.0
6906,PART6907,battery,Toyota,2001,8.0,458.15,3665.2,
6907,PART6908,transmission,Audi,2017,35.0,92.4,3234.0,1.0
6908,PART6909,battery,Toyota,2012,49.0,153.82,7537.179999999999,
6909,PART6910,transmission,Honda,2018,37.0,239.88,8875.56,1.0
6910,PART6911,brake,Mercedes,2003,73.0,144.85,10574.05,0.0
6911,PART6912,tire,BMW,2018,10.0,323.33,3233.2999999999997,
6912,PART6913,transmission,Toyota,2018,10.0,449.03,4490.299999999999,0.0
6913,PART6914,brake,Toyota,2011,89.0,103.72,9231.08,0.0
6914,PART6915,engine,BMW,2022,72.0,486.83,35051.76,
6915,PART6916,brake,BMW,2002,19.0,473.86,9003.34,
6916,PART6917,brake,Mercedes,2022,75.0,321.98,24148.5,
6917,PART6918,suspension,Volkswagen,2002,81.0,272.46,22069.26,
6918,PART6919,tire,BMW,2011,15.0,268.76,4031.3999999999996,
6919,PART6920,engine,Toyota,2014,55.0,336.33,18498.149999999998,0.0
6920,PART6921,tire,BMW,2008,72.0,83.78,6032.16,
6921,PART6922,battery,Toyota,2017,98.0,343.81,33693.38,0.0
6922,PART6923,transmission,BMW,2021,4.0,99.78,399.12,1.0
6923,PART6924,brake,Mercedes,2016,34.0,245.58,8349.720000000001,
6924,PART6925,battery,Ford,2017,49.0,314.3,15400.7,
6925,PART6926,transmission,Audi,2022,83.0,237.51,19713.329999999998,
6926,PART6927,brake,Honda,2007,50.0,499.02,24951.0,
6927,PART6928,battery,Toyota,2018,85.0,55.68,4732.8,0.0
6928,PART6929,transmission,Mercedes,2006,55.0,104.64,5755.2,0.0
6929,PART6930,suspension,Ford,2011,95.0,326.81,31046.95,0.0
6930,PART6931,transmission,BMW,2021,94.0,63.26,5946.44,
6931,PART6932,transmission,Mercedes,2010,60.0,365.52,21931.199999999997,0.0
6932,PART6933,tire,Toyota,2019,18.0,163.53,2943.54,1.0
6933,PART6934,engine,BMW,2010,88.0,450.76,39666.88,0.0
6934,PART6935,engine,BMW,2018,55.0,415.24,22838.2,
6935,PART6936,brake,Honda,2018,62.0,205.15,12719.300000000001,0.0
6936,PART6937,suspension,Toyota,2017,45.0,287.82,12951.9,1.0
6937,PART6938,suspension,Honda,2003,49.0,425.62,20855.38,1.0
6938,PART6939,engine,Volkswagen,2012,53.0,295.48,15660.44,0.0
6939,PART6940,brake,Audi,2017,53.0,435.45,23078.85,
6940,PART6941,battery,BMW,2015,8.0,336.24,2689.92,0.0
6941,PART6942,tire,Volkswagen,2005,68.0,242.24,16472.32,1.0
6942,PART6943,brake,Volkswagen,2000,62.0,69.94,4336.28,1.0
6943,PART6944,engine,Toyota,2011,57.0,257.86,14698.02,0.0
6944,PART6945,transmission,Mercedes,2018,18.0,278.38,5010.84,
6945,PART6946,tire,Honda,2010,84.0,213.7,17950.8,1.0
6946,PART6947,engine,Mercedes,2005,36.0,79.3,2854.7999999999997,0.0
6947,PART6948,battery,Ford,2008,36.0,330.11,11883.960000000001,
6948,PART6949,tire,Honda,2015,92.0,383.96,35324.32,1.0
6949,PART6950,transmission,Mercedes,2019,35.0,494.36,17302.600000000002,1.0
6950,PART6951,suspension,Ford,2007,10.0,280.78,2807.7999999999997,
6951,PART6952,brake,Audi,2013,1.0,98.52,98.52,1.0
6952,PART6953,engine,Mercedes,2009,37.0,367.59,13600.83,1.0
6953,PART6954,brake,Honda,2020,18.0,192.76,3469.68,
6954,PART6955,suspension,Audi,2006,96.0,377.95,36283.2,0.0
6955,PART6956,tire,Ford,2003,85.0,329.02,27966.699999999997,
6956,PART6957,transmission,Mercedes,2006,87.0,70.78,6157.86,1.0
6957,PART6958,transmission,Mercedes,2006,35.0,412.57,14439.949999999999,0.0
6958,PART6959,tire,Mercedes,2015,28.0,384.11,10755.08,
6959,PART6960,battery,Toyota,2001,42.0,398.47,16735.74,1.0
6960,PART6961,engine,Toyota,2009,15.0,267.12,4006.8,1.0
6961,PART6962,tire,Toyota,2016,18.0,479.86,8637.48,
6962,PART6963,suspension,Mercedes,2004,57.0,481.8,27462.600000000002,1.0
6963,PART6964,battery,Ford,2006,32.0,471.79,15097.28,0.0
6964,PART6965,engine,Ford,2012,62.0,314.23,19482.260000000002,1.0
6965,PART6966,suspension,Mercedes,2018,40.0,348.32,13932.8,1.0
6966,PART6967,transmission,Ford,2010,79.0,244.99,19354.21,1.0
6967,PART6968,brake,Audi,2016,34.0,272.91,9278.94,1.0
6968,PART6969,battery,Volkswagen,2015,16.0,177.37,2837.92,
6969,PART6970,transmission,Toyota,2011,61.0,479.44,29245.84,0.0
6970,PART6971,tire,Mercedes,2002,81.0,467.18,37841.58,1.0
6971,PART6972,battery,Mercedes,2007,71.0,416.53,29573.629999999997,
6972,PART6973,tire,Audi,2007,81.0,332.8,26956.8,0.0
6973,PART6974,suspension,BMW,2020,23.0,151.89,3493.47,1.0
6974,PART6975,engine,Audi,2004,56.0,283.12,15854.720000000001,
6975,PART6976,transmission,Volkswagen,2022,51.0,300.49,15324.99,0.0
6976,PART6977,battery,Volkswagen,2013,65.0,270.37,17574.05,
6977,PART6978,transmission,Toyota,2009,89.0,371.49,33062.61,0.0
6978,PART6979,tire,Honda,2016,31.0,463.54,14369.74,0.0
6979,PART6980,suspension,BMW,2001,55.0,341.73,18795.15,0.0
6980,PART6981,battery,Ford,2019,97.0,438.23,42508.310000000005,
6981,PART6982,suspension,BMW,2022,65.0,76.13,4948.45,
6982,PART6983,brake,Honda,2002,12.0,490.82,5889.84,0.0
6983,PART6984,battery,Toyota,2009,85.0,120.89,10275.65,1.0
6984,PART6985,transmission,Ford,2010,34.0,368.73,12536.82,
6985,PART6986,transmission,Audi,2012,55.0,159.73,8785.15,
6986,PART6987,transmission,Honda,2001,66.0,354.63,23405.579999999998,0.0
6987,PART6988,transmission,Honda,2007,53.0,255.91,13563.23,0.0
6988,PART6989,engine,Audi,2016,51.0,324.81,16565.31,0.0
6989,PART6990,brake,Toyota,2002,25.0,102.27,2556.75,0.0
6990,PART6991,tire,Audi,2021,58.0,448.03,25985.739999999998,
6991,PART6992,battery,Honda,2017,67.0,372.47,24955.49,
6992,PART6993,engine,Ford,2001,82.0,449.49,36858.18,0.0
6993,PART6994,brake,Audi,2009,76.0,491.28,37337.28,
6994,PART6995,tire,Audi,2018,59.0,182.14,10746.259999999998,0.0
6995,PART6996,brake,Volkswagen,2001,76.0,492.87,37458.12,1.0
6996,PART6997,battery,Ford,2010,14.0,157.56,2205.84,1.0
6997,PART6998,tire,Mercedes,2019,63.0,195.83,12337.29,0.0
6998,PART6999,transmission,BMW,2015,37.0,482.72,17860.64,1.0
6999,PART7000,transmission,Ford,2009,57.0,315.44,17980.079999999998,
7000,PART7001,engine,Toyota,2020,6.0,322.07,1932.42,0.0
7001,PART7002,tire,Volkswagen,2004,48.0,472.88,22698.239999999998,1.0
7002,PART7003,transmission,Ford,2004,20.0,417.57,8351.4,0.0
7003,PART7004,engine,Audi,2005,99.0,107.35,10627.65,0.0
7004,PART7005,tire,Audi,2010,61.0,307.98,18786.780000000002,
7005,PART7006,tire,BMW,2009,38.0,120.65,4584.7,1.0
7006,PART7007,transmission,Mercedes,2002,5.0,156.48,782.4,0.0
7007,PART7008,battery,Toyota,2022,70.0,261.99,18339.3,0.0
7008,PART7009,transmission,BMW,2022,18.0,269.3,4847.400000000001,0.0
7009,PART7010,transmission,Honda,2020,86.0,167.52,14406.720000000001,1.0
7010,PART7011,suspension,Toyota,2007,42.0,215.29,9042.18,
7011,PART7012,engine,Mercedes,2010,18.0,336.12,6050.16,
7012,PART7013,suspension,Mercedes,2022,65.0,330.66,21492.9,0.0
7013,PART7014,suspension,BMW,2008,53.0,219.84,11651.52,0.0
7014,PART7015,engine,Mercedes,2000,85.0,198.99,16914.15,
7015,PART7016,tire,Mercedes,2015,46.0,351.22,16156.12,1.0
7016,PART7017,engine,BMW,2022,69.0,347.7,23991.3,0.0
7017,PART7018,suspension,Ford,2002,11.0,390.51,4295.61,
7018,PART7019,suspension,Ford,2001,11.0,416.73,4584.030000000001,0.0
7019,PART7020,transmission,BMW,2021,18.0,114.73,2065.14,1.0
7020,PART7021,battery,Toyota,2015,75.0,416.7,31252.5,0.0
7021,PART7022,battery,Volkswagen,2015,55.0,418.81,23034.55,0.0
7022,PART7023,tire,Toyota,2022,83.0,95.91,7960.53,
7023,PART7024,engine,Ford,2017,63.0,402.94,25385.22,1.0
7024,PART7025,brake,Mercedes,2001,62.0,452.16,28033.920000000002,1.0
7025,PART7026,brake,Ford,2020,61.0,387.62,23644.82,0.0
7026,PART7027,suspension,Volkswagen,2005,33.0,138.44,4568.5199999999995,0.0
7027,PART7028,transmission,BMW,2008,59.0,467.82,27601.38,1.0
7028,PART7029,tire,Volkswagen,2008,67.0,423.3,28361.100000000002,0.0
7029,PART7030,brake,Audi,2014,10.0,303.15,3031.5,0.0
7030,PART7031,brake,BMW,2016,36.0,227.71,8197.56,0.0
7031,PART7032,tire,BMW,2004,89.0,452.89,40307.21,1.0
7032,PART7033,engine,Volkswagen,2003,82.0,328.95,26973.899999999998,0.0
7033,PART7034,battery,BMW,2020,40.0,434.63,17385.2,0.0
7034,PART7035,transmission,Honda,2016,48.0,477.2,22905.6,1.0
7035,PART7036,brake,Toyota,2005,1.0,495.61,495.61,0.0
7036,PART7037,tire,Audi,2009,52.0,444.91,23135.32,1.0
7037,PART7038,engine,Volkswagen,2006,4.0,213.43,853.72,1.0
7038,PART7039,battery,Audi,2002,55.0,372.94,20511.7,1.0
7039,PART7040,brake,Audi,2018,91.0,214.76,19543.16,
7040,PART7041,transmission,Honda,2017,24.0,209.69,5032.5599999999995,0.0
7041,PART7042,transmission,Mercedes,2016,72.0,336.31,24214.32,1.0
7042,PART7043,transmission,Toyota,2020,86.0,320.59,27570.739999999998,0.0
7043,PART7044,tire,Audi,2018,84.0,259.78,21821.519999999997,
7044,PART7045,brake,Ford,2021,58.0,225.94,13104.52,
7045,PART7046,engine,Audi,2005,12.0,72.81,873.72,
7046,PART7047,suspension,Mercedes,2005,66.0,379.18,25025.88,
7047,PART7048,battery,Audi,2007,71.0,302.06,21446.26,
7048,PART7049,brake,Audi,2010,46.0,210.06,9662.76,0.0
7049,PART7050,transmission,Volkswagen,2015,43.0,240.83,10355.69,0.0
7050,PART7051,transmission,Toyota,2001,60.0,88.57,5314.2,0.0
7051,PART7052,tire,Toyota,2000,62.0,496.91,30808.420000000002,
7052,PART7053,suspension,Volkswagen,2017,10.0,110.53,1105.3,
7053,PART7054,battery,Ford,2008,11.0,316.76,3484.3599999999997,0.0
7054,PART7055,transmission,Toyota,2003,9.0,364.49,3280.41,1.0
7055,PART7056,tire,BMW,2009,12.0,217.64,2611.68,0.0
7056,PART7057,transmission,Mercedes,2002,77.0,499.63,38471.51,0.0
7057,PART7058,brake,Audi,2014,40.0,160.49,6419.6,
7058,PART7059,battery,Mercedes,2020,89.0,108.68,9672.52,0.0
7059,PART7060,engine,Ford,2021,87.0,352.26,30646.62,
7060,PART7061,battery,Honda,2017,65.0,166.12,10797.800000000001,
7061,PART7062,transmission,Toyota,2018,57.0,312.05,17786.850000000002,
7062,PART7063,transmission,Audi,2019,8.0,494.32,3954.56,
7063,PART7064,suspension,Audi,2004,29.0,337.2,9778.8,
7064,PART7065,transmission,Mercedes,2022,53.0,344.97,18283.41,1.0
7065,PART7066,tire,Ford,2006,65.0,274.18,17821.7,
7066,PART7067,battery,Ford,2016,22.0,273.62,6019.64,
7067,PART7068,engine,Honda,2018,2.0,309.0,618.0,1.0
7068,PART7069,brake,Toyota,2003,49.0,197.49,9677.01,0.0
7069,PART7070,suspension,Volkswagen,2012,81.0,437.89,35469.09,1.0
7070,PART7071,transmission,BMW,2012,74.0,445.23,32947.020000000004,0.0
7071,PART7072,battery,Audi,2015,37.0,88.36,3269.32,0.0
7072,PART7073,battery,Audi,2017,73.0,116.44,8500.119999999999,
7073,PART7074,battery,Toyota,2010,27.0,488.22,13181.94,
7074,PART7075,tire,Mercedes,2002,31.0,258.52,8014.119999999999,0.0
7075,PART7076,engine,Toyota,2000,87.0,416.28,36216.36,
7076,PART7077,engine,Audi,2012,80.0,57.4,4592.0,0.0
7077,PART7078,tire,Volkswagen,2011,18.0,387.02,6966.36,0.0
7078,PART7079,suspension,Ford,2000,68.0,92.7,6303.6,1.0
7079,PART7080,tire,Ford,2021,87.0,165.54,14401.98,1.0
7080,PART7081,engine,Toyota,2009,68.0,402.73,27385.64,
7081,PART7082,suspension,Toyota,2000,44.0,371.67,16353.480000000001,
7082,PART7083,engine,Audi,2001,34.0,176.55,6002.700000000001,0.0
7083,PART7084,transmission,Audi,2002,69.0,328.91,22694.79,0.0
7084,PART7085,tire,Mercedes,2017,13.0,235.96,3067.48,1.0
7085,PART7086,suspension,Ford,2012,14.0,101.86,1426.04,0.0
7086,PART7087,brake,Volkswagen,2009,11.0,334.68,3681.48,0.0
7087,PART7088,battery,Audi,2020,24.0,229.01,5496.24,0.0
7088,PART7089,transmission,BMW,2020,55.0,309.75,17036.25,
7089,PART7090,suspension,Audi,2021,29.0,191.7,5559.299999999999,
7090,PART7091,transmission,Honda,2017,54.0,271.13,14641.02,0.0
7091,PART7092,tire,Ford,2007,63.0,428.0,26964.0,
7092,PART7093,suspension,Ford,2005,28.0,421.04,11789.12,1.0
7093,PART7094,tire,Honda,2004,30.0,398.66,11959.800000000001,1.0
7094,PART7095,engine,Toyota,2011,63.0,92.75,5843.25,1.0
7095,PART7096,engine,BMW,2003,41.0,330.95,13568.949999999999,
7096,PART7097,tire,Honda,2019,16.0,68.06,1088.96,
7097,PART7098,tire,BMW,2009,28.0,241.96,6774.88,1.0
7098,PART7099,brake,Audi,2003,66.0,423.51,27951.66,
7099,PART7100,engine,Audi,2009,66.0,494.78,32655.48,
7100,PART7101,battery,Toyota,2003,80.0,186.33,14906.400000000001,1.0
7101,PART7102,transmission,Toyota,2003,18.0,134.59,2422.62,0.0
7102,PART7103,suspension,Honda,2001,78.0,265.24,20688.72,0.0
7103,PART7104,suspension,Mercedes,2018,85.0,288.33,24508.05,1.0
7104,PART7105,battery,Audi,2013,53.0,256.11,13573.83,1.0
7105,PART7106,tire,BMW,2010,90.0,295.46,26591.399999999998,
7106,PART7107,transmission,Mercedes,2022,68.0,464.59,31592.12,
7107,PART7108,suspension,Audi,2009,69.0,381.96,26355.239999999998,
7108,PART7109,suspension,Honda,2021,12.0,461.17,5534.04,
7109,PART7110,battery,Ford,2003,58.0,90.79,5265.820000000001,0.0
7110,PART7111,suspension,Honda,2014,94.0,135.41,12728.539999999999,
7111,PART7112,tire,Toyota,2016,65.0,57.49,3736.85,
7112,PART7113,brake,BMW,2018,34.0,78.05,2653.7,
7113,PART7114,suspension,BMW,2018,68.0,270.73,18409.64,
7114,PART7115,battery,Ford,2002,22.0,247.98,5455.5599999999995,
7115,PART7116,battery,Toyota,2000,14.0,174.44,2442.16,0.0
7116,PART7117,transmission,Honda,2002,85.0,60.5,5142.5,0.0
7117,PART7118,engine,Audi,2021,74.0,84.93,6284.820000000001,
7118,PART7119,transmission,Audi,2016,40.0,60.9,2436.0,
7119,PART7120,tire,BMW,2007,8.0,68.38,547.04,
7120,PART7121,transmission,Volkswagen,2016,12.0,477.21,5726.5199999999995,0.0
7121,PART7122,tire,BMW,2010,75.0,293.02,21976.5,0.0
7122,PART7123,suspension,BMW,2022,31.0,359.04,11130.24,0.0
7123,PART7124,brake,Audi,2006,56.0,443.97,24862.32,1.0
7124,PART7125,transmission,Ford,2012,54.0,60.99,3293.46,
7125,PART7126,brake,Ford,2017,79.0,258.19,20397.01,0.0
7126,PART7127,brake,Toyota,2014,27.0,409.79,11064.33,0.0
7127,PART7128,suspension,Honda,2010,69.0,199.43,13760.67,
7128,PART7129,tire,Audi,2016,26.0,137.96,3586.96,1.0
7129,PART7130,tire,Honda,2010,96.0,476.19,45714.24,0.0
7130,PART7131,transmission,Ford,2020,86.0,477.76,41087.36,0.0
7131,PART7132,transmission,Mercedes,2014,53.0,117.36,6220.08,1.0
7132,PART7133,brake,Toyota,2005,69.0,380.68,26266.920000000002,1.0
7133,PART7134,suspension,Ford,2013,6.0,59.47,356.82,0.0
7134,PART7135,tire,Toyota,2002,40.0,61.88,2475.2000000000003,0.0
7135,PART7136,engine,Audi,2011,31.0,364.54,11300.74,0.0
7136,PART7137,transmission,Honda,2005,76.0,120.81,9181.56,1.0
7137,PART7138,brake,BMW,2020,86.0,90.18,7755.4800000000005,0.0
7138,PART7139,tire,Audi,2014,17.0,495.98,8431.66,
7139,PART7140,transmission,Audi,2007,89.0,115.08,10242.119999999999,1.0
7140,PART7141,transmission,Audi,2009,40.0,194.24,7769.6,1.0
7141,PART7142,battery,Audi,2005,32.0,289.1,9251.2,
7142,PART7143,battery,Mercedes,2014,56.0,399.44,22368.64,1.0
7143,PART7144,engine,Toyota,2017,44.0,370.85,16317.400000000001,
7144,PART7145,battery,Ford,2001,90.0,107.48,9673.2,1.0
7145,PART7146,brake,Audi,2004,59.0,221.55,13071.45,0.0
7146,PART7147,suspension,BMW,2007,29.0,224.69,6516.01,1.0
7147,PART7148,tire,Mercedes,2015,24.0,209.87,5036.88,
7148,PART7149,tire,Honda,2017,41.0,282.82,11595.619999999999,1.0
7149,PART7150,tire,Audi,2019,38.0,192.23,7304.74,0.0
7150,PART7151,brake,Audi,2009,72.0,423.21,30471.12,0.0
7151,PART7152,brake,Honda,2005,84.0,119.2,10012.800000000001,0.0
7152,PART7153,transmission,BMW,2022,90.0,233.43,21008.7,1.0
7153,PART7154,transmission,Honda,2003,15.0,310.46,4656.9,0.0
7154,PART7155,brake,Volkswagen,2012,54.0,51.69,2791.2599999999998,
7155,PART7156,brake,Honda,2010,33.0,329.08,10859.64,
7156,PART7157,engine,Audi,2016,54.0,270.13,14587.02,
7157,PART7158,transmission,BMW,2014,45.0,243.07,10938.15,1.0
7158,PART7159,transmission,Audi,2003,41.0,476.44,19534.04,1.0
7159,PART7160,brake,Mercedes,2013,14.0,176.51,2471.14,
7160,PART7161,tire,Mercedes,2016,32.0,382.87,12251.84,1.0
7161,PART7162,transmission,Volkswagen,2014,57.0,158.32,9024.24,0.0
7162,PART7163,battery,Volkswagen,2006,8.0,196.23,1569.84,
7163,PART7164,suspension,Toyota,2007,58.0,347.15,20134.699999999997,0.0
7164,PART7165,transmission,Mercedes,2008,39.0,253.31,9879.09,1.0
7165,PART7166,tire,Audi,2014,7.0,230.26,1611.82,1.0
7166,PART7167,brake,Volkswagen,2011,64.0,65.16,4170.24,0.0
7167,PART7168,brake,Audi,2015,25.0,232.53,5813.25,0.0
7168,PART7169,transmission,Toyota,2004,63.0,400.36,25222.68,
7169,PART7170,suspension,Mercedes,2019,98.0,405.91,39779.18,0.0
7170,PART7171,brake,Volkswagen,2007,73.0,204.06,14896.380000000001,0.0
7171,PART7172,suspension,Volkswagen,2008,24.0,439.74,10553.76,
7172,PART7173,brake,Ford,2001,28.0,94.49,2645.72,1.0
7173,PART7174,brake,Ford,2012,68.0,366.98,24954.64,0.0
7174,PART7175,transmission,Audi,2016,2.0,218.1,436.2,0.0
7175,PART7176,brake,Volkswagen,2018,31.0,277.35,8597.85,0.0
7176,PART7177,transmission,Toyota,2000,25.0,107.69,2692.25,0.0
7177,PART7178,brake,BMW,2004,39.0,64.41,2511.99,
7178,PART7179,transmission,Toyota,2012,70.0,408.79,28615.300000000003,0.0
7179,PART7180,tire,Toyota,2010,11.0,166.75,1834.25,1.0
7180,PART7181,suspension,BMW,2015,32.0,184.57,5906.24,0.0
7181,PART7182,brake,Honda,2006,24.0,71.81,1723.44,1.0
7182,PART7183,suspension,Honda,2015,65.0,114.75,7458.75,1.0
7183,PART7184,brake,BMW,2003,56.0,295.13,16527.28,0.0
7184,PART7185,suspension,Toyota,2003,54.0,208.32,11249.279999999999,0.0
7185,PART7186,engine,Mercedes,2000,7.0,269.39,1885.73,1.0
7186,PART7187,tire,Volkswagen,2013,82.0,58.68,4811.76,1.0
7187,PART7188,battery,Honda,2010,48.0,383.47,18406.56,1.0
7188,PART7189,tire,Toyota,2016,59.0,175.31,10343.29,
7189,PART7190,brake,Volkswagen,2001,31.0,267.81,8302.11,
7190,PART7191,transmission,BMW,2004,19.0,373.28,7092.32,0.0
7191,PART7192,battery,Volkswagen,2000,36.0,442.05,15913.800000000001,
7192,PART7193,engine,Honda,2005,59.0,210.47,12417.73,
7193,PART7194,brake,Volkswagen,2013,76.0,371.53,28236.28,0.0
7194,PART7195,battery,Ford,2008,31.0,243.83,7558.7300000000005,0.0
7195,PART7196,tire,Honda,2011,15.0,214.29,3214.35,
7196,PART7197,brake,BMW,2017,73.0,152.5,11132.5,1.0
7197,PART7198,brake,Mercedes,2016,13.0,440.66,5728.58,1.0
7198,PART7199,engine,Ford,2003,16.0,82.42,1318.72,0.0
7199,PART7200,battery,Volkswagen,2015,94.0,271.77,25546.379999999997,0.0
7200,PART7201,brake,Audi,2005,11.0,395.97,4355.67,1.0
7201,PART7202,brake,Ford,2016,77.0,320.37,24668.49,
7202,PART7203,transmission,Audi,2002,67.0,423.14,28350.379999999997,1.0
7203,PART7204,engine,Audi,2005,53.0,351.41,18624.73,0.0
7204,PART7205,battery,Honda,2020,52.0,219.06,11391.12,1.0
7205,PART7206,transmission,Mercedes,2020,92.0,220.7,20304.399999999998,0.0
7206,PART7207,tire,Ford,2007,62.0,372.48,23093.760000000002,
7207,PART7208,engine,Mercedes,2005,71.0,286.28,20325.879999999997,0.0
7208,PART7209,suspension,Honda,2012,13.0,442.22,5748.860000000001,0.0
7209,PART7210,transmission,Honda,2007,74.0,426.14,31534.36,1.0
7210,PART7211,battery,Audi,2012,81.0,104.47,8462.07,1.0
7211,PART7212,engine,Audi,2009,26.0,58.24,1514.24,
7212,PART7213,brake,Audi,2007,71.0,240.95,17107.45,
7213,PART7214,brake,Honda,2019,57.0,343.45,19576.649999999998,1.0
7214,PART7215,tire,Ford,2007,93.0,242.03,22508.79,1.0
7215,PART7216,suspension,Honda,2004,70.0,122.9,8603.0,
7216,PART7217,engine,BMW,2009,40.0,249.44,9977.6,0.0
7217,PART7218,suspension,Mercedes,2017,77.0,132.23,10181.71,0.0
7218,PART7219,tire,BMW,2002,53.0,391.1,20728.300000000003,0.0
7219,PART7220,brake,Toyota,2004,89.0,403.61,35921.29,0.0
7220,PART7221,transmission,Mercedes,2020,46.0,280.26,12891.96,
7221,PART7222,suspension,Honda,2007,62.0,65.92,4087.04,1.0
7222,PART7223,tire,Ford,2007,32.0,485.45,15534.4,1.0
7223,PART7224,brake,Mercedes,2022,48.0,387.64,18606.72,0.0
7224,PART7225,battery,Ford,2000,89.0,467.11,41572.79,
7225,PART7226,engine,Audi,2013,48.0,378.07,18147.36,0.0
7226,PART7227,transmission,Audi,2016,76.0,57.36,4359.36,
7227,PART7228,brake,Honda,2012,57.0,165.24,9418.68,0.0
7228,PART7229,transmission,Mercedes,2017,40.0,315.9,12636.0,0.0
7229,PART7230,engine,Ford,2016,5.0,411.27,2056.35,1.0
7230,PART7231,battery,Mercedes,2008,27.0,411.88,11120.76,0.0
7231,PART7232,transmission,Volkswagen,2003,10.0,205.85,2058.5,
7232,PART7233,suspension,Mercedes,2006,53.0,84.11,4457.83,
7233,PART7234,engine,BMW,2019,47.0,408.31,19190.57,1.0
7234,PART7235,suspension,Ford,2006,81.0,418.49,33897.69,
7235,PART7236,transmission,Audi,2019,4.0,250.07,1000.28,0.0
7236,PART7237,transmission,Audi,2002,49.0,418.65,20513.85,1.0
7237,PART7238,engine,Ford,2000,25.0,254.39,6359.75,0.0
7238,PART7239,tire,Audi,2019,50.0,374.21,18710.5,
7239,PART7240,engine,Ford,2011,66.0,253.59,16736.94,0.0
7240,PART7241,engine,Volkswagen,2013,64.0,110.17,7050.88,0.0
7241,PART7242,transmission,Toyota,2015,8.0,199.61,1596.88,
7242,PART7243,suspension,Honda,2016,85.0,102.55,8716.75,1.0
7243,PART7244,engine,Mercedes,2008,77.0,401.11,30885.47,1.0
7244,PART7245,suspension,Mercedes,2001,43.0,418.24,17984.32,0.0
7245,PART7246,suspension,Mercedes,2014,10.0,306.33,3063.2999999999997,0.0
7246,PART7247,tire,Audi,2022,82.0,425.08,34856.56,1.0
7247,PART7248,engine,Mercedes,2019,51.0,452.55,23080.05,0.0
7248,PART7249,brake,Mercedes,2017,86.0,477.98,41106.28,1.0
7249,PART7250,suspension,Mercedes,2010,2.0,303.52,607.04,0.0
7250,PART7251,suspension,Toyota,2009,75.0,399.68,29976.0,1.0
7251,PART7252,brake,Ford,2000,60.0,353.07,21184.2,
7252,PART7253,tire,Audi,2017,35.0,230.47,8066.45,1.0
7253,PART7254,engine,Mercedes,2019,39.0,262.33,10230.869999999999,
7254,PART7255,tire,Honda,2015,1.0,348.27,348.27,0.0
7255,PART7256,brake,Honda,2011,14.0,410.48,5746.72,
7256,PART7257,battery,Toyota,2011,31.0,419.03,12989.929999999998,1.0
7257,PART7258,suspension,Ford,2009,58.0,83.32,4832.5599999999995,0.0
7258,PART7259,brake,Volkswagen,2013,77.0,88.7,6829.900000000001,0.0
7259,PART7260,battery,Ford,2003,31.0,458.9,14225.9,
7260,PART7261,brake,BMW,2021,82.0,123.68,10141.76,1.0
7261,PART7262,battery,Volkswagen,2014,15.0,135.77,2036.5500000000002,
7262,PART7263,suspension,Volkswagen,2006,20.0,403.03,8060.599999999999,0.0
7263,PART7264,tire,Honda,2006,83.0,364.45,30249.35,
7264,PART7265,brake,Mercedes,2019,22.0,319.18,7021.96,0.0
7265,PART7266,transmission,Honda,2022,91.0,53.59,4876.6900000000005,0.0
7266,PART7267,battery,Audi,2010,32.0,135.55,4337.6,1.0
7267,PART7268,engine,Ford,2003,40.0,257.14,10285.599999999999,
7268,PART7269,tire,Honda,2011,23.0,374.73,8618.79,
7269,PART7270,transmission,Honda,2006,6.0,148.03,888.1800000000001,0.0
7270,PART7271,brake,Ford,2010,40.0,306.62,12264.8,
7271,PART7272,brake,Audi,2004,27.0,180.55,4874.85,0.0
7272,PART7273,brake,Mercedes,2013,23.0,238.68,5489.64,
7273,PART7274,tire,BMW,2013,8.0,444.78,3558.24,
7274,PART7275,transmission,Toyota,2009,20.0,490.09,9801.8,1.0
7275,PART7276,transmission,BMW,2017,60.0,410.18,24610.8,0.0
7276,PART7277,brake,Ford,2016,4.0,259.19,1036.76,1.0
7277,PART7278,battery,Volkswagen,2020,91.0,66.1,6015.099999999999,
7278,PART7279,tire,Volkswagen,2009,6.0,169.35,1016.0999999999999,1.0
7279,PART7280,engine,Toyota,2019,84.0,155.82,13088.88,
7280,PART7281,brake,Toyota,2018,45.0,362.01,16290.449999999999,0.0
7281,PART7282,brake,BMW,2000,60.0,433.39,26003.399999999998,1.0
7282,PART7283,brake,BMW,2005,46.0,386.33,17771.18,
7283,PART7284,brake,BMW,2022,78.0,423.77,33054.06,0.0
7284,PART7285,suspension,Toyota,2021,68.0,54.36,3696.48,1.0
7285,PART7286,suspension,Mercedes,2006,10.0,86.65,866.5,
7286,PART7287,brake,Audi,2005,39.0,431.59,16832.01,
7287,PART7288,tire,Audi,2005,48.0,465.82,22359.36,
7288,PART7289,transmission,Audi,2019,19.0,438.44,8330.36,0.0
7289,PART7290,engine,Honda,2003,75.0,297.01,22275.75,
7290,PART7291,engine,Honda,2002,77.0,334.57,25761.89,0.0
7291,PART7292,battery,BMW,2004,93.0,446.78,41550.54,0.0
7292,PART7293,engine,Ford,2019,7.0,318.89,2232.23,0.0
7293,PART7294,engine,Audi,2013,22.0,300.05,6601.1,
7294,PART7295,suspension,Toyota,2001,27.0,376.88,10175.76,0.0
7295,PART7296,transmission,Audi,2003,82.0,365.12,29939.84,1.0
7296,PART7297,engine,Audi,2005,37.0,420.43,15555.91,0.0
7297,PART7298,transmission,BMW,2021,94.0,66.06,6209.64,
7298,PART7299,engine,Volkswagen,2010,84.0,262.75,22071.0,
7299,PART7300,battery,Mercedes,2001,96.0,53.63,5148.4800000000005,0.0
7300,PART7301,brake,Toyota,2018,19.0,484.02,9196.38,0.0
7301,PART7302,tire,Honda,2000,77.0,58.51,4505.2699999999995,1.0
7302,PART7303,transmission,BMW,2006,47.0,411.72,19350.84,0.0
7303,PART7304,battery,BMW,2008,32.0,362.8,11609.6,
7304,PART7305,tire,Ford,2020,3.0,179.24,537.72,
7305,PART7306,suspension,Toyota,2019,6.0,300.91,1805.46,
7306,PART7307,tire,BMW,2014,79.0,216.38,17094.02,0.0
7307,PART7308,engine,Mercedes,2007,43.0,252.08,10839.44,0.0
7308,PART7309,transmission,Volkswagen,2009,28.0,271.31,7596.68,
7309,PART7310,transmission,Volkswagen,2012,95.0,313.49,29781.55,1.0
7310,PART7311,transmission,Toyota,2021,48.0,485.45,23301.6,
7311,PART7312,transmission,Volkswagen,2018,43.0,175.35,7540.05,
7312,PART7313,suspension,Toyota,2021,35.0,382.37,13382.95,
7313,PART7314,tire,Honda,2004,88.0,246.01,21648.879999999997,0.0
7314,PART7315,brake,Mercedes,2011,6.0,482.54,2895.2400000000002,0.0
7315,PART7316,battery,Honda,2015,75.0,393.32,29499.0,
7316,PART7317,battery,Audi,2020,35.0,442.09,15473.15,1.0
7317,PART7318,suspension,Ford,2015,32.0,470.51,15056.32,
7318,PART7319,engine,Honda,2011,12.0,188.38,2260.56,0.0
7319,PART7320,brake,Mercedes,2009,58.0,422.99,24533.420000000002,0.0
7320,PART7321,tire,Honda,2011,57.0,168.66,9613.619999999999,1.0
7321,PART7322,battery,Toyota,2022,47.0,329.97,15508.590000000002,1.0
7322,PART7323,engine,Audi,2009,67.0,128.06,8580.02,0.0
7323,PART7324,brake,Ford,2009,88.0,305.47,26881.36,0.0
7324,PART7325,engine,Honda,2015,88.0,240.9,21199.2,0.0
7325,PART7326,transmission,Mercedes,2013,77.0,70.26,5410.02,
7326,PART7327,tire,Audi,2021,10.0,234.83,2348.3,1.0
7327,PART7328,brake,Audi,2008,98.0,194.28,19039.44,1.0
7328,PART7329,brake,Mercedes,2011,95.0,150.38,14286.1,0.0
7329,PART7330,battery,Toyota,2007,39.0,200.65,7825.35,0.0
7330,PART7331,suspension,Toyota,2007,19.0,498.96,9480.24,0.0
7331,PART7332,transmission,BMW,2019,38.0,376.17,14294.460000000001,0.0
7332,PART7333,brake,BMW,2015,18.0,110.79,1994.22,
7333,PART7334,battery,Honda,2010,3.0,198.48,595.4399999999999,1.0
7334,PART7335,suspension,Audi,2014,71.0,239.72,17020.12,
7335,PART7336,engine,Mercedes,2017,11.0,94.5,1039.5,0.0
7336,PART7337,engine,Volkswagen,2003,10.0,389.5,3895.0,1.0
7337,PART7338,tire,Audi,2006,42.0,147.69,6202.98,1.0
7338,PART7339,tire,Audi,2011,2.0,232.92,465.84,0.0
7339,PART7340,tire,Toyota,2002,47.0,462.44,21734.68,
7340,PART7341,engine,Ford,2017,4.0,212.26,849.04,1.0
7341,PART7342,engine,BMW,2004,88.0,85.01,7480.88,
7342,PART7343,brake,Ford,2004,57.0,142.6,8128.2,
7343,PART7344,engine,Honda,2022,34.0,462.69,15731.46,0.0
7344,PART7345,battery,Volkswagen,2019,92.0,309.29,28454.68,0.0
7345,PART7346,tire,Honda,2005,19.0,426.45,8102.55,1.0
7346,PART7347,tire,Toyota,2014,93.0,224.48,20876.64,0.0
7347,PART7348,tire,Ford,2004,41.0,345.35,14159.35,1.0
7348,PART7349,engine,Honda,2012,70.0,340.11,23807.7,0.0
7349,PART7350,brake,Honda,2021,74.0,401.14,29684.36,
7350,PART7351,tire,BMW,2022,23.0,494.35,11370.050000000001,1.0
7351,PART7352,transmission,Audi,2008,60.0,172.69,10361.4,0.0
7352,PART7353,battery,Ford,2012,83.0,97.19,8066.7699999999995,0.0
7353,PART7354,tire,Toyota,2010,38.0,221.43,8414.34,0.0
7354,PART7355,engine,Mercedes,2009,10.0,386.19,3861.9,
7355,PART7356,brake,Audi,2012,26.0,129.91,3377.66,1.0
7356,PART7357,transmission,BMW,2007,9.0,397.91,3581.19,
7357,PART7358,brake,Volkswagen,2008,4.0,217.71,870.84,0.0
7358,PART7359,tire,BMW,2012,71.0,432.73,30723.83,
7359,PART7360,tire,Mercedes,2019,91.0,242.15,22035.65,
7360,PART7361,tire,Mercedes,2022,88.0,119.23,10492.24,
7361,PART7362,transmission,BMW,2007,24.0,123.56,2965.44,0.0
7362,PART7363,transmission,Volkswagen,2006,20.0,457.99,9159.8,
7363,PART7364,engine,Ford,2020,53.0,309.67,16412.510000000002,0.0
7364,PART7365,suspension,Mercedes,2005,32.0,136.52,4368.64,1.0
7365,PART7366,engine,Honda,2012,23.0,91.81,2111.63,
7366,PART7367,suspension,Toyota,2017,15.0,301.31,4519.65,1.0
7367,PART7368,engine,Ford,2007,25.0,93.92,2348.0,1.0
7368,PART7369,battery,Honda,2003,42.0,195.2,8198.4,
7369,PART7370,battery,BMW,2018,51.0,352.61,17983.11,
7370,PART7371,transmission,Ford,2002,35.0,232.98,8154.299999999999,
7371,PART7372,tire,Ford,2011,32.0,201.32,6442.24,
7372,PART7373,brake,Honda,2011,41.0,305.55,12527.550000000001,1.0
7373,PART7374,battery,BMW,2018,44.0,135.57,5965.08,0.0
7374,PART7375,battery,Volkswagen,2021,50.0,404.43,20221.5,
7375,PART7376,brake,Volkswagen,2021,27.0,342.49,9247.23,1.0
7376,PART7377,tire,Mercedes,2015,99.0,109.03,10793.97,1.0
7377,PART7378,suspension,Toyota,2016,62.0,468.15,29025.3,
7378,PART7379,suspension,Mercedes,2018,68.0,252.43,17165.24,1.0
7379,PART7380,transmission,Volkswagen,2003,50.0,215.59,10779.5,0.0
7380,PART7381,engine,Volkswagen,2010,74.0,162.87,12052.380000000001,
7381,PART7382,engine,Ford,2004,79.0,385.4,30446.6,0.0
7382,PART7383,brake,Volkswagen,2003,97.0,195.26,18940.219999999998,
7383,PART7384,engine,Honda,2019,21.0,365.33,7671.929999999999,0.0
7384,PART7385,brake,BMW,2017,53.0,491.56,26052.68,0.0
7385,PART7386,tire,BMW,2015,54.0,345.87,18676.98,0.0
7386,PART7387,transmission,Volkswagen,2001,15.0,432.81,6492.15,0.0
7387,PART7388,tire,BMW,2011,81.0,93.08,7539.48,1.0
7388,PART7389,battery,Toyota,2013,8.0,192.79,1542.32,
7389,PART7390,brake,Ford,2013,87.0,481.96,41930.52,1.0
7390,PART7391,transmission,Ford,2006,79.0,352.85,27875.15,
7391,PART7392,battery,Mercedes,2012,64.0,100.48,6430.72,0.0
7392,PART7393,engine,Volkswagen,2001,2.0,144.05,288.1,1.0
7393,PART7394,battery,Toyota,2019,65.0,186.68,12134.2,1.0
7394,PART7395,suspension,BMW,2008,8.0,183.41,1467.28,1.0
7395,PART7396,tire,Ford,2001,97.0,268.53,26047.409999999996,1.0
7396,PART7397,brake,Mercedes,2019,42.0,319.5,13419.0,1.0
7397,PART7398,battery,Ford,2017,34.0,69.93,2377.6200000000003,0.0
7398,PART7399,tire,Audi,2014,67.0,239.44,16042.48,1.0
7399,PART7400,engine,Toyota,2008,41.0,368.37,15103.17,0.0
7400,PART7401,engine,Ford,2003,19.0,304.8,5791.2,0.0
7401,PART7402,brake,Mercedes,2021,9.0,147.2,1324.8,
7402,PART7403,transmission,Audi,2021,73.0,179.56,13107.880000000001,1.0
7403,PART7404,brake,Volkswagen,2001,8.0,474.57,3796.56,0.0
7404,PART7405,engine,Ford,2016,81.0,193.96,15710.76,
7405,PART7406,suspension,Volkswagen,2012,29.0,215.22,6241.38,0.0
7406,PART7407,transmission,Mercedes,2006,44.0,291.78,12838.32,0.0
7407,PART7408,battery,Toyota,2016,65.0,245.25,15941.25,0.0
7408,PART7409,brake,Audi,2012,25.0,416.98,10424.5,
7409,PART7410,engine,Ford,2000,9.0,235.58,2120.2200000000003,1.0
7410,PART7411,tire,Toyota,2021,16.0,418.73,6699.68,
7411,PART7412,tire,Toyota,2001,99.0,236.56,23419.44,0.0
7412,PART7413,brake,Volkswagen,2017,17.0,303.9,5166.299999999999,0.0
7413,PART7414,suspension,Toyota,2007,37.0,487.9,18052.3,0.0
7414,PART7415,battery,Audi,2013,56.0,58.36,3268.16,0.0
7415,PART7416,engine,Mercedes,2021,73.0,365.27,26664.71,
7416,PART7417,brake,Volkswagen,2006,68.0,168.57,11462.76,
7417,PART7418,transmission,Audi,2001,98.0,348.98,34200.04,0.0
7418,PART7419,battery,Toyota,2005,69.0,121.0,8349.0,
7419,PART7420,transmission,Toyota,2011,21.0,131.81,2768.01,
7420,PART7421,tire,Honda,2005,73.0,389.36,28423.280000000002,1.0
7421,PART7422,suspension,Toyota,2020,19.0,408.4,7759.599999999999,
7422,PART7423,engine,Ford,2003,57.0,450.67,25688.190000000002,
7423,PART7424,suspension,Toyota,2007,90.0,420.46,37841.4,
7424,PART7425,battery,Toyota,2017,43.0,108.1,4648.3,
7425,PART7426,engine,Honda,2013,16.0,227.11,3633.76,1.0
7426,PART7427,suspension,Honda,2019,71.0,76.52,5432.92,0.0
7427,PART7428,engine,Ford,2001,44.0,378.47,16652.68,0.0
7428,PART7429,suspension,BMW,2012,45.0,110.38,4967.099999999999,0.0
7429,PART7430,transmission,Mercedes,2007,29.0,161.98,4697.42,
7430,PART7431,battery,Honda,2003,76.0,429.45,32638.2,
7431,PART7432,brake,BMW,2011,83.0,256.08,21254.64,0.0
7432,PART7433,brake,Audi,2020,43.0,296.5,12749.5,0.0
7433,PART7434,tire,Mercedes,2012,6.0,437.8,2626.8,0.0
7434,PART7435,transmission,Ford,2007,47.0,489.54,23008.38,0.0
7435,PART7436,battery,Honda,2005,66.0,382.11,25219.260000000002,0.0
7436,PART7437,battery,Volkswagen,2011,20.0,350.48,7009.6,0.0
7437,PART7438,suspension,Honda,2005,48.0,423.95,20349.6,
7438,PART7439,battery,Toyota,2010,96.0,289.33,27775.68,1.0
7439,PART7440,transmission,Volkswagen,2007,80.0,272.05,21764.0,0.0
7440,PART7441,engine,Volkswagen,2009,24.0,325.01,7800.24,1.0
7441,PART7442,transmission,Mercedes,2016,22.0,387.64,8528.08,0.0
7442,PART7443,suspension,Toyota,2021,83.0,150.63,12502.289999999999,0.0
7443,PART7444,engine,Volkswagen,2002,5.0,270.96,1354.8,1.0
7444,PART7445,transmission,Mercedes,2000,2.0,90.14,180.28,0.0
7445,PART7446,engine,Toyota,2006,4.0,126.93,507.72,1.0
7446,PART7447,brake,Volkswagen,2004,58.0,483.64,28051.12,
7447,PART7448,transmission,Volkswagen,2020,71.0,320.69,22768.99,0.0
7448,PART7449,engine,Honda,2001,92.0,252.41,23221.72,
7449,PART7450,brake,Ford,2013,60.0,454.33,27259.8,
7450,PART7451,tire,Mercedes,2007,93.0,474.5,44128.5,
7451,PART7452,engine,BMW,2013,55.0,494.39,27191.45,1.0
7452,PART7453,transmission,BMW,2009,97.0,412.21,39984.369999999995,
7453,PART7454,tire,Toyota,2010,91.0,333.99,30393.09,0.0
7454,PART7455,transmission,Mercedes,2003,41.0,164.96,6763.360000000001,0.0
7455,PART7456,engine,Volkswagen,2007,53.0,57.84,3065.52,
7456,PART7457,tire,Honda,2010,15.0,108.74,1631.1,1.0
7457,PART7458,tire,Audi,2014,38.0,375.7,14276.6,0.0
7458,PART7459,brake,Volkswagen,2021,58.0,499.0,28942.0,1.0
7459,PART7460,battery,Honda,2013,64.0,337.26,21584.64,
7460,PART7461,engine,Volkswagen,2020,71.0,66.08,4691.68,0.0
7461,PART7462,transmission,Ford,2008,8.0,337.9,2703.2,1.0
7462,PART7463,brake,BMW,2021,58.0,120.56,6992.4800000000005,
7463,PART7464,suspension,Volkswagen,2010,70.0,174.86,12240.2,1.0
7464,PART7465,transmission,Honda,2015,27.0,489.44,13214.88,0.0
7465,PART7466,battery,Audi,2022,7.0,140.61,984.2700000000001,0.0
7466,PART7467,battery,Volkswagen,2022,25.0,145.43,3635.75,0.0
7467,PART7468,suspension,Mercedes,2003,37.0,334.38,12372.06,
7468,PART7469,brake,Honda,2009,1.0,100.56,100.56,1.0
7469,PART7470,engine,Honda,2002,39.0,153.94,6003.66,0.0
7470,PART7471,transmission,BMW,2001,10.0,242.65,2426.5,1.0
7471,PART7472,transmission,Ford,2012,46.0,395.79,18206.34,
7472,PART7473,transmission,Audi,2011,57.0,367.8,20964.600000000002,1.0
7473,PART7474,suspension,Toyota,2018,60.0,54.58,3274.7999999999997,
7474,PART7475,engine,Toyota,2010,27.0,256.23,6918.210000000001,0.0
7475,PART7476,transmission,Ford,2018,86.0,207.56,17850.16,0.0
7476,PART7477,tire,Mercedes,2017,57.0,368.51,21005.07,0.0
7477,PART7478,suspension,Audi,2007,62.0,284.22,17621.640000000003,1.0
7478,PART7479,brake,BMW,2011,28.0,479.07,13413.96,
7479,PART7480,tire,Mercedes,2011,63.0,350.04,22052.52,
7480,PART7481,battery,Volkswagen,2019,45.0,434.35,19545.75,1.0
7481,PART7482,transmission,Mercedes,2017,53.0,459.95,24377.35,
7482,PART7483,suspension,Mercedes,2001,41.0,293.78,12044.98,1.0
7483,PART7484,brake,Toyota,2020,40.0,199.41,7976.4,0.0
7484,PART7485,engine,Mercedes,2007,98.0,270.19,26478.62,
7485,PART7486,battery,Honda,2006,96.0,325.75,31272.0,
7486,PART7487,transmission,Mercedes,2009,7.0,391.15,2738.0499999999997,1.0
7487,PART7488,engine,Mercedes,2012,6.0,314.76,1888.56,0.0
7488,PART7489,battery,BMW,2011,84.0,102.11,8577.24,1.0
7489,PART7490,engine,Mercedes,2006,16.0,326.02,5216.32,
7490,PART7491,tire,Mercedes,2008,48.0,486.91,23371.68,
7491,PART7492,tire,Honda,2022,92.0,373.29,34342.68,0.0
7492,PART7493,suspension,Toyota,2020,66.0,96.12,6343.92,
7493,PART7494,brake,Ford,2006,83.0,176.14,14619.619999999999,0.0
7494,PART7495,battery,Mercedes,2006,42.0,490.57,20603.94,0.0
7495,PART7496,brake,Audi,2006,21.0,276.05,5797.05,
7496,PART7497,battery,Ford,2019,1.0,189.96,189.96,1.0
7497,PART7498,tire,Mercedes,2011,35.0,267.17,9350.95,
7498,PART7499,engine,Audi,2019,37.0,137.03,5070.11,0.0
7499,PART7500,brake,Audi,2013,71.0,73.88,5245.48,1.0
7500,PART7501,battery,Ford,2002,71.0,268.22,19043.620000000003,
7501,PART7502,engine,Toyota,2004,12.0,294.84,3538.08,
7502,PART7503,battery,Mercedes,2008,5.0,487.62,2438.1,0.0
7503,PART7504,battery,Honda,2012,54.0,297.06,16041.24,
7504,PART7505,engine,Mercedes,2006,96.0,429.46,41228.159999999996,1.0
7505,PART7506,transmission,Toyota,2007,62.0,101.88,6316.5599999999995,1.0
7506,PART7507,suspension,Toyota,2006,60.0,75.55,4533.0,1.0
7507,PART7508,transmission,Ford,2002,55.0,87.76,4826.8,
7508,PART7509,tire,Mercedes,2008,85.0,397.06,33750.1,
7509,PART7510,brake,Toyota,2014,8.0,63.19,505.52,
7510,PART7511,suspension,Honda,2004,24.0,154.88,3717.12,1.0
7511,PART7512,tire,Audi,2001,53.0,98.47,5218.91,0.0
7512,PART7513,brake,Toyota,2016,11.0,314.53,3459.83,0.0
7513,PART7514,battery,Toyota,2015,24.0,271.66,6519.84,
7514,PART7515,tire,Audi,2008,85.0,495.36,42105.6,
7515,PART7516,tire,Mercedes,2003,9.0,360.5,3244.5,
7516,PART7517,battery,Ford,2018,85.0,53.9,4581.5,0.0
7517,PART7518,brake,Audi,2004,99.0,99.31,9831.69,0.0
7518,PART7519,tire,Toyota,2021,13.0,192.18,2498.34,
7519,PART7520,suspension,Audi,2015,16.0,260.22,4163.52,0.0
7520,PART7521,brake,BMW,2012,75.0,172.84,12963.0,1.0
7521,PART7522,brake,Toyota,2010,20.0,127.61,2552.2,0.0
7522,PART7523,suspension,Mercedes,2001,4.0,95.48,381.92,1.0
7523,PART7524,battery,Ford,2003,72.0,333.89,24040.079999999998,1.0
7524,PART7525,suspension,Mercedes,2008,26.0,126.72,3294.72,1.0
7525,PART7526,transmission,Audi,2011,77.0,230.75,17767.75,1.0
7526,PART7527,suspension,BMW,2007,86.0,154.42,13280.119999999999,0.0
7527,PART7528,transmission,BMW,2019,86.0,148.79,12795.939999999999,
7528,PART7529,engine,BMW,2012,84.0,113.33,9519.72,1.0
7529,PART7530,transmission,Honda,2009,72.0,142.93,10290.960000000001,
7530,PART7531,battery,Toyota,2002,66.0,220.12,14527.92,1.0
7531,PART7532,engine,Toyota,2000,32.0,466.74,14935.68,0.0
7532,PART7533,tire,Ford,2010,79.0,190.27,15031.33,1.0
7533,PART7534,transmission,BMW,2002,25.0,388.11,9702.75,0.0
7534,PART7535,transmission,Mercedes,2011,93.0,395.76,36805.68,1.0
7535,PART7536,brake,Audi,2002,12.0,355.67,4268.04,1.0
7536,PART7537,tire,Audi,2014,55.0,151.95,8357.25,1.0
7537,PART7538,transmission,Audi,2012,17.0,164.22,2791.74,0.0
7538,PART7539,transmission,Toyota,2017,74.0,430.13,31829.62,0.0
7539,PART7540,battery,Mercedes,2009,40.0,204.62,8184.8,0.0
7540,PART7541,battery,Mercedes,2005,60.0,260.07,15604.199999999999,0.0
7541,PART7542,tire,Audi,2001,90.0,237.61,21384.9,1.0
7542,PART7543,tire,Volkswagen,2021,26.0,236.08,6138.08,1.0
7543,PART7544,battery,Toyota,2000,65.0,409.67,26628.55,1.0
7544,PART7545,suspension,Mercedes,2022,83.0,303.26,25170.579999999998,1.0
7545,PART7546,battery,Honda,2002,98.0,497.59,48763.82,1.0
7546,PART7547,suspension,Mercedes,2003,37.0,159.59,5904.83,0.0
7547,PART7548,battery,BMW,2018,16.0,162.59,2601.44,0.0
7548,PART7549,battery,Ford,2005,61.0,408.82,24938.02,
7549,PART7550,battery,Honda,2001,20.0,107.14,2142.8,1.0
7550,PART7551,suspension,Audi,2001,21.0,479.57,10070.97,
7551,PART7552,suspension,Volkswagen,2013,90.0,206.46,18581.4,0.0
7552,PART7553,battery,Toyota,2008,26.0,440.79,11460.54,
7553,PART7554,battery,Audi,2008,41.0,167.78,6878.9800000000005,0.0
7554,PART7555,transmission,BMW,2002,96.0,315.87,30323.52,0.0
7555,PART7556,engine,Audi,2018,53.0,189.22,10028.66,
7556,PART7557,battery,Ford,2019,91.0,362.91,33024.810000000005,1.0
7557,PART7558,brake,Mercedes,2016,83.0,327.12,27150.96,0.0
7558,PART7559,battery,Audi,2014,28.0,478.04,13385.12,1.0
7559,PART7560,transmission,Volkswagen,2015,46.0,60.22,2770.12,
7560,PART7561,transmission,Mercedes,2017,16.0,220.19,3523.04,1.0
7561,PART7562,brake,Toyota,2009,30.0,197.87,5936.1,0.0
7562,PART7563,brake,Ford,2005,34.0,469.2,15952.8,1.0
7563,PART7564,suspension,Mercedes,2009,60.0,74.15,4449.0,
7564,PART7565,engine,BMW,2015,41.0,114.48,4693.68,0.0
7565,PART7566,tire,BMW,2007,71.0,133.54,9481.34,
7566,PART7567,tire,Audi,2000,62.0,412.74,25589.88,0.0
7567,PART7568,engine,Ford,2013,1.0,325.28,325.28,
7568,PART7569,engine,Toyota,2018,56.0,426.32,23873.92,1.0
7569,PART7570,transmission,Honda,2022,43.0,362.76,15598.68,
7570,PART7571,transmission,Audi,2002,23.0,147.01,3381.2299999999996,0.0
7571,PART7572,engine,Mercedes,2018,25.0,126.71,3167.75,1.0
7572,PART7573,suspension,Audi,2016,10.0,390.24,3902.4,1.0
7573,PART7574,tire,BMW,2000,65.0,109.19,7097.349999999999,0.0
7574,PART7575,tire,Toyota,2007,88.0,384.42,33828.96,1.0
7575,PART7576,engine,Audi,2007,6.0,246.28,1477.68,0.0
7576,PART7577,battery,BMW,2010,5.0,54.21,271.05,0.0
7577,PART7578,battery,Audi,2005,95.0,337.02,32016.899999999998,
7578,PART7579,engine,Honda,2012,33.0,139.86,4615.38,
7579,PART7580,engine,Audi,2015,6.0,231.84,1391.04,
7580,PART7581,brake,Mercedes,2012,15.0,91.63,1374.4499999999998,1.0
7581,PART7582,engine,Mercedes,2009,4.0,440.87,1763.48,1.0
7582,PART7583,battery,Honda,2008,7.0,445.5,3118.5,
7583,PART7584,battery,Mercedes,2012,38.0,381.01,14478.38,0.0
7584,PART7585,transmission,Volkswagen,2011,63.0,78.39,4938.57,1.0
7585,PART7586,battery,Honda,2009,16.0,246.98,3951.68,
7586,PART7587,engine,Audi,2020,57.0,394.06,22461.420000000002,
7587,PART7588,engine,Mercedes,2008,5.0,112.06,560.3,1.0
7588,PART7589,engine,BMW,2011,84.0,209.08,17562.72,
7589,PART7590,battery,Honda,2001,97.0,251.43,24388.71,1.0
7590,PART7591,engine,Volkswagen,2016,1.0,205.43,205.43,0.0
7591,PART7592,engine,BMW,2008,70.0,321.59,22511.3,
7592,PART7593,battery,Honda,2015,88.0,244.68,21531.84,1.0
7593,PART7594,tire,Volkswagen,2016,12.0,52.74,632.88,
7594,PART7595,tire,BMW,2008,82.0,371.45,30458.899999999998,1.0
7595,PART7596,brake,BMW,2018,23.0,131.9,3033.7000000000003,0.0
7596,PART7597,engine,Audi,2006,8.0,236.64,1893.12,
7597,PART7598,tire,Audi,2020,86.0,134.67,11581.619999999999,0.0
7598,PART7599,suspension,Audi,2014,7.0,271.86,1903.02,1.0
7599,PART7600,brake,Honda,2005,91.0,337.96,30754.359999999997,
7600,PART7601,engine,Ford,2010,66.0,173.05,11421.300000000001,1.0
7601,PART7602,engine,Toyota,2016,95.0,464.0,44080.0,1.0
7602,PART7603,engine,BMW,2018,48.0,80.02,3840.96,0.0
7603,PART7604,tire,BMW,2022,70.0,454.91,31843.7,1.0
7604,PART7605,battery,BMW,2019,72.0,148.83,10715.76,1.0
7605,PART7606,transmission,Honda,2018,40.0,161.97,6478.8,1.0
7606,PART7607,tire,Ford,2010,26.0,344.49,8956.74,0.0
7607,PART7608,suspension,Mercedes,2019,20.0,298.05,5961.0,
7608,PART7609,transmission,Toyota,2004,99.0,316.87,31370.13,0.0
7609,PART7610,transmission,Honda,2022,14.0,149.09,2087.26,0.0
7610,PART7611,engine,BMW,2019,68.0,486.0,33048.0,
7611,PART7612,brake,Volkswagen,2009,82.0,57.35,4702.7,
7612,PART7613,suspension,Honda,2011,89.0,235.78,20984.420000000002,0.0
7613,PART7614,engine,Honda,2003,37.0,402.43,14889.91,
7614,PART7615,battery,Honda,2021,67.0,468.01,31356.67,0.0
7615,PART7616,transmission,Mercedes,2020,53.0,496.91,26336.23,
7616,PART7617,suspension,Ford,2000,21.0,488.47,10257.87,0.0
7617,PART7618,engine,Toyota,2000,34.0,427.17,14523.78,1.0
7618,PART7619,suspension,Ford,2020,70.0,474.85,33239.5,
7619,PART7620,suspension,Honda,2015,73.0,54.41,3971.93,1.0
7620,PART7621,engine,Mercedes,2005,36.0,124.38,4477.68,1.0
7621,PART7622,engine,Volkswagen,2020,23.0,236.94,5449.62,0.0
7622,PART7623,engine,Volkswagen,2012,15.0,346.2,5193.0,1.0
7623,PART7624,battery,BMW,2020,32.0,310.08,9922.56,0.0
7624,PART7625,engine,Honda,2016,86.0,356.35,30646.100000000002,1.0
7625,PART7626,tire,Mercedes,2010,13.0,167.52,2177.76,1.0
7626,PART7627,tire,Audi,2004,46.0,258.59,11895.14,1.0
7627,PART7628,transmission,Volkswagen,2017,4.0,339.68,1358.72,
7628,PART7629,engine,BMW,2014,41.0,258.58,10601.779999999999,0.0
7629,PART7630,brake,Ford,2020,83.0,219.22,18195.26,1.0
7630,PART7631,battery,Volkswagen,2004,76.0,71.98,5470.4800000000005,0.0
7631,PART7632,brake,Mercedes,2016,39.0,415.66,16210.740000000002,0.0
7632,PART7633,battery,Toyota,2009,93.0,180.87,16820.91,0.0
7633,PART7634,brake,Ford,2005,59.0,94.35,5566.65,1.0
7634,PART7635,transmission,Audi,2020,81.0,333.25,26993.25,1.0
7635,PART7636,transmission,Volkswagen,2007,32.0,124.46,3982.72,
7636,PART7637,battery,Toyota,2009,62.0,65.24,4044.8799999999997,0.0
7637,PART7638,tire,Ford,2002,81.0,131.29,10634.49,0.0
7638,PART7639,battery,Toyota,2022,56.0,130.92,7331.5199999999995,0.0
7639,PART7640,brake,BMW,2022,82.0,435.34,35697.88,0.0
7640,PART7641,brake,Mercedes,2007,87.0,202.83,17646.210000000003,
7641,PART7642,engine,Honda,2000,67.0,401.1,26873.7,1.0
7642,PART7643,engine,Volkswagen,2011,69.0,157.37,10858.53,1.0
7643,PART7644,engine,Toyota,2013,53.0,477.79,25322.870000000003,0.0
7644,PART7645,tire,Ford,2014,47.0,320.48,15062.560000000001,0.0
7645,PART7646,brake,Audi,2004,42.0,323.63,13592.46,0.0
7646,PART7647,transmission,Toyota,2002,19.0,84.31,1601.89,0.0
7647,PART7648,engine,Audi,2021,59.0,223.2,13168.8,0.0
7648,PART7649,engine,Honda,2019,69.0,468.27,32310.629999999997,1.0
7649,PART7650,battery,Toyota,2003,66.0,402.02,26533.32,0.0
7650,PART7651,battery,Honda,2018,59.0,248.35,14652.65,0.0
7651,PART7652,transmission,BMW,2002,44.0,374.86,16493.84,
7652,PART7653,transmission,BMW,2000,58.0,65.01,3770.5800000000004,0.0
7653,PART7654,engine,Ford,2007,98.0,118.05,11568.9,
7654,PART7655,engine,Toyota,2004,57.0,141.83,8084.31,
7655,PART7656,engine,Mercedes,2014,2.0,69.92,139.84,
7656,PART7657,brake,Mercedes,2010,35.0,277.72,9720.2,1.0
7657,PART7658,battery,Mercedes,2009,14.0,105.61,1478.54,1.0
7658,PART7659,tire,Volkswagen,2002,81.0,136.5,11056.5,1.0
7659,PART7660,brake,Mercedes,2020,12.0,429.22,5150.64,
7660,PART7661,brake,Mercedes,2010,8.0,91.44,731.52,1.0
7661,PART7662,engine,Mercedes,2000,49.0,391.23,19170.27,1.0
7662,PART7663,tire,BMW,2015,12.0,164.06,1968.72,
7663,PART7664,engine,Volkswagen,2013,69.0,360.05,24843.45,0.0
7664,PART7665,transmission,BMW,2016,79.0,375.34,29651.859999999997,1.0
7665,PART7666,tire,Honda,2005,91.0,52.44,4772.04,0.0
7666,PART7667,battery,Honda,2007,13.0,281.21,3655.7299999999996,1.0
7667,PART7668,suspension,Toyota,2017,95.0,362.95,34480.25,1.0
7668,PART7669,tire,Mercedes,2018,1.0,285.23,285.23,1.0
7669,PART7670,engine,BMW,2000,9.0,295.89,2663.0099999999998,
7670,PART7671,transmission,Audi,2022,56.0,297.22,16644.32,1.0
7671,PART7672,tire,Honda,2018,59.0,496.34,29284.059999999998,1.0
7672,PART7673,suspension,BMW,2007,64.0,327.37,20951.68,0.0
7673,PART7674,engine,Mercedes,2016,22.0,464.69,10223.18,
7674,PART7675,suspension,Mercedes,2019,95.0,147.54,14016.3,0.0
7675,PART7676,battery,Honda,2011,73.0,310.34,22654.82,
7676,PART7677,brake,Honda,2010,76.0,285.44,21693.44,
7677,PART7678,tire,Ford,2019,42.0,92.48,3884.1600000000003,0.0
7678,PART7679,engine,Audi,2000,50.0,271.22,13561.000000000002,0.0
7679,PART7680,suspension,Audi,2007,86.0,480.93,41359.98,
7680,PART7681,suspension,Volkswagen,2022,81.0,370.21,29987.01,
7681,PART7682,tire,BMW,2001,24.0,394.55,9469.2,1.0
7682,PART7683,brake,Toyota,2003,35.0,469.62,16436.7,
7683,PART7684,brake,Mercedes,2015,2.0,104.1,208.2,1.0
7684,PART7685,battery,Volkswagen,2013,77.0,467.82,36022.14,
7685,PART7686,tire,BMW,2012,33.0,227.5,7507.5,0.0
7686,PART7687,transmission,Toyota,2016,85.0,478.18,40645.3,0.0
7687,PART7688,tire,BMW,2014,64.0,116.41,7450.24,1.0
7688,PART7689,brake,Honda,2011,5.0,317.99,1589.95,0.0
7689,PART7690,transmission,BMW,2012,85.0,93.07,7910.95,
7690,PART7691,battery,Audi,2011,17.0,360.47,6127.990000000001,
7691,PART7692,transmission,Toyota,2019,50.0,76.48,3824.0,
7692,PART7693,battery,BMW,2022,92.0,200.48,18444.16,1.0
7693,PART7694,battery,Mercedes,2016,88.0,140.23,12340.24,1.0
7694,PART7695,brake,Ford,2021,13.0,213.85,2780.0499999999997,
7695,PART7696,suspension,Toyota,2004,21.0,234.21,4918.41,1.0
7696,PART7697,suspension,Toyota,2011,3.0,358.93,1076.79,0.0
7697,PART7698,engine,Mercedes,2003,13.0,386.35,5022.55,1.0
7698,PART7699,brake,Toyota,2013,25.0,177.3,4432.5,1.0
7699,PART7700,engine,Honda,2018,64.0,278.48,17822.72,
7700,PART7701,battery,Audi,2022,4.0,442.71,1770.84,0.0
7701,PART7702,brake,Toyota,2016,11.0,355.46,3910.06,0.0
7702,PART7703,suspension,Toyota,2005,29.0,382.58,11094.82,1.0
7703,PART7704,battery,BMW,2013,39.0,61.48,2397.72,
7704,PART7705,brake,BMW,2019,18.0,156.46,2816.28,0.0
7705,PART7706,tire,Volkswagen,2006,98.0,395.17,38726.66,0.0
7706,PART7707,engine,Ford,2002,2.0,103.21,206.42,
7707,PART7708,suspension,Mercedes,2011,27.0,112.33,3032.91,
7708,PART7709,suspension,Audi,2004,44.0,226.36,9959.84,
7709,PART7710,tire,Toyota,2004,73.0,129.94,9485.619999999999,
7710,PART7711,brake,Ford,2006,46.0,418.45,19248.7,0.0
7711,PART7712,transmission,Volkswagen,2003,7.0,254.42,1780.9399999999998,
7712,PART7713,tire,Volkswagen,2018,19.0,371.09,7050.709999999999,
7713,PART7714,suspension,Toyota,2019,26.0,91.97,2391.22,
7714,PART7715,engine,Volkswagen,2018,30.0,175.14,5254.2,1.0
7715,PART7716,tire,Toyota,2021,97.0,62.19,6032.429999999999,0.0
7716,PART7717,tire,Volkswagen,2010,37.0,263.71,9757.269999999999,1.0
7717,PART7718,transmission,BMW,2005,4.0,79.24,316.96,1.0
7718,PART7719,brake,Ford,2010,71.0,232.98,16541.579999999998,1.0
7719,PART7720,tire,Audi,2001,89.0,168.78,15021.42,1.0
7720,PART7721,suspension,Honda,2008,5.0,478.97,2394.8500000000004,
7721,PART7722,brake,Volkswagen,2015,40.0,218.17,8726.8,1.0
7722,PART7723,engine,Toyota,2000,85.0,203.1,17263.5,0.0
7723,PART7724,tire,Honda,2010,78.0,190.22,14837.16,1.0
7724,PART7725,transmission,Audi,2010,90.0,246.92,22222.8,0.0
7725,PART7726,transmission,Audi,2006,85.0,452.28,38443.799999999996,0.0
7726,PART7727,battery,Mercedes,2006,23.0,57.16,1314.6799999999998,
7727,PART7728,tire,Audi,2021,41.0,141.85,5815.849999999999,1.0
7728,PART7729,suspension,Volkswagen,2012,33.0,219.32,7237.5599999999995,0.0
7729,PART7730,tire,Volkswagen,2001,59.0,359.77,21226.43,
7730,PART7731,battery,Audi,2012,72.0,212.68,15312.960000000001,0.0
7731,PART7732,engine,Audi,2016,5.0,279.33,1396.6499999999999,1.0
7732,PART7733,engine,BMW,2017,97.0,482.72,46823.840000000004,0.0
7733,PART7734,tire,Toyota,2010,76.0,384.47,29219.72,0.0
7734,PART7735,suspension,Honda,2006,5.0,406.43,2032.15,1.0
7735,PART7736,battery,Mercedes,2018,59.0,325.64,19212.76,0.0
7736,PART7737,transmission,Toyota,2006,37.0,391.2,14474.4,1.0
7737,PART7738,tire,Honda,2014,87.0,346.05,30106.350000000002,0.0
7738,PART7739,suspension,Mercedes,2004,29.0,204.57,5932.53,
7739,PART7740,transmission,Toyota,2019,41.0,390.31,16002.710000000001,1.0
7740,PART7741,suspension,Honda,2016,42.0,461.39,19378.38,0.0
7741,PART7742,tire,Ford,2001,55.0,263.4,14486.999999999998,
7742,PART7743,battery,Mercedes,2002,76.0,253.22,19244.72,
7743,PART7744,tire,Audi,2006,69.0,262.47,18110.43,0.0
7744,PART7745,engine,BMW,2003,34.0,316.22,10751.480000000001,1.0
7745,PART7746,suspension,Honda,2014,89.0,361.58,32180.62,1.0
7746,PART7747,suspension,Mercedes,2000,59.0,128.23,7565.57,0.0
7747,PART7748,transmission,Ford,2000,61.0,79.23,4833.030000000001,1.0
7748,PART7749,transmission,Mercedes,2014,94.0,347.75,32688.5,0.0
7749,PART7750,battery,BMW,2020,93.0,98.4,9151.2,
7750,PART7751,suspension,Ford,2012,57.0,65.7,3744.9,1.0
7751,PART7752,battery,Ford,2012,10.0,374.16,3741.6000000000004,0.0
7752,PART7753,engine,Toyota,2007,93.0,123.8,11513.4,
7753,PART7754,brake,Toyota,2011,83.0,69.15,5739.450000000001,
7754,PART7755,engine,BMW,2019,97.0,79.52,7713.44,0.0
7755,PART7756,suspension,Ford,2015,1.0,481.6,481.6,0.0
7756,PART7757,suspension,Ford,2021,51.0,339.64,17321.64,1.0
7757,PART7758,tire,Audi,2012,25.0,364.57,9114.25,
7758,PART7759,battery,Toyota,2018,32.0,91.6,2931.2,
7759,PART7760,tire,BMW,2000,17.0,452.16,7686.72,
7760,PART7761,brake,Toyota,2021,8.0,314.74,2517.92,
7761,PART7762,battery,Mercedes,2018,50.0,73.75,3687.5,1.0
7762,PART7763,engine,Toyota,2017,51.0,294.78,15033.779999999999,
7763,PART7764,tire,Ford,2013,2.0,325.71,651.42,
7764,PART7765,transmission,Ford,2007,38.0,124.69,4738.22,1.0
7765,PART7766,engine,Ford,2014,88.0,444.51,39116.88,1.0
7766,PART7767,engine,BMW,2007,71.0,416.17,29548.07,0.0
7767,PART7768,battery,Audi,2003,76.0,286.82,21798.32,0.0
7768,PART7769,tire,Ford,2017,6.0,426.09,2556.54,0.0
7769,PART7770,tire,Honda,2006,48.0,184.29,8845.92,1.0
7770,PART7771,transmission,Honda,2020,89.0,361.9,32209.1,0.0
7771,PART7772,tire,Mercedes,2019,14.0,282.6,3956.4000000000005,1.0
7772,PART7773,battery,Toyota,2018,65.0,340.63,22140.95,0.0
7773,PART7774,engine,Honda,2002,39.0,175.7,6852.299999999999,1.0
7774,PART7775,brake,Honda,2016,98.0,244.73,23983.539999999997,1.0
7775,PART7776,engine,Volkswagen,2013,25.0,285.9,7147.499999999999,
7776,PART7777,tire,Volkswagen,2016,76.0,311.02,23637.519999999997,1.0
7777,PART7778,battery,Toyota,2020,25.0,172.81,4320.25,
7778,PART7779,battery,Volkswagen,2011,28.0,149.54,4187.12,
7779,PART7780,battery,Toyota,2022,80.0,243.73,19498.399999999998,0.0
7780,PART7781,brake,Ford,2007,80.0,83.68,6694.400000000001,
7781,PART7782,transmission,Ford,2008,2.0,428.99,857.98,0.0
7782,PART7783,brake,Audi,2020,84.0,206.3,17329.2,1.0
7783,PART7784,brake,Mercedes,2001,59.0,303.02,17878.18,1.0
7784,PART7785,battery,Audi,2012,34.0,456.72,15528.480000000001,
7785,PART7786,tire,Audi,2017,65.0,63.71,4141.15,1.0
7786,PART7787,suspension,Mercedes,2020,2.0,411.8,823.6,
7787,PART7788,suspension,Ford,2019,68.0,321.11,21835.48,
7788,PART7789,battery,Toyota,2005,92.0,288.68,26558.56,
7789,PART7790,battery,Honda,2020,23.0,499.36,11485.28,0.0
7790,PART7791,engine,Honda,2022,76.0,107.36,8159.36,
7791,PART7792,engine,Toyota,2021,16.0,354.29,5668.64,0.0
7792,PART7793,tire,Ford,2010,4.0,451.95,1807.8,0.0
7793,PART7794,suspension,Volkswagen,2017,94.0,429.46,40369.24,0.0
7794,PART7795,tire,Toyota,2014,44.0,71.95,3165.8,
7795,PART7796,battery,BMW,2008,24.0,423.88,10173.119999999999,1.0
7796,PART7797,battery,Toyota,2022,3.0,55.57,166.71,
7797,PART7798,suspension,Toyota,2018,61.0,168.05,10251.050000000001,
7798,PART7799,suspension,BMW,2017,30.0,384.35,11530.5,0.0
7799,PART7800,brake,BMW,2012,11.0,353.09,3883.99,1.0
7800,PART7801,battery,Ford,2013,46.0,437.76,20136.96,1.0
7801,PART7802,suspension,Mercedes,2017,80.0,376.88,30150.4,
7802,PART7803,brake,Audi,2013,97.0,276.87,26856.39,0.0
7803,PART7804,tire,Toyota,2002,3.0,119.18,357.54,0.0
7804,PART7805,engine,Audi,2004,93.0,278.1,25863.300000000003,0.0
7805,PART7806,suspension,Honda,2002,33.0,220.04,7261.32,1.0
7806,PART7807,suspension,Ford,2006,70.0,477.55,33428.5,0.0
7807,PART7808,transmission,Audi,2004,41.0,165.16,6771.5599999999995,0.0
7808,PART7809,battery,Toyota,2014,40.0,362.87,14514.8,0.0
7809,PART7810,battery,Ford,2006,50.0,133.22,6661.0,
7810,PART7811,battery,Volkswagen,2014,82.0,220.59,18088.38,0.0
7811,PART7812,tire,Toyota,2018,91.0,186.77,16996.07,
7812,PART7813,brake,Audi,2001,22.0,136.89,3011.58,0.0
7813,PART7814,brake,Volkswagen,2008,56.0,338.04,18930.24,0.0
7814,PART7815,battery,Ford,2017,86.0,96.79,8323.94,
7815,PART7816,brake,Volkswagen,2001,43.0,76.12,3273.1600000000003,1.0
7816,PART7817,brake,Mercedes,2002,69.0,337.62,23295.78,1.0
7817,PART7818,tire,Ford,2004,52.0,267.6,13915.2,
7818,PART7819,transmission,BMW,2014,92.0,300.0,27600.0,
7819,PART7820,suspension,Mercedes,2005,74.0,229.38,16974.12,1.0
7820,PART7821,engine,Audi,2016,54.0,314.42,16978.68,1.0
7821,PART7822,brake,Volkswagen,2000,13.0,169.99,2209.87,0.0
7822,PART7823,brake,BMW,2015,53.0,329.29,17452.370000000003,1.0
7823,PART7824,tire,BMW,2011,72.0,231.05,16635.600000000002,1.0
7824,PART7825,tire,Volkswagen,2005,18.0,94.49,1700.82,
7825,PART7826,suspension,Volkswagen,2012,62.0,342.97,21264.140000000003,
7826,PART7827,tire,Volkswagen,2001,68.0,485.0,32980.0,0.0
7827,PART7828,tire,Mercedes,2014,18.0,376.63,6779.34,1.0
7828,PART7829,tire,Audi,2012,88.0,79.15,6965.200000000001,1.0
7829,PART7830,transmission,Volkswagen,2022,39.0,82.91,3233.49,0.0
7830,PART7831,brake,Volkswagen,2000,76.0,92.99,7067.24,0.0
7831,PART7832,transmission,Honda,2013,99.0,53.72,5318.28,0.0
7832,PART7833,transmission,BMW,2007,31.0,116.88,3623.2799999999997,1.0
7833,PART7834,suspension,Toyota,2004,53.0,286.17,15167.01,0.0
7834,PART7835,transmission,Ford,2002,98.0,265.43,26012.14,0.0
7835,PART7836,engine,Mercedes,2007,87.0,75.54,6571.9800000000005,0.0
7836,PART7837,transmission,Toyota,2008,39.0,423.44,16514.16,1.0
7837,PART7838,brake,Honda,2004,90.0,198.52,17866.8,
7838,PART7839,battery,Ford,2010,76.0,69.31,5267.56,0.0
7839,PART7840,suspension,Audi,2005,55.0,267.13,14692.15,
7840,PART7841,brake,Mercedes,2002,71.0,492.31,34954.01,0.0
7841,PART7842,engine,Toyota,2014,62.0,437.2,27106.399999999998,0.0
7842,PART7843,battery,Volkswagen,2005,89.0,245.52,21851.280000000002,
7843,PART7844,tire,Mercedes,2014,83.0,77.38,6422.54,0.0
7844,PART7845,brake,Volkswagen,2015,60.0,329.66,19779.600000000002,
7845,PART7846,engine,Toyota,2004,22.0,320.73,7056.06,1.0
7846,PART7847,transmission,Audi,2018,80.0,475.72,38057.600000000006,1.0
7847,PART7848,brake,Mercedes,2013,40.0,443.05,17722.0,1.0
7848,PART7849,suspension,Mercedes,2016,60.0,176.8,10608.0,
7849,PART7850,transmission,BMW,2020,70.0,72.4,5068.0,
7850,PART7851,engine,Audi,2002,45.0,476.98,21464.100000000002,
7851,PART7852,brake,Volkswagen,2003,10.0,187.26,1872.6,1.0
7852,PART7853,battery,Ford,2014,66.0,407.84,26917.44,
7853,PART7854,brake,Honda,2022,41.0,431.63,17696.829999999998,1.0
7854,PART7855,engine,Audi,2006,2.0,110.43,220.86,0.0
7855,PART7856,brake,Volkswagen,2010,75.0,94.35,7076.25,0.0
7856,PART7857,transmission,Volkswagen,2006,42.0,57.92,2432.64,0.0
7857,PART7858,tire,Volkswagen,2006,78.0,80.18,6254.040000000001,1.0
7858,PART7859,battery,Toyota,2009,44.0,420.76,18513.44,1.0
7859,PART7860,transmission,Ford,2004,30.0,246.02,7380.6,
7860,PART7861,transmission,Volkswagen,2022,12.0,92.71,1112.52,0.0
7861,PART7862,engine,Volkswagen,2000,31.0,218.79,6782.49,
7862,PART7863,battery,Honda,2019,86.0,345.03,29672.579999999998,0.0
7863,PART7864,battery,Audi,2014,74.0,143.57,10624.18,0.0
7864,PART7865,transmission,BMW,2018,85.0,272.06,23125.1,0.0
7865,PART7866,suspension,BMW,2021,40.0,499.34,19973.6,
7866,PART7867,transmission,Volkswagen,2021,69.0,290.6,20051.4,
7867,PART7868,tire,Mercedes,2008,3.0,71.63,214.89,
7868,PART7869,suspension,Toyota,2010,6.0,442.58,2655.48,1.0
7869,PART7870,transmission,Ford,2018,54.0,419.78,22668.12,
7870,PART7871,transmission,BMW,2021,83.0,299.35,24846.050000000003,0.0
7871,PART7872,suspension,Volkswagen,2012,80.0,202.72,16217.6,1.0
7872,PART7873,engine,Honda,2010,47.0,338.87,15926.89,1.0
7873,PART7874,transmission,Audi,2018,78.0,476.02,37129.56,
7874,PART7875,transmission,BMW,2014,89.0,448.85,39947.65,0.0
7875,PART7876,suspension,Honda,2018,99.0,311.62,30850.38,1.0
7876,PART7877,engine,Toyota,2020,26.0,102.92,2675.92,0.0
7877,PART7878,battery,BMW,2021,27.0,261.64,7064.28,
7878,PART7879,suspension,Volkswagen,2020,78.0,273.57,21338.46,1.0
7879,PART7880,battery,BMW,2013,96.0,332.51,31920.96,1.0
7880,PART7881,engine,Ford,2006,16.0,161.18,2578.88,1.0
7881,PART7882,battery,Toyota,2002,89.0,200.74,17865.86,0.0
7882,PART7883,battery,BMW,2020,13.0,83.68,1087.8400000000001,0.0
7883,PART7884,tire,Audi,2015,3.0,165.37,496.11,0.0
7884,PART7885,brake,BMW,2003,64.0,264.67,16938.88,
7885,PART7886,transmission,BMW,2008,90.0,269.98,24298.2,1.0
7886,PART7887,engine,Honda,2012,24.0,88.65,2127.6000000000004,1.0
7887,PART7888,transmission,Toyota,2011,12.0,416.52,4998.24,0.0
7888,PART7889,engine,Honda,2000,32.0,52.89,1692.48,
7889,PART7890,battery,Honda,2004,2.0,338.92,677.84,1.0
7890,PART7891,suspension,Toyota,2022,6.0,327.93,1967.58,1.0
7891,PART7892,suspension,BMW,2020,87.0,333.98,29056.260000000002,
7892,PART7893,transmission,Ford,2016,35.0,144.71,5064.85,0.0
7893,PART7894,battery,Toyota,2000,27.0,74.09,2000.43,0.0
7894,PART7895,tire,Mercedes,2008,4.0,213.1,852.4,0.0
7895,PART7896,tire,Toyota,2003,40.0,140.82,5632.799999999999,
7896,PART7897,brake,Ford,2011,84.0,377.2,31684.8,0.0
7897,PART7898,brake,Honda,2022,29.0,160.04,4641.16,0.0
7898,PART7899,suspension,Audi,2022,42.0,329.02,13818.84,
7899,PART7900,brake,Volkswagen,2000,99.0,98.53,9754.47,
7900,PART7901,tire,Honda,2020,95.0,499.27,47430.65,1.0
7901,PART7902,battery,Honda,2017,32.0,239.94,7678.08,1.0
7902,PART7903,tire,Mercedes,2020,36.0,92.52,3330.72,1.0
7903,PART7904,engine,Mercedes,2004,58.0,246.67,14306.859999999999,
7904,PART7905,brake,BMW,2007,74.0,304.46,22530.039999999997,0.0
7905,PART7906,battery,Audi,2009,35.0,246.58,8630.300000000001,1.0
7906,PART7907,battery,Volkswagen,2003,65.0,57.81,3757.65,0.0
7907,PART7908,transmission,Mercedes,2008,82.0,430.25,35280.5,
7908,PART7909,transmission,Honda,2020,43.0,180.01,7740.429999999999,0.0
7909,PART7910,battery,Volkswagen,2010,71.0,228.94,16254.74,
7910,PART7911,suspension,Toyota,2004,99.0,244.78,24233.22,
7911,PART7912,brake,Volkswagen,2009,50.0,150.17,7508.499999999999,0.0
7912,PART7913,brake,Audi,2020,59.0,281.37,16600.83,
7913,PART7914,tire,Mercedes,2015,75.0,324.31,24323.25,
7914,PART7915,brake,Mercedes,2001,29.0,288.46,8365.34,
7915,PART7916,transmission,Toyota,2017,92.0,222.31,20452.52,1.0
7916,PART7917,tire,BMW,2022,10.0,346.37,3463.7,1.0
7917,PART7918,battery,Audi,2008,27.0,134.03,3618.81,0.0
7918,PART7919,suspension,Audi,2010,83.0,356.3,29572.9,0.0
7919,PART7920,battery,Toyota,2006,83.0,164.7,13670.099999999999,0.0
7920,PART7921,brake,Ford,2008,15.0,334.45,5016.75,1.0
7921,PART7922,transmission,Audi,2013,16.0,494.58,7913.28,1.0
7922,PART7923,engine,Volkswagen,2016,69.0,412.77,28481.129999999997,
7923,PART7924,tire,Toyota,2000,98.0,409.32,40113.36,0.0
7924,PART7925,brake,Volkswagen,2021,70.0,210.55,14738.5,
7925,PART7926,suspension,Audi,2009,65.0,468.92,30479.8,1.0
7926,PART7927,tire,Toyota,2009,25.0,469.09,11727.25,
7927,PART7928,suspension,Audi,2008,80.0,51.82,4145.6,
7928,PART7929,battery,Audi,2004,90.0,225.71,20313.9,1.0
7929,PART7930,suspension,Toyota,2022,56.0,406.62,22770.72,0.0
7930,PART7931,tire,Volkswagen,2011,35.0,226.44,7925.4,1.0
7931,PART7932,transmission,Honda,2018,57.0,446.03,25423.71,0.0
7932,PART7933,suspension,Honda,2022,29.0,183.04,5308.16,0.0
7933,PART7934,tire,Toyota,2001,29.0,487.7,14143.3,
7934,PART7935,battery,Volkswagen,2015,71.0,319.37,22675.27,1.0
7935,PART7936,suspension,Toyota,2009,90.0,117.5,10575.0,0.0
7936,PART7937,brake,Mercedes,2001,19.0,258.91,4919.290000000001,
7937,PART7938,suspension,Ford,2011,26.0,205.83,5351.58,1.0
7938,PART7939,tire,BMW,2006,74.0,390.15,28871.1,0.0
7939,PART7940,brake,Audi,2012,18.0,315.74,5683.32,1.0
7940,PART7941,engine,BMW,2003,45.0,340.72,15332.400000000001,
7941,PART7942,battery,Audi,2009,5.0,158.15,790.75,0.0
7942,PART7943,brake,Mercedes,2020,22.0,225.92,4970.24,1.0
7943,PART7944,tire,BMW,2013,91.0,342.83,31197.53,0.0
7944,PART7945,transmission,Honda,2002,52.0,472.38,24563.76,1.0
7945,PART7946,transmission,Ford,2012,80.0,70.28,5622.4,1.0
7946,PART7947,tire,Volkswagen,2011,78.0,388.3,30287.4,0.0
7947,PART7948,battery,Volkswagen,2007,62.0,160.11,9926.820000000002,1.0
7948,PART7949,battery,BMW,2017,27.0,254.24,6864.4800000000005,
7949,PART7950,engine,Audi,2007,55.0,223.14,12272.699999999999,1.0
7950,PART7951,suspension,Ford,2015,7.0,344.19,2409.33,
7951,PART7952,brake,Ford,2005,83.0,175.14,14536.619999999999,0.0
7952,PART7953,engine,Toyota,2015,43.0,402.37,17301.91,0.0
7953,PART7954,engine,Audi,2009,74.0,208.83,15453.42,1.0
7954,PART7955,battery,Audi,2013,23.0,458.08,10535.84,0.0
7955,PART7956,battery,Toyota,2021,7.0,139.57,976.99,
7956,PART7957,engine,Toyota,2019,35.0,354.16,12395.6,0.0
7957,PART7958,suspension,Mercedes,2000,80.0,389.04,31123.2,0.0
7958,PART7959,transmission,Honda,2003,9.0,160.35,1443.1499999999999,
7959,PART7960,battery,Mercedes,2008,16.0,318.64,5098.24,1.0
7960,PART7961,transmission,BMW,2006,29.0,229.4,6652.6,1.0
7961,PART7962,transmission,Volkswagen,2007,47.0,397.2,18668.399999999998,
7962,PART7963,brake,BMW,2002,57.0,115.4,6577.8,1.0
7963,PART7964,suspension,BMW,2003,74.0,250.22,18516.28,0.0
7964,PART7965,suspension,Audi,2003,41.0,324.03,13285.23,
7965,PART7966,tire,BMW,2022,71.0,175.54,12463.34,
7966,PART7967,engine,Toyota,2006,31.0,427.54,13253.74,
7967,PART7968,tire,BMW,2000,77.0,354.04,27261.08,0.0
7968,PART7969,suspension,BMW,2021,55.0,53.18,2924.9,
7969,PART7970,transmission,Volkswagen,2019,18.0,254.31,4577.58,
7970,PART7971,transmission,Volkswagen,2015,95.0,264.95,25170.25,1.0
7971,PART7972,transmission,Volkswagen,2001,22.0,146.08,3213.76,0.0
7972,PART7973,tire,Toyota,2011,95.0,332.15,31554.249999999996,0.0
7973,PART7974,brake,Audi,2005,7.0,278.2,1947.3999999999999,0.0
7974,PART7975,transmission,Volkswagen,2022,74.0,301.73,22328.02,1.0
7975,PART7976,battery,Honda,2001,1.0,420.53,420.53,0.0
7976,PART7977,tire,Honda,2018,51.0,312.07,15915.57,1.0
7977,PART7978,engine,Mercedes,2013,51.0,460.65,23493.149999999998,0.0
7978,PART7979,engine,Toyota,2005,88.0,147.3,12962.400000000001,1.0
7979,PART7980,brake,Audi,2013,69.0,140.62,9702.78,1.0
7980,PART7981,brake,Toyota,2000,72.0,337.71,24315.12,1.0
7981,PART7982,suspension,Ford,2010,3.0,213.11,639.33,1.0
7982,PART7983,battery,Audi,2002,7.0,417.2,2920.4,1.0
7983,PART7984,engine,Volkswagen,2018,28.0,204.37,5722.360000000001,0.0
7984,PART7985,tire,Mercedes,2005,74.0,475.78,35207.72,1.0
7985,PART7986,suspension,Volkswagen,2010,97.0,50.32,4881.04,1.0
7986,PART7987,transmission,Audi,2016,12.0,143.91,1726.92,0.0
7987,PART7988,brake,Audi,2020,62.0,285.57,17705.34,1.0
7988,PART7989,battery,Volkswagen,2007,44.0,123.31,5425.64,1.0
7989,PART7990,transmission,Audi,2014,61.0,266.53,16258.329999999998,1.0
7990,PART7991,battery,Ford,2013,35.0,247.43,8660.050000000001,1.0
7991,PART7992,engine,Honda,2012,28.0,216.33,6057.240000000001,1.0
7992,PART7993,battery,Audi,2011,1.0,52.53,52.53,0.0
7993,PART7994,transmission,Audi,2009,43.0,73.7,3169.1,1.0
7994,PART7995,suspension,Toyota,2018,13.0,99.92,1298.96,1.0
7995,PART7996,transmission,Volkswagen,2005,78.0,248.45,19379.1,1.0
7996,PART7997,tire,BMW,2009,75.0,186.2,13965.0,
7997,PART7998,brake,Audi,2013,25.0,115.75,2893.75,
7998,PART7999,tire,Toyota,2017,12.0,284.7,3416.3999999999996,0.0
7999,PART8000,battery,Volkswagen,2008,57.0,371.06,21150.420000000002,
8000,PART8001,battery,Mercedes,2020,33.0,449.43,14831.19,
8001,PART8002,suspension,Honda,2003,84.0,364.54,30621.36,1.0
8002,PART8003,battery,Audi,2014,37.0,224.77,8316.49,1.0
8003,PART8004,tire,Audi,2019,42.0,448.27,18827.34,1.0
8004,PART8005,tire,BMW,2017,6.0,90.56,543.36,
8005,PART8006,battery,Audi,2016,2.0,277.75,555.5,0.0
8006,PART8007,brake,Ford,2008,39.0,342.58,13360.619999999999,
8007,PART8008,engine,Ford,2006,76.0,201.22,15292.72,
8008,PART8009,transmission,Toyota,2002,56.0,116.62,6530.72,1.0
8009,PART8010,suspension,Toyota,2012,11.0,75.69,832.5899999999999,1.0
8010,PART8011,tire,Toyota,2022,59.0,109.55,6463.45,1.0
8011,PART8012,suspension,Ford,2022,49.0,81.4,3988.6000000000004,1.0
8012,PART8013,tire,Mercedes,2000,23.0,256.6,5901.8,0.0
8013,PART8014,suspension,Toyota,2015,23.0,405.13,9317.99,0.0
8014,PART8015,tire,Honda,2008,87.0,245.19,21331.53,0.0
8015,PART8016,tire,Toyota,2015,52.0,56.41,2933.3199999999997,0.0
8016,PART8017,engine,BMW,2004,25.0,413.38,10334.5,1.0
8017,PART8018,battery,Toyota,2022,66.0,311.57,20563.62,1.0
8018,PART8019,battery,Audi,2011,48.0,441.85,21208.800000000003,
8019,PART8020,suspension,Honda,2005,43.0,54.38,2338.34,1.0
8020,PART8021,brake,Mercedes,2003,7.0,76.29,534.0300000000001,
8021,PART8022,engine,Audi,2017,8.0,99.43,795.44,0.0
8022,PART8023,suspension,Volkswagen,2016,36.0,412.64,14855.039999999999,0.0
8023,PART8024,tire,Honda,2020,95.0,225.56,21428.2,1.0
8024,PART8025,transmission,BMW,2018,89.0,50.63,4506.070000000001,0.0
8025,PART8026,transmission,Toyota,2004,96.0,178.4,17126.4,0.0
8026,PART8027,transmission,Audi,2008,75.0,265.35,19901.25,0.0
8027,PART8028,battery,Honda,2019,94.0,391.65,36815.1,0.0
8028,PART8029,transmission,Audi,2002,45.0,430.88,19389.6,1.0
8029,PART8030,suspension,Toyota,2003,82.0,445.82,36557.24,1.0
8030,PART8031,tire,Audi,2017,92.0,357.23,32865.16,1.0
8031,PART8032,tire,Ford,2000,41.0,302.02,12382.82,1.0
8032,PART8033,battery,Toyota,2015,59.0,439.55,25933.45,0.0
8033,PART8034,battery,Volkswagen,2009,72.0,371.47,26745.840000000004,
8034,PART8035,transmission,Audi,2017,65.0,168.05,10923.25,1.0
8035,PART8036,transmission,Volkswagen,2005,10.0,153.92,1539.1999999999998,0.0
8036,PART8037,battery,Mercedes,2003,40.0,364.76,14590.4,0.0
8037,PART8038,tire,BMW,2016,43.0,431.69,18562.67,1.0
8038,PART8039,transmission,BMW,2013,4.0,96.24,384.96,0.0
8039,PART8040,transmission,Audi,2012,11.0,489.97,5389.67,0.0
8040,PART8041,engine,Honda,2002,88.0,362.98,31942.24,
8041,PART8042,battery,Toyota,2020,41.0,103.98,4263.18,0.0
8042,PART8043,tire,Mercedes,2014,66.0,85.1,5616.599999999999,0.0
8043,PART8044,transmission,BMW,2011,40.0,221.56,8862.4,0.0
8044,PART8045,tire,Mercedes,2006,69.0,292.06,20152.14,0.0
8045,PART8046,transmission,BMW,2010,17.0,91.35,1552.9499999999998,1.0
8046,PART8047,engine,Mercedes,2001,3.0,495.43,1486.29,1.0
8047,PART8048,brake,BMW,2009,62.0,233.57,14481.34,
8048,PART8049,engine,Toyota,2003,65.0,292.09,18985.85,1.0
8049,PART8050,battery,BMW,2007,65.0,418.15,27179.75,1.0
8050,PART8051,transmission,Ford,2012,93.0,148.45,13805.849999999999,0.0
8051,PART8052,transmission,Toyota,2013,71.0,428.13,30397.23,0.0
8052,PART8053,engine,Audi,2011,27.0,67.17,1813.5900000000001,1.0
8053,PART8054,suspension,Ford,2011,68.0,352.33,23958.44,
8054,PART8055,suspension,Audi,2012,64.0,97.83,6261.12,0.0
8055,PART8056,suspension,Volkswagen,2014,78.0,352.63,27505.14,
8056,PART8057,tire,Honda,2002,44.0,142.17,6255.48,0.0
8057,PART8058,brake,Mercedes,2005,27.0,402.64,10871.279999999999,1.0
8058,PART8059,battery,Toyota,2006,11.0,414.5,4559.5,1.0
8059,PART8060,transmission,Volkswagen,2011,62.0,354.76,21995.12,1.0
8060,PART8061,brake,BMW,2021,78.0,251.48,19615.44,
8061,PART8062,suspension,Ford,2001,90.0,392.94,35364.6,1.0
8062,PART8063,transmission,Honda,2012,50.0,313.67,15683.5,
8063,PART8064,brake,BMW,2007,70.0,156.72,10970.4,
8064,PART8065,battery,Ford,2016,30.0,173.94,5218.2,
8065,PART8066,brake,Toyota,2015,39.0,298.52,11642.279999999999,0.0
8066,PART8067,brake,Honda,2012,63.0,418.07,26338.41,1.0
8067,PART8068,brake,Ford,2020,5.0,338.01,1690.05,0.0
8068,PART8069,tire,Volkswagen,2011,54.0,318.25,17185.5,0.0
8069,PART8070,suspension,Toyota,2016,87.0,211.18,18372.66,1.0
8070,PART8071,suspension,Toyota,2012,34.0,108.45,3687.3,1.0
8071,PART8072,brake,BMW,2015,65.0,256.09,16645.85,1.0
8072,PART8073,brake,Volkswagen,2002,89.0,220.78,19649.420000000002,
8073,PART8074,battery,Ford,2006,58.0,112.47,6523.26,1.0
8074,PART8075,battery,Volkswagen,2006,20.0,240.59,4811.8,
8075,PART8076,battery,BMW,2002,46.0,136.46,6277.160000000001,1.0
8076,PART8077,battery,BMW,2003,28.0,119.0,3332.0,0.0
8077,PART8078,battery,Toyota,2009,55.0,261.35,14374.250000000002,0.0
8078,PART8079,engine,Ford,2010,25.0,71.96,1798.9999999999998,0.0
8079,PART8080,battery,Ford,2007,85.0,209.87,17838.95,0.0
8080,PART8081,brake,Audi,2000,11.0,488.01,5368.11,1.0
8081,PART8082,brake,Toyota,2015,43.0,86.72,3728.96,
8082,PART8083,transmission,Volkswagen,2016,12.0,403.58,4842.96,1.0
8083,PART8084,brake,Mercedes,2019,53.0,464.68,24628.04,1.0
8084,PART8085,battery,Volkswagen,2008,59.0,178.93,10556.87,1.0
8085,PART8086,battery,Volkswagen,2005,5.0,479.21,2396.0499999999997,
8086,PART8087,tire,BMW,2007,52.0,316.2,16442.399999999998,1.0
8087,PART8088,tire,Ford,2010,78.0,247.06,19270.68,1.0
8088,PART8089,engine,Audi,2015,7.0,275.98,1931.8600000000001,0.0
8089,PART8090,transmission,Volkswagen,2020,26.0,254.29,6611.54,1.0
8090,PART8091,suspension,Toyota,2017,28.0,103.31,2892.6800000000003,
8091,PART8092,engine,Audi,2020,65.0,144.45,9389.25,1.0
8092,PART8093,transmission,Audi,2022,45.0,72.44,3259.7999999999997,0.0
8093,PART8094,suspension,Mercedes,2010,55.0,401.51,22083.05,1.0
8094,PART8095,brake,Mercedes,2015,24.0,82.04,1968.96,1.0
8095,PART8096,brake,Honda,2012,49.0,197.01,9653.49,1.0
8096,PART8097,suspension,BMW,2008,59.0,303.05,17879.95,0.0
8097,PART8098,tire,Volkswagen,2020,70.0,122.38,8566.6,1.0
8098,PART8099,engine,Volkswagen,2008,78.0,55.52,4330.56,0.0
8099,PART8100,battery,Ford,2006,77.0,181.49,13974.730000000001,0.0
8100,PART8101,engine,Volkswagen,2005,17.0,459.79,7816.43,0.0
8101,PART8102,tire,Ford,2022,28.0,297.68,8335.04,1.0
8102,PART8103,transmission,Honda,2019,97.0,185.94,18036.18,
8103,PART8104,engine,Volkswagen,2014,77.0,88.9,6845.3,0.0
8104,PART8105,suspension,Toyota,2002,14.0,191.21,2676.94,
8105,PART8106,tire,Honda,2003,62.0,422.05,26167.100000000002,0.0
8106,PART8107,suspension,Mercedes,2008,44.0,97.74,4300.5599999999995,1.0
8107,PART8108,brake,Volkswagen,2011,47.0,476.08,22375.76,0.0
8108,PART8109,battery,Volkswagen,2003,15.0,213.38,3200.7,0.0
8109,PART8110,brake,Honda,2018,10.0,83.13,831.3,0.0
8110,PART8111,brake,Volkswagen,2019,32.0,243.31,7785.92,0.0
8111,PART8112,suspension,Ford,2005,73.0,201.28,14693.44,0.0
8112,PART8113,engine,Mercedes,2021,26.0,335.62,8726.12,0.0
8113,PART8114,brake,BMW,2018,38.0,260.84,9911.919999999998,1.0
8114,PART8115,suspension,Audi,2002,97.0,290.63,28191.11,1.0
8115,PART8116,suspension,Toyota,2005,40.0,367.02,14680.8,0.0
8116,PART8117,transmission,Honda,2003,20.0,150.38,3007.6,0.0
8117,PART8118,transmission,Toyota,2005,87.0,321.83,27999.21,0.0
8118,PART8119,engine,Toyota,2020,77.0,133.28,10262.56,1.0
8119,PART8120,battery,Honda,2012,49.0,142.87,7000.63,1.0
8120,PART8121,engine,BMW,2000,25.0,410.91,10272.75,0.0
8121,PART8122,suspension,Volkswagen,2000,82.0,387.64,31786.48,1.0
8122,PART8123,engine,Audi,2013,91.0,288.46,26249.859999999997,0.0
8123,PART8124,suspension,Toyota,2004,26.0,451.77,11746.02,1.0
8124,PART8125,tire,Volkswagen,2000,20.0,236.37,4727.4,1.0
8125,PART8126,brake,Mercedes,2001,54.0,415.34,22428.359999999997,0.0
8126,PART8127,suspension,Ford,2020,79.0,206.06,16278.74,1.0
8127,PART8128,suspension,Toyota,2000,72.0,257.15,18514.8,1.0
8128,PART8129,suspension,Toyota,2016,44.0,411.07,18087.079999999998,1.0
8129,PART8130,tire,Audi,2008,80.0,134.54,10763.199999999999,
8130,PART8131,transmission,BMW,2007,84.0,83.59,7021.56,0.0
8131,PART8132,battery,Toyota,2003,14.0,383.57,5369.98,
8132,PART8133,transmission,Honda,2017,66.0,176.71,11662.86,1.0
8133,PART8134,battery,Honda,2014,9.0,298.93,2690.37,
8134,PART8135,transmission,Mercedes,2015,53.0,379.84,20131.52,
8135,PART8136,brake,Honda,2021,73.0,391.61,28587.530000000002,
8136,PART8137,engine,Volkswagen,2018,98.0,206.88,20274.239999999998,
8137,PART8138,brake,Mercedes,2002,67.0,162.02,10855.34,
8138,PART8139,engine,Mercedes,2020,34.0,469.13,15950.42,1.0
8139,PART8140,tire,Volkswagen,2012,18.0,484.43,8719.74,1.0
8140,PART8141,tire,Mercedes,2007,65.0,282.52,18363.8,0.0
8141,PART8142,battery,Volkswagen,2000,82.0,407.04,33377.28,
8142,PART8143,suspension,Mercedes,2020,55.0,92.95,5112.25,1.0
8143,PART8144,brake,Audi,2009,79.0,388.53,30693.87,1.0
8144,PART8145,tire,BMW,2019,51.0,93.53,4770.03,
8145,PART8146,suspension,Volkswagen,2010,21.0,377.44,7926.24,
8146,PART8147,suspension,Honda,2015,27.0,462.32,12482.64,0.0
8147,PART8148,transmission,Toyota,2021,10.0,273.02,2730.2,1.0
8148,PART8149,suspension,Honda,2009,45.0,138.19,6218.55,
8149,PART8150,engine,Volkswagen,2014,83.0,54.28,4505.24,1.0
8150,PART8151,suspension,BMW,2005,72.0,211.99,15263.28,1.0
8151,PART8152,suspension,Ford,2001,50.0,118.75,5937.5,1.0
8152,PART8153,battery,Toyota,2000,54.0,100.12,5406.4800000000005,
8153,PART8154,brake,Honda,2013,3.0,220.68,662.04,1.0
8154,PART8155,tire,Audi,2003,72.0,142.45,10256.4,0.0
8155,PART8156,engine,Audi,2002,11.0,273.05,3003.55,
8156,PART8157,engine,Honda,2016,60.0,330.35,19821.0,0.0
8157,PART8158,transmission,Ford,2015,85.0,362.13,30781.05,0.0
8158,PART8159,transmission,Mercedes,2020,58.0,400.32,23218.56,1.0
8159,PART8160,suspension,BMW,2003,95.0,335.46,31868.699999999997,1.0
8160,PART8161,brake,Volkswagen,2011,3.0,164.19,492.57,1.0
8161,PART8162,battery,Ford,2001,78.0,483.24,37692.72,0.0
8162,PART8163,battery,Volkswagen,2013,82.0,416.84,34180.88,1.0
8163,PART8164,brake,Volkswagen,2022,51.0,159.47,8132.97,1.0
8164,PART8165,transmission,Honda,2013,80.0,64.79,5183.200000000001,
8165,PART8166,brake,Honda,2011,40.0,489.59,19583.6,1.0
8166,PART8167,brake,Mercedes,2009,6.0,57.02,342.12,1.0
8167,PART8168,brake,Volkswagen,2010,44.0,364.96,16058.24,1.0
8168,PART8169,engine,Toyota,2022,49.0,61.27,3002.23,
8169,PART8170,suspension,Honda,2006,18.0,451.09,8119.62,0.0
8170,PART8171,tire,Audi,2022,55.0,119.46,6570.299999999999,1.0
8171,PART8172,suspension,Honda,2020,5.0,283.86,1419.3000000000002,1.0
8172,PART8173,engine,Ford,2018,12.0,423.35,5080.200000000001,1.0
8173,PART8174,engine,Honda,2012,41.0,189.93,7787.13,0.0
8174,PART8175,engine,Ford,2011,40.0,244.23,9769.199999999999,1.0
8175,PART8176,tire,Volkswagen,2009,67.0,116.43,7800.81,1.0
8176,PART8177,transmission,BMW,2016,91.0,478.47,43540.770000000004,0.0
8177,PART8178,suspension,Honda,2007,73.0,259.98,18978.54,1.0
8178,PART8179,transmission,Honda,2002,10.0,464.63,4646.3,0.0
8179,PART8180,brake,Mercedes,2014,81.0,194.95,15790.949999999999,1.0
8180,PART8181,transmission,Mercedes,2018,36.0,129.19,4650.84,1.0
8181,PART8182,suspension,Volkswagen,2013,29.0,408.63,11850.27,0.0
8182,PART8183,transmission,Mercedes,2010,10.0,332.38,3323.8,0.0
8183,PART8184,transmission,BMW,2022,67.0,295.88,19823.96,0.0
8184,PART8185,brake,Volkswagen,2011,45.0,272.97,12283.650000000001,1.0
8185,PART8186,battery,Volkswagen,2008,11.0,316.59,3482.49,1.0
8186,PART8187,transmission,BMW,2004,61.0,125.19,7636.59,0.0
8187,PART8188,transmission,Honda,2011,65.0,306.44,19918.6,
8188,PART8189,tire,Toyota,2010,17.0,481.71,8189.07,1.0
8189,PART8190,transmission,Volkswagen,2018,83.0,308.25,25584.75,0.0
8190,PART8191,transmission,Audi,2021,59.0,375.96,22181.64,1.0
8191,PART8192,transmission,Volkswagen,2007,50.0,108.22,5411.0,0.0
8192,PART8193,suspension,Toyota,2005,4.0,169.26,677.04,1.0
8193,PART8194,transmission,Audi,2022,17.0,359.27,6107.59,0.0
8194,PART8195,suspension,Honda,2002,34.0,316.99,10777.66,
8195,PART8196,suspension,BMW,2009,12.0,348.35,4180.200000000001,0.0
8196,PART8197,tire,BMW,2012,96.0,308.78,29642.879999999997,1.0
8197,PART8198,brake,Honda,2006,72.0,359.85,25909.2,0.0
8198,PART8199,transmission,Toyota,2021,95.0,298.85,28390.750000000004,1.0
8199,PART8200,tire,Toyota,2007,48.0,299.81,14390.880000000001,
8200,PART8201,tire,Audi,2018,69.0,393.39,27143.91,
8201,PART8202,tire,Honda,2006,38.0,217.81,8276.78,1.0
8202,PART8203,tire,Honda,2021,76.0,482.04,36635.04,0.0
8203,PART8204,suspension,Toyota,2021,84.0,308.21,25889.64,1.0
8204,PART8205,tire,Toyota,2019,38.0,419.73,15949.740000000002,1.0
8205,PART8206,transmission,Audi,2007,22.0,318.63,7009.86,0.0
8206,PART8207,suspension,Toyota,2016,43.0,196.3,8440.9,1.0
8207,PART8208,tire,Volkswagen,2010,53.0,381.56,20222.68,0.0
8208,PART8209,transmission,Audi,2003,35.0,335.68,11748.800000000001,1.0
8209,PART8210,tire,Volkswagen,2015,79.0,129.0,10191.0,
8210,PART8211,suspension,Volkswagen,2008,37.0,442.0,16354.0,1.0
8211,PART8212,brake,Mercedes,2018,54.0,123.0,6642.0,
8212,PART8213,engine,Honda,2021,47.0,314.91,14800.77,1.0
8213,PART8214,tire,Volkswagen,2009,58.0,185.54,10761.32,
8214,PART8215,battery,BMW,2015,43.0,396.04,17029.72,0.0
8215,PART8216,tire,Mercedes,2009,7.0,449.46,3146.22,
8216,PART8217,battery,BMW,2003,78.0,450.99,35177.22,1.0
8217,PART8218,tire,Toyota,2012,2.0,328.66,657.32,0.0
8218,PART8219,suspension,Volkswagen,2012,99.0,89.66,8876.34,0.0
8219,PART8220,battery,Ford,2000,65.0,56.04,3642.6,0.0
8220,PART8221,transmission,Mercedes,2002,80.0,60.95,4876.0,0.0
8221,PART8222,brake,BMW,2012,26.0,359.47,9346.220000000001,0.0
8222,PART8223,transmission,Volkswagen,2013,7.0,276.73,1937.1100000000001,0.0
8223,PART8224,transmission,Toyota,2013,9.0,355.42,3198.78,0.0
8224,PART8225,tire,Toyota,2003,67.0,347.09,23255.03,1.0
8225,PART8226,engine,BMW,2016,78.0,187.16,14598.48,1.0
8226,PART8227,suspension,Audi,2017,94.0,168.92,15878.48,
8227,PART8228,brake,Toyota,2010,3.0,425.89,1277.67,0.0
8228,PART8229,suspension,Audi,2004,10.0,274.41,2744.1000000000004,1.0
8229,PART8230,engine,Audi,2007,49.0,337.85,16554.65,1.0
8230,PART8231,brake,Ford,2017,7.0,281.38,1969.6599999999999,0.0
8231,PART8232,battery,Ford,2003,84.0,287.32,24134.88,1.0
8232,PART8233,suspension,Volkswagen,2012,91.0,98.48,8961.68,0.0
8233,PART8234,battery,Toyota,2022,93.0,393.21,36568.53,1.0
8234,PART8235,battery,Ford,2018,72.0,104.31,7510.32,
8235,PART8236,tire,BMW,2005,62.0,125.76,7797.12,
8236,PART8237,battery,Toyota,2017,57.0,86.49,4929.929999999999,1.0
8237,PART8238,tire,Mercedes,2020,80.0,123.19,9855.2,1.0
8238,PART8239,brake,Toyota,2001,93.0,293.85,27328.050000000003,
8239,PART8240,suspension,Mercedes,2001,72.0,360.96,25989.12,
8240,PART8241,tire,Toyota,2009,12.0,247.79,2973.48,0.0
8241,PART8242,battery,Toyota,2007,34.0,323.84,11010.56,
8242,PART8243,battery,Toyota,2010,7.0,365.49,2558.4300000000003,
8243,PART8244,brake,BMW,2013,36.0,62.53,2251.08,
8244,PART8245,brake,Honda,2005,32.0,71.38,2284.16,1.0
8245,PART8246,suspension,Honda,2000,47.0,454.26,21350.22,0.0
8246,PART8247,brake,Audi,2000,64.0,443.85,28406.4,
8247,PART8248,battery,Honda,2013,56.0,360.72,20200.32,1.0
8248,PART8249,battery,BMW,2013,11.0,412.63,4538.93,1.0
8249,PART8250,transmission,Volkswagen,2017,88.0,114.11,10041.68,1.0
8250,PART8251,brake,BMW,2005,51.0,313.66,15996.660000000002,0.0
8251,PART8252,suspension,Mercedes,2015,38.0,368.13,13988.94,0.0
8252,PART8253,battery,Audi,2001,35.0,125.84,4404.400000000001,
8253,PART8254,transmission,Mercedes,2011,20.0,132.63,2652.6,0.0
8254,PART8255,suspension,Toyota,2013,40.0,480.4,19216.0,
8255,PART8256,transmission,Toyota,2022,24.0,184.76,4434.24,0.0
8256,PART8257,battery,Ford,2010,78.0,168.45,13139.099999999999,
8257,PART8258,tire,Mercedes,2020,67.0,86.09,5768.030000000001,1.0
8258,PART8259,suspension,Volkswagen,2014,10.0,238.42,2384.2,1.0
8259,PART8260,tire,Toyota,2000,12.0,496.65,5959.799999999999,0.0
8260,PART8261,tire,Audi,2022,12.0,221.75,2661.0,1.0
8261,PART8262,battery,Audi,2000,2.0,261.07,522.14,
8262,PART8263,suspension,Honda,2003,61.0,150.96,9208.560000000001,
8263,PART8264,suspension,BMW,2016,99.0,250.59,24808.41,1.0
8264,PART8265,brake,BMW,2003,32.0,178.58,5714.56,1.0
8265,PART8266,tire,Audi,2009,21.0,132.95,2791.95,1.0
8266,PART8267,tire,Audi,2022,48.0,299.98,14399.04,
8267,PART8268,battery,Toyota,2000,19.0,421.25,8003.75,1.0
8268,PART8269,suspension,Volkswagen,2018,84.0,168.87,14185.08,1.0
8269,PART8270,battery,Honda,2011,71.0,286.15,20316.649999999998,
8270,PART8271,suspension,Audi,2001,92.0,248.03,22818.76,0.0
8271,PART8272,suspension,Mercedes,2007,47.0,322.44,15154.68,
8272,PART8273,tire,Ford,2012,86.0,215.05,18494.3,1.0
8273,PART8274,engine,Audi,2007,83.0,473.16,39272.28,0.0
8274,PART8275,brake,Ford,2004,43.0,471.02,20253.86,0.0
8275,PART8276,battery,Mercedes,2006,85.0,327.72,27856.2,1.0
8276,PART8277,brake,Mercedes,2014,84.0,292.6,24578.4,0.0
8277,PART8278,tire,Honda,2021,95.0,454.11,43140.450000000004,1.0
8278,PART8279,battery,Volkswagen,2004,37.0,201.04,7438.48,0.0
8279,PART8280,brake,Audi,2003,12.0,174.21,2090.52,1.0
8280,PART8281,transmission,Audi,2015,95.0,68.76,6532.200000000001,
8281,PART8282,engine,Toyota,2006,20.0,218.22,4364.4,0.0
8282,PART8283,battery,BMW,2019,26.0,339.21,8819.46,1.0
8283,PART8284,suspension,Ford,2014,32.0,308.5,9872.0,1.0
8284,PART8285,suspension,BMW,2010,55.0,296.06,16283.3,
8285,PART8286,transmission,Audi,2010,74.0,437.97,32409.780000000002,1.0
8286,PART8287,engine,Volkswagen,2020,19.0,366.67,6966.7300000000005,0.0
8287,PART8288,brake,Volkswagen,2002,81.0,253.82,20559.42,
8288,PART8289,transmission,Ford,2006,5.0,216.93,1084.65,
8289,PART8290,tire,Audi,2022,35.0,191.4,6699.0,1.0
8290,PART8291,transmission,Mercedes,2004,79.0,260.57,20585.03,
8291,PART8292,tire,BMW,2011,25.0,411.14,10278.5,0.0
8292,PART8293,battery,Honda,2007,40.0,424.16,16966.4,0.0
8293,PART8294,battery,Ford,2010,19.0,294.89,5602.91,1.0
8294,PART8295,brake,Toyota,2002,72.0,121.16,8723.52,1.0
8295,PART8296,tire,Mercedes,2019,16.0,309.94,4959.04,
8296,PART8297,engine,Mercedes,2013,52.0,494.1,25693.2,
8297,PART8298,engine,Honda,2003,91.0,335.92,30568.72,0.0
8298,PART8299,battery,Audi,2006,65.0,132.07,8584.55,
8299,PART8300,transmission,Audi,2001,10.0,288.92,2889.2000000000003,
8300,PART8301,engine,Honda,2007,77.0,492.91,37954.07,1.0
8301,PART8302,transmission,Mercedes,2015,79.0,272.6,21535.4,
8302,PART8303,battery,BMW,2015,37.0,323.66,11975.42,
8303,PART8304,brake,Mercedes,2002,31.0,381.97,11841.070000000002,1.0
8304,PART8305,tire,BMW,2013,73.0,481.84,35174.32,
8305,PART8306,battery,Mercedes,2008,55.0,303.14,16672.7,
8306,PART8307,suspension,Ford,2003,66.0,288.5,19041.0,
8307,PART8308,suspension,Toyota,2022,7.0,129.76,908.3199999999999,
8308,PART8309,transmission,Honda,2019,26.0,438.02,11388.52,
8309,PART8310,tire,Toyota,2000,94.0,490.49,46106.06,
8310,PART8311,tire,Ford,2014,70.0,378.7,26509.0,0.0
8311,PART8312,transmission,Toyota,2016,20.0,272.14,5442.799999999999,
8312,PART8313,battery,Volkswagen,2019,13.0,476.98,6200.74,1.0
8313,PART8314,brake,Toyota,2007,14.0,266.5,3731.0,1.0
8314,PART8315,suspension,Mercedes,2000,83.0,328.87,27296.21,1.0
8315,PART8316,tire,Ford,2007,48.0,208.35,10000.8,
8316,PART8317,suspension,Volkswagen,2022,24.0,137.67,3304.08,1.0
8317,PART8318,suspension,Toyota,2007,92.0,185.93,17105.56,0.0
8318,PART8319,battery,Volkswagen,2009,67.0,391.84,26253.28,0.0
8319,PART8320,suspension,Audi,2006,60.0,308.92,18535.2,0.0
8320,PART8321,battery,Audi,2020,1.0,149.47,149.47,0.0
8321,PART8322,tire,Toyota,2007,26.0,421.26,10952.76,1.0
8322,PART8323,engine,Audi,2000,3.0,261.38,784.14,0.0
8323,PART8324,engine,Toyota,2014,99.0,497.84,49286.159999999996,
8324,PART8325,tire,BMW,2016,4.0,466.65,1866.6,1.0
8325,PART8326,suspension,Volkswagen,2021,63.0,497.57,31346.91,
8326,PART8327,tire,Audi,2011,79.0,235.94,18639.26,0.0
8327,PART8328,suspension,Ford,2017,91.0,90.01,8190.910000000001,0.0
8328,PART8329,tire,Ford,2006,13.0,209.49,2723.37,1.0
8329,PART8330,battery,Audi,2003,4.0,60.55,242.2,1.0
8330,PART8331,brake,Honda,2016,57.0,278.76,15889.32,0.0
8331,PART8332,tire,BMW,2016,89.0,468.99,41740.11,1.0
8332,PART8333,battery,Ford,2019,51.0,216.72,11052.72,1.0
8333,PART8334,tire,Mercedes,2013,89.0,439.16,39085.240000000005,0.0
8334,PART8335,brake,Volkswagen,2005,55.0,375.37,20645.35,0.0
8335,PART8336,engine,Toyota,2022,95.0,376.21,35739.95,1.0
8336,PART8337,brake,Audi,2019,46.0,143.59,6605.14,1.0
8337,PART8338,engine,Toyota,2018,50.0,116.25,5812.5,
8338,PART8339,tire,Mercedes,2014,17.0,390.67,6641.39,0.0
8339,PART8340,suspension,Mercedes,2013,84.0,286.2,24040.8,
8340,PART8341,transmission,Audi,2015,4.0,389.57,1558.28,0.0
8341,PART8342,brake,Audi,2013,96.0,221.83,21295.68,1.0
8342,PART8343,suspension,BMW,2022,35.0,167.12,5849.2,1.0
8343,PART8344,brake,Audi,2013,35.0,464.99,16274.65,0.0
8344,PART8345,transmission,Honda,2016,98.0,51.74,5070.52,1.0
8345,PART8346,brake,Volkswagen,2021,76.0,253.6,19273.6,1.0
8346,PART8347,transmission,Honda,2017,9.0,483.23,4349.07,1.0
8347,PART8348,tire,Ford,2001,96.0,216.32,20766.72,
8348,PART8349,engine,Volkswagen,2012,38.0,111.56,4239.28,
8349,PART8350,tire,Audi,2004,66.0,488.47,32239.02,
8350,PART8351,brake,Mercedes,2018,65.0,382.34,24852.1,
8351,PART8352,tire,Toyota,2021,94.0,395.71,37196.74,1.0
8352,PART8353,brake,Ford,2005,13.0,96.37,1252.81,1.0
8353,PART8354,battery,Ford,2010,55.0,90.58,4981.9,0.0
8354,PART8355,transmission,Mercedes,2020,13.0,226.14,2939.8199999999997,0.0
8355,PART8356,brake,Mercedes,2010,38.0,448.27,17034.26,0.0
8356,PART8357,transmission,BMW,2004,9.0,78.96,710.64,1.0
8357,PART8358,engine,Audi,2005,94.0,455.22,42790.68,1.0
8358,PART8359,transmission,Mercedes,2008,41.0,324.63,13309.83,1.0
8359,PART8360,brake,Ford,2019,71.0,214.51,15230.21,1.0
8360,PART8361,tire,Audi,2001,94.0,474.17,44571.98,
8361,PART8362,battery,Audi,2002,83.0,220.9,18334.7,1.0
8362,PART8363,transmission,BMW,2005,82.0,153.7,12603.4,0.0
8363,PART8364,brake,Honda,2014,80.0,459.41,36752.8,0.0
8364,PART8365,suspension,Honda,2012,65.0,338.68,22014.2,0.0
8365,PART8366,tire,Volkswagen,2004,8.0,397.2,3177.6,0.0
8366,PART8367,transmission,Mercedes,2010,67.0,50.24,3366.08,
8367,PART8368,tire,Mercedes,2020,39.0,419.89,16375.71,0.0
8368,PART8369,tire,Audi,2016,94.0,488.19,45889.86,
8369,PART8370,transmission,Ford,2006,82.0,340.12,27889.84,0.0
8370,PART8371,engine,Volkswagen,2013,68.0,371.62,25270.16,1.0
8371,PART8372,battery,Mercedes,2016,40.0,381.17,15246.800000000001,0.0
8372,PART8373,tire,BMW,2010,89.0,99.62,8866.18,
8373,PART8374,tire,BMW,2007,48.0,452.3,21710.4,
8374,PART8375,engine,Audi,2001,17.0,113.83,1935.11,
8375,PART8376,engine,Ford,2001,60.0,327.92,19675.2,0.0
8376,PART8377,battery,Toyota,2000,4.0,151.08,604.32,0.0
8377,PART8378,suspension,Toyota,2010,3.0,316.62,949.86,
8378,PART8379,brake,Toyota,2011,82.0,187.3,15358.6,1.0
8379,PART8380,brake,Toyota,2020,54.0,162.61,8780.94,0.0
8380,PART8381,suspension,Mercedes,2021,19.0,364.61,6927.59,0.0
8381,PART8382,transmission,Toyota,2010,24.0,409.25,9822.0,1.0
8382,PART8383,suspension,BMW,2006,42.0,151.55,6365.1,
8383,PART8384,tire,Audi,2001,26.0,125.68,3267.6800000000003,1.0
8384,PART8385,suspension,Audi,2019,88.0,258.47,22745.36,
8385,PART8386,brake,Toyota,2007,15.0,408.0,6120.0,1.0
8386,PART8387,brake,BMW,2022,95.0,309.81,29431.95,1.0
8387,PART8388,engine,Honda,2014,26.0,380.77,9900.02,
8388,PART8389,brake,Honda,2016,41.0,334.03,13695.23,1.0
8389,PART8390,battery,Audi,2019,61.0,197.92,12073.119999999999,0.0
8390,PART8391,brake,Honda,2022,25.0,319.9,7997.499999999999,
8391,PART8392,tire,Volkswagen,2020,2.0,435.03,870.06,
8392,PART8393,tire,BMW,2013,15.0,165.66,2484.9,0.0
8393,PART8394,tire,Honda,2012,43.0,244.14,10498.019999999999,0.0
8394,PART8395,transmission,Toyota,2009,52.0,460.27,23934.04,0.0
8395,PART8396,battery,Toyota,2019,86.0,204.71,17605.06,0.0
8396,PART8397,tire,Honda,2011,46.0,483.35,22234.100000000002,1.0
8397,PART8398,transmission,Toyota,2001,75.0,436.85,32763.75,1.0
8398,PART8399,tire,Toyota,2019,6.0,296.96,1781.7599999999998,0.0
8399,PART8400,engine,Toyota,2014,45.0,123.66,5564.7,0.0
8400,PART8401,battery,BMW,2013,34.0,460.72,15664.480000000001,1.0
8401,PART8402,engine,Mercedes,2004,17.0,392.63,6674.71,1.0
8402,PART8403,battery,Mercedes,2009,65.0,236.3,15359.5,1.0
8403,PART8404,tire,Volkswagen,2010,97.0,248.26,24081.219999999998,
8404,PART8405,brake,BMW,2006,91.0,217.0,19747.0,0.0
8405,PART8406,battery,Honda,2001,54.0,282.17,15237.18,
8406,PART8407,tire,Mercedes,2003,16.0,104.02,1664.32,0.0
8407,PART8408,brake,Volkswagen,2003,64.0,58.5,3744.0,0.0
8408,PART8409,brake,Toyota,2000,14.0,393.62,5510.68,0.0
8409,PART8410,suspension,Ford,2016,68.0,171.05,11631.400000000001,1.0
8410,PART8411,battery,Honda,2016,30.0,226.88,6806.4,0.0
8411,PART8412,engine,Toyota,2015,96.0,159.45,15307.199999999999,1.0
8412,PART8413,suspension,Audi,2006,51.0,114.41,5834.91,1.0
8413,PART8414,battery,Honda,2008,72.0,261.13,18801.36,0.0
8414,PART8415,brake,Volkswagen,2021,6.0,260.91,1565.46,0.0
8415,PART8416,tire,BMW,2010,79.0,341.66,26991.140000000003,
8416,PART8417,tire,Audi,2006,27.0,411.84,11119.679999999998,0.0
8417,PART8418,brake,Ford,2010,90.0,377.04,33933.6,
8418,PART8419,battery,Toyota,2022,4.0,130.14,520.56,0.0
8419,PART8420,engine,Toyota,2003,68.0,451.13,30676.84,0.0
8420,PART8421,transmission,Honda,2020,17.0,50.73,862.41,
8421,PART8422,engine,Mercedes,2011,74.0,333.46,24676.039999999997,0.0
8422,PART8423,tire,Toyota,2002,57.0,430.91,24561.870000000003,1.0
8423,PART8424,battery,Ford,2018,60.0,321.0,19260.0,0.0
8424,PART8425,battery,Mercedes,2002,15.0,94.02,1410.3,0.0
8425,PART8426,suspension,Audi,2010,33.0,497.14,16405.62,0.0
8426,PART8427,transmission,Volkswagen,2015,91.0,188.47,17150.77,1.0
8427,PART8428,battery,Volkswagen,2008,29.0,284.65,8254.849999999999,0.0
8428,PART8429,tire,Toyota,2016,58.0,273.64,15871.119999999999,
8429,PART8430,engine,Ford,2010,43.0,321.9,13841.699999999999,0.0
8430,PART8431,tire,Mercedes,2011,65.0,139.8,9087.0,0.0
8431,PART8432,engine,BMW,2010,92.0,140.02,12881.84,0.0
8432,PART8433,battery,Toyota,2006,79.0,310.18,24504.22,0.0
8433,PART8434,suspension,Honda,2007,39.0,444.79,17346.81,1.0
8434,PART8435,tire,Audi,2002,74.0,243.83,18043.420000000002,1.0
8435,PART8436,engine,Audi,2022,47.0,104.97,4933.59,1.0
8436,PART8437,brake,Volkswagen,2000,39.0,262.19,10225.41,1.0
8437,PART8438,transmission,Toyota,2019,80.0,436.94,34955.2,0.0
8438,PART8439,engine,BMW,2012,91.0,324.04,29487.640000000003,1.0
8439,PART8440,transmission,Audi,2006,32.0,213.52,6832.64,
8440,PART8441,battery,Audi,2020,26.0,60.64,1576.64,
8441,PART8442,brake,Audi,2006,71.0,493.84,35062.64,0.0
8442,PART8443,engine,Audi,2019,14.0,261.99,3667.86,1.0
8443,PART8444,engine,Mercedes,2001,5.0,459.29,2296.4500000000003,1.0
8444,PART8445,tire,Audi,2003,22.0,211.45,4651.9,0.0
8445,PART8446,tire,Ford,2007,85.0,468.66,39836.1,1.0
8446,PART8447,battery,BMW,2003,56.0,256.85,14383.600000000002,0.0
8447,PART8448,brake,Ford,2012,60.0,342.14,20528.399999999998,1.0
8448,PART8449,transmission,Toyota,2014,30.0,204.51,6135.299999999999,1.0
8449,PART8450,brake,Volkswagen,2002,93.0,361.51,33620.43,
8450,PART8451,engine,Mercedes,2011,6.0,406.89,2441.34,
8451,PART8452,brake,Honda,2016,62.0,189.31,11737.22,0.0
8452,PART8453,battery,Mercedes,2006,2.0,150.61,301.22,1.0
8453,PART8454,transmission,BMW,2013,9.0,491.22,4420.9800000000005,1.0
8454,PART8455,engine,Ford,2018,83.0,406.29,33722.07,
8455,PART8456,battery,Mercedes,2000,14.0,293.1,4103.400000000001,
8456,PART8457,battery,Audi,2018,41.0,381.91,15658.310000000001,0.0
8457,PART8458,engine,BMW,2005,75.0,52.19,3914.25,1.0
8458,PART8459,transmission,Ford,2005,26.0,286.38,7445.88,1.0
8459,PART8460,engine,Ford,2019,14.0,321.22,4497.08,
8460,PART8461,tire,Honda,2004,47.0,247.37,11626.39,0.0
8461,PART8462,engine,Audi,2008,41.0,116.33,4769.53,1.0
8462,PART8463,suspension,Toyota,2000,91.0,241.08,21938.280000000002,
8463,PART8464,battery,BMW,2008,25.0,391.01,9775.25,1.0
8464,PART8465,battery,Audi,2001,79.0,231.82,18313.78,
8465,PART8466,transmission,BMW,2014,78.0,256.02,19969.559999999998,
8466,PART8467,battery,Toyota,2022,40.0,469.42,18776.8,
8467,PART8468,battery,Audi,2016,15.0,466.53,6997.95,1.0
8468,PART8469,tire,Toyota,2020,18.0,444.55,8001.900000000001,
8469,PART8470,brake,Toyota,2007,63.0,68.47,4313.61,1.0
8470,PART8471,suspension,BMW,2005,4.0,57.64,230.56,
8471,PART8472,transmission,Volkswagen,2003,41.0,493.28,20224.48,1.0
8472,PART8473,suspension,Audi,2021,38.0,275.75,10478.5,0.0
8473,PART8474,battery,Ford,2014,55.0,446.36,24549.8,0.0
8474,PART8475,suspension,Ford,2018,62.0,184.18,11419.16,0.0
8475,PART8476,tire,Ford,2018,22.0,469.26,10323.72,1.0
8476,PART8477,brake,Audi,2001,10.0,427.52,4275.2,
8477,PART8478,brake,BMW,2018,15.0,156.58,2348.7000000000003,0.0
8478,PART8479,transmission,Toyota,2021,75.0,185.2,13890.0,0.0
8479,PART8480,brake,Mercedes,2009,30.0,265.03,7950.9,1.0
8480,PART8481,brake,Mercedes,2004,59.0,149.57,8824.63,
8481,PART8482,suspension,BMW,2006,95.0,190.56,18103.2,1.0
8482,PART8483,engine,BMW,2014,62.0,381.99,23683.38,0.0
8483,PART8484,engine,Volkswagen,2014,28.0,266.28,7455.839999999999,1.0
8484,PART8485,battery,BMW,2006,79.0,458.11,36190.69,0.0
8485,PART8486,tire,Toyota,2020,39.0,449.71,17538.69,0.0
8486,PART8487,brake,Volkswagen,2008,15.0,470.06,7050.9,0.0
8487,PART8488,suspension,Audi,2011,6.0,84.85,509.09999999999997,0.0
8488,PART8489,brake,Audi,2014,19.0,165.52,3144.88,1.0
8489,PART8490,tire,Audi,2011,72.0,367.11,26431.920000000002,0.0
8490,PART8491,engine,Audi,2010,53.0,101.8,5395.4,0.0
8491,PART8492,suspension,Audi,2011,11.0,279.14,3070.54,1.0
8492,PART8493,battery,Toyota,2021,48.0,339.04,16273.920000000002,0.0
8493,PART8494,suspension,Volkswagen,2020,73.0,355.37,25942.010000000002,1.0
8494,PART8495,engine,Mercedes,2013,55.0,362.68,19947.4,1.0
8495,PART8496,transmission,Volkswagen,2010,43.0,391.13,16818.59,
8496,PART8497,engine,Volkswagen,2006,33.0,468.88,15473.039999999999,1.0
8497,PART8498,transmission,BMW,2018,3.0,196.33,588.99,1.0
8498,PART8499,brake,Honda,2021,80.0,54.02,4321.6,
8499,PART8500,engine,Audi,2021,6.0,315.39,1892.34,0.0
8500,PART8501,engine,Toyota,2007,96.0,89.49,8591.039999999999,0.0
8501,PART8502,transmission,Toyota,2004,25.0,477.4,11935.0,1.0
8502,PART8503,brake,BMW,2021,79.0,387.21,30589.59,1.0
8503,PART8504,tire,Honda,2007,62.0,91.99,5703.38,
8504,PART8505,battery,Volkswagen,2022,5.0,192.12,960.6,0.0
8505,PART8506,tire,Ford,2001,59.0,311.0,18349.0,1.0
8506,PART8507,suspension,BMW,2003,48.0,223.81,10742.880000000001,1.0
8507,PART8508,suspension,Ford,2001,98.0,185.94,18222.12,
8508,PART8509,tire,Audi,2013,17.0,326.39,5548.63,0.0
8509,PART8510,battery,Volkswagen,2004,37.0,381.74,14124.380000000001,
8510,PART8511,tire,Audi,2005,71.0,307.89,21860.19,
8511,PART8512,battery,Mercedes,2015,7.0,450.12,3150.84,1.0
8512,PART8513,transmission,Mercedes,2009,12.0,313.92,3767.04,1.0
8513,PART8514,tire,Toyota,2003,74.0,270.78,20037.719999999998,0.0
8514,PART8515,suspension,Volkswagen,2018,81.0,132.42,10726.019999999999,1.0
8515,PART8516,brake,BMW,2007,11.0,408.52,4493.719999999999,0.0
8516,PART8517,battery,Audi,2017,61.0,416.69,25418.09,
8517,PART8518,battery,Honda,2006,69.0,344.35,23760.15,0.0
8518,PART8519,suspension,Volkswagen,2010,22.0,66.39,1460.58,1.0
8519,PART8520,tire,Toyota,2008,34.0,50.02,1700.68,0.0
8520,PART8521,engine,Honda,2014,78.0,368.54,28746.120000000003,1.0
8521,PART8522,engine,BMW,2007,87.0,123.57,10750.59,
8522,PART8523,suspension,Volkswagen,2021,94.0,244.78,23009.32,0.0
8523,PART8524,tire,Volkswagen,2005,5.0,344.95,1724.75,0.0
8524,PART8525,brake,Volkswagen,2013,92.0,321.6,29587.2,
8525,PART8526,transmission,Honda,2022,35.0,324.0,11340.0,1.0
8526,PART8527,engine,Audi,2005,27.0,134.21,3623.67,
8527,PART8528,tire,Audi,2012,38.0,488.35,18557.3,1.0
8528,PART8529,battery,Honda,2012,96.0,361.76,34728.96,
8529,PART8530,brake,Honda,2022,36.0,126.67,4560.12,1.0
8530,PART8531,suspension,Ford,2022,18.0,58.12,1046.1599999999999,
8531,PART8532,transmission,BMW,2009,52.0,349.44,18170.88,1.0
8532,PART8533,tire,Volkswagen,2012,32.0,444.51,14224.32,0.0
8533,PART8534,transmission,BMW,2005,69.0,385.57,26604.329999999998,0.0
8534,PART8535,brake,BMW,2006,62.0,177.69,11016.78,0.0
8535,PART8536,engine,Ford,2021,5.0,84.36,421.8,1.0
8536,PART8537,engine,BMW,2006,50.0,360.27,18013.5,0.0
8537,PART8538,brake,Honda,2004,44.0,175.69,7730.36,1.0
8538,PART8539,brake,Audi,2008,54.0,480.42,25942.68,1.0
8539,PART8540,transmission,BMW,2020,38.0,95.75,3638.5,
8540,PART8541,suspension,Audi,2019,78.0,194.24,15150.720000000001,0.0
8541,PART8542,transmission,Ford,2017,88.0,435.74,38345.12,1.0
8542,PART8543,battery,Toyota,2013,71.0,424.15,30114.649999999998,0.0
8543,PART8544,tire,Volkswagen,2020,79.0,471.39,37239.81,0.0
8544,PART8545,tire,Toyota,2007,83.0,350.13,29060.79,1.0
8545,PART8546,battery,Ford,2022,57.0,477.48,27216.36,0.0
8546,PART8547,suspension,Ford,2005,67.0,292.79,19616.93,
8547,PART8548,suspension,Toyota,2002,12.0,185.67,2228.04,0.0
8548,PART8549,engine,Mercedes,2010,23.0,466.35,10726.050000000001,1.0
8549,PART8550,brake,Toyota,2005,23.0,403.73,9285.79,0.0
8550,PART8551,transmission,BMW,2019,11.0,62.06,682.6600000000001,1.0
8551,PART8552,suspension,Toyota,2012,46.0,480.22,22090.120000000003,0.0
8552,PART8553,brake,Audi,2006,38.0,474.66,18037.08,1.0
8553,PART8554,battery,Ford,2018,44.0,126.45,5563.8,
8554,PART8555,transmission,Ford,2014,43.0,469.95,20207.85,
8555,PART8556,transmission,BMW,2005,73.0,180.55,13180.150000000001,
8556,PART8557,tire,Audi,2014,9.0,142.8,1285.2,1.0
8557,PART8558,engine,Ford,2000,54.0,81.02,4375.08,
8558,PART8559,brake,BMW,2008,79.0,188.66,14904.14,
8559,PART8560,brake,Toyota,2007,36.0,429.37,15457.32,1.0
8560,PART8561,battery,Audi,2015,74.0,440.6,32604.4,0.0
8561,PART8562,transmission,Mercedes,2008,84.0,191.1,16052.4,0.0
8562,PART8563,tire,BMW,2022,80.0,260.51,20840.8,1.0
8563,PART8564,tire,Toyota,2019,18.0,302.69,5448.42,0.0
8564,PART8565,transmission,Audi,2009,21.0,142.98,3002.58,
8565,PART8566,engine,BMW,2013,35.0,486.43,17025.05,0.0
8566,PART8567,tire,Ford,2020,50.0,490.54,24527.0,0.0
8567,PART8568,brake,Audi,2021,32.0,376.88,12060.16,0.0
8568,PART8569,brake,Mercedes,2015,1.0,111.93,111.93,0.0
8569,PART8570,tire,Honda,2021,73.0,484.45,35364.85,
8570,PART8571,battery,Toyota,2019,74.0,242.68,17958.32,0.0
8571,PART8572,battery,Toyota,2001,15.0,213.36,3200.4,0.0
8572,PART8573,tire,Audi,2001,37.0,369.1,13656.7,
8573,PART8574,tire,Mercedes,2010,53.0,446.35,23656.550000000003,1.0
8574,PART8575,transmission,Audi,2022,35.0,343.43,12020.050000000001,1.0
8575,PART8576,brake,Toyota,2010,60.0,308.59,18515.399999999998,0.0
8576,PART8577,suspension,Audi,2015,59.0,235.38,13887.42,
8577,PART8578,tire,Mercedes,2008,75.0,223.13,16734.75,0.0
8578,PART8579,suspension,BMW,2021,91.0,62.02,5643.820000000001,0.0
8579,PART8580,engine,Toyota,2013,1.0,432.5,432.5,1.0
8580,PART8581,tire,Ford,2013,72.0,373.09,26862.48,
8581,PART8582,brake,BMW,2005,61.0,275.27,16791.469999999998,0.0
8582,PART8583,transmission,Honda,2015,85.0,360.44,30637.4,1.0
8583,PART8584,transmission,Audi,2015,3.0,99.01,297.03000000000003,
8584,PART8585,battery,Volkswagen,2008,23.0,358.36,8242.28,0.0
8585,PART8586,battery,Audi,2006,80.0,192.06,15364.8,
8586,PART8587,suspension,Honda,2018,58.0,221.72,12859.76,1.0
8587,PART8588,tire,Volkswagen,2001,62.0,151.99,9423.380000000001,
8588,PART8589,brake,Audi,2020,82.0,181.4,14874.800000000001,
8589,PART8590,tire,BMW,2022,50.0,224.98,11249.0,1.0
8590,PART8591,brake,Volkswagen,2008,75.0,167.22,12541.5,1.0
8591,PART8592,transmission,Audi,2008,50.0,97.54,4877.0,0.0
8592,PART8593,brake,Ford,2008,71.0,142.32,10104.72,0.0
8593,PART8594,engine,Ford,2015,12.0,157.36,1888.3200000000002,0.0
8594,PART8595,engine,BMW,2022,79.0,409.67,32363.93,
8595,PART8596,brake,Toyota,2001,78.0,382.36,29824.08,
8596,PART8597,brake,Ford,2018,96.0,409.67,39328.32,0.0
8597,PART8598,transmission,Honda,2013,95.0,83.02,7886.9,0.0
8598,PART8599,engine,Audi,2016,29.0,435.16,12619.640000000001,1.0
8599,PART8600,engine,Audi,2000,43.0,253.2,10887.6,1.0
8600,PART8601,battery,BMW,2002,77.0,61.34,4723.18,0.0
8601,PART8602,suspension,Volkswagen,2017,18.0,315.96,5687.28,0.0
8602,PART8603,transmission,Toyota,2021,60.0,54.27,3256.2000000000003,
8603,PART8604,suspension,Volkswagen,2021,19.0,387.03,7353.57,
8604,PART8605,transmission,Volkswagen,2015,11.0,407.52,4482.719999999999,0.0
8605,PART8606,suspension,Volkswagen,2012,38.0,345.9,13144.199999999999,0.0
8606,PART8607,battery,Toyota,2022,48.0,131.11,6293.280000000001,0.0
8607,PART8608,tire,Volkswagen,2003,55.0,328.49,18066.95,1.0
8608,PART8609,engine,BMW,2010,91.0,319.65,29088.149999999998,1.0
8609,PART8610,battery,Volkswagen,2011,81.0,264.28,21406.679999999997,
8610,PART8611,brake,Honda,2016,18.0,360.24,6484.32,0.0
8611,PART8612,engine,Honda,2013,6.0,104.6,627.5999999999999,1.0
8612,PART8613,engine,BMW,2001,67.0,441.15,29557.05,1.0
8613,PART8614,suspension,Volkswagen,2007,11.0,197.14,2168.54,0.0
8614,PART8615,brake,Volkswagen,2015,33.0,329.9,10886.699999999999,0.0
8615,PART8616,suspension,Honda,2011,23.0,75.82,1743.86,0.0
8616,PART8617,brake,Mercedes,2015,2.0,408.32,816.64,
8617,PART8618,battery,BMW,2009,21.0,245.99,5165.79,
8618,PART8619,engine,Volkswagen,2002,4.0,140.7,562.8,
8619,PART8620,transmission,Toyota,2017,42.0,419.24,17608.08,
8620,PART8621,tire,Honda,2006,28.0,202.5,5670.0,0.0
8621,PART8622,suspension,Volkswagen,2003,37.0,185.32,6856.84,
8622,PART8623,brake,Audi,2016,55.0,229.25,12608.75,
8623,PART8624,suspension,Volkswagen,2006,57.0,121.92,6949.4400000000005,
8624,PART8625,tire,BMW,2016,76.0,155.57,11823.32,0.0
8625,PART8626,tire,Honda,2010,32.0,251.34,8042.88,1.0
8626,PART8627,brake,Toyota,2012,82.0,303.22,24864.04,0.0
8627,PART8628,brake,BMW,2015,80.0,493.38,39470.4,0.0
8628,PART8629,battery,Toyota,2004,88.0,136.52,12013.76,0.0
8629,PART8630,transmission,Audi,2008,43.0,246.57,10602.51,1.0
8630,PART8631,engine,Mercedes,2020,13.0,352.09,4577.17,0.0
8631,PART8632,tire,Audi,2008,9.0,316.55,2848.9500000000003,
8632,PART8633,suspension,Ford,2015,15.0,225.92,3388.7999999999997,
8633,PART8634,transmission,Ford,2005,30.0,264.62,7938.6,0.0
8634,PART8635,brake,Mercedes,2014,14.0,54.58,764.12,
8635,PART8636,brake,Audi,2003,13.0,226.43,2943.59,1.0
8636,PART8637,engine,Volkswagen,2006,61.0,289.98,17688.780000000002,
8637,PART8638,suspension,BMW,2015,78.0,91.41,7129.98,0.0
8638,PART8639,transmission,Ford,2014,60.0,265.53,15931.8,0.0
8639,PART8640,brake,Volkswagen,2020,14.0,422.49,5914.860000000001,0.0
8640,PART8641,battery,Audi,2010,80.0,410.72,32857.600000000006,0.0
8641,PART8642,battery,Toyota,2002,84.0,375.77,31564.68,0.0
8642,PART8643,tire,Volkswagen,2017,91.0,106.03,9648.73,1.0
8643,PART8644,brake,Toyota,2001,94.0,218.4,20529.600000000002,0.0
8644,PART8645,transmission,Mercedes,2016,13.0,362.09,4707.17,0.0
8645,PART8646,tire,Volkswagen,2012,36.0,144.05,5185.8,0.0
8646,PART8647,battery,Audi,2007,7.0,322.31,2256.17,
8647,PART8648,tire,Ford,2016,38.0,250.14,9505.32,
8648,PART8649,brake,Volkswagen,2001,3.0,99.54,298.62,
8649,PART8650,suspension,BMW,2002,93.0,349.08,32464.44,
8650,PART8651,transmission,Ford,2009,89.0,409.04,36404.560000000005,
8651,PART8652,battery,Ford,2019,38.0,446.62,16971.56,1.0
8652,PART8653,tire,Ford,2004,56.0,496.4,27798.399999999998,
8653,PART8654,brake,Volkswagen,2013,21.0,483.67,10157.07,1.0
8654,PART8655,engine,Ford,2012,70.0,189.94,13295.8,
8655,PART8656,suspension,Honda,2016,92.0,412.06,37909.52,0.0
8656,PART8657,transmission,Audi,2009,97.0,78.94,7657.179999999999,
8657,PART8658,tire,Mercedes,2017,1.0,116.52,116.52,0.0
8658,PART8659,suspension,Ford,2001,7.0,449.83,3148.81,0.0
8659,PART8660,suspension,Ford,2005,72.0,57.09,4110.4800000000005,0.0
8660,PART8661,tire,Honda,2012,27.0,257.22,6944.9400000000005,
8661,PART8662,engine,Toyota,2017,65.0,197.24,12820.6,
8662,PART8663,engine,Audi,2010,25.0,100.54,2513.5,1.0
8663,PART8664,brake,BMW,2007,76.0,411.41,31267.160000000003,0.0
8664,PART8665,transmission,Honda,2000,92.0,396.79,36504.68,0.0
8665,PART8666,tire,Volkswagen,2014,37.0,488.95,18091.149999999998,0.0
8666,PART8667,brake,BMW,2008,33.0,235.55,7773.150000000001,1.0
8667,PART8668,tire,Toyota,2020,85.0,473.14,40216.9,0.0
8668,PART8669,engine,Honda,2005,63.0,497.33,31331.789999999997,
8669,PART8670,tire,Ford,2013,36.0,334.44,12039.84,1.0
8670,PART8671,suspension,Audi,2008,58.0,491.62,28513.96,0.0
8671,PART8672,suspension,Honda,2017,59.0,451.31,26627.29,1.0
8672,PART8673,suspension,BMW,2010,55.0,166.74,9170.7,0.0
8673,PART8674,transmission,Volkswagen,2011,89.0,99.13,8822.57,
8674,PART8675,battery,Toyota,2018,80.0,253.16,20252.8,
8675,PART8676,suspension,Volkswagen,2013,61.0,196.32,11975.52,0.0
8676,PART8677,engine,Honda,2005,60.0,395.71,23742.6,
8677,PART8678,suspension,Mercedes,2018,55.0,166.17,9139.349999999999,
8678,PART8679,tire,Mercedes,2014,58.0,51.45,2984.1000000000004,
8679,PART8680,engine,Audi,2012,4.0,174.82,699.28,1.0
8680,PART8681,transmission,Audi,2009,95.0,489.33,46486.35,1.0
8681,PART8682,engine,Volkswagen,2018,5.0,420.34,2101.7,1.0
8682,PART8683,tire,Toyota,2006,46.0,124.14,5710.44,1.0
8683,PART8684,battery,Volkswagen,2016,84.0,406.34,34132.56,1.0
8684,PART8685,battery,Honda,2019,76.0,399.6,30369.600000000002,1.0
8685,PART8686,battery,Toyota,2011,43.0,89.5,3848.5,1.0
8686,PART8687,tire,Audi,2009,92.0,479.73,44135.16,0.0
8687,PART8688,engine,Ford,2001,3.0,112.62,337.86,
8688,PART8689,tire,Honda,2007,86.0,341.15,29338.899999999998,1.0
8689,PART8690,transmission,Ford,2008,33.0,250.55,8268.15,0.0
8690,PART8691,brake,Audi,2008,55.0,400.48,22026.4,
8691,PART8692,brake,Toyota,2016,82.0,146.6,12021.199999999999,0.0
8692,PART8693,engine,Mercedes,2007,89.0,249.85,22236.649999999998,
8693,PART8694,suspension,Toyota,2001,39.0,88.51,3451.8900000000003,1.0
8694,PART8695,suspension,Audi,2014,55.0,387.37,21305.35,
8695,PART8696,brake,BMW,2006,20.0,498.9,9978.0,
8696,PART8697,engine,BMW,2018,69.0,456.87,31524.03,1.0
8697,PART8698,battery,Honda,2021,80.0,230.34,18427.2,1.0
8698,PART8699,brake,Volkswagen,2016,25.0,170.63,4265.75,1.0
8699,PART8700,suspension,Toyota,2011,60.0,197.29,11837.4,1.0
8700,PART8701,transmission,Toyota,2004,67.0,86.8,5815.599999999999,0.0
8701,PART8702,tire,BMW,2010,97.0,334.28,32425.159999999996,
8702,PART8703,suspension,Toyota,2020,77.0,281.2,21652.399999999998,
8703,PART8704,engine,Mercedes,2011,63.0,299.96,18897.48,1.0
8704,PART8705,battery,BMW,2001,87.0,188.52,16401.24,1.0
8705,PART8706,transmission,Mercedes,2012,60.0,367.54,22052.4,
8706,PART8707,engine,Audi,2014,3.0,488.51,1465.53,0.0
8707,PART8708,tire,Mercedes,2000,84.0,186.73,15685.32,1.0
8708,PART8709,suspension,Audi,2006,98.0,441.68,43284.64,0.0
8709,PART8710,battery,Audi,2018,87.0,150.19,13066.53,
8710,PART8711,suspension,BMW,2002,72.0,319.97,23037.840000000004,
8711,PART8712,battery,Ford,2022,48.0,207.74,9971.52,
8712,PART8713,brake,BMW,2012,14.0,425.68,5959.52,0.0
8713,PART8714,suspension,Audi,2008,75.0,390.12,29259.0,1.0
8714,PART8715,engine,Mercedes,2018,94.0,323.27,30387.379999999997,1.0
8715,PART8716,transmission,Toyota,2009,68.0,389.72,26500.960000000003,0.0
8716,PART8717,suspension,Mercedes,2012,37.0,61.48,2274.7599999999998,0.0
8717,PART8718,battery,Volkswagen,2013,37.0,50.48,1867.76,0.0
8718,PART8719,brake,Toyota,2018,79.0,402.35,31785.65,0.0
8719,PART8720,engine,Volkswagen,2009,29.0,140.03,4060.87,1.0
8720,PART8721,tire,Honda,2004,17.0,67.03,1139.51,1.0
8721,PART8722,transmission,Mercedes,2000,89.0,182.27,16222.03,1.0
8722,PART8723,engine,Mercedes,2022,44.0,149.72,6587.68,0.0
8723,PART8724,tire,Mercedes,2011,9.0,305.64,2750.7599999999998,0.0
8724,PART8725,battery,Ford,2016,66.0,279.76,18464.16,
8725,PART8726,brake,Honda,2020,82.0,457.08,37480.56,0.0
8726,PART8727,transmission,Mercedes,2007,78.0,485.55,37872.9,
8727,PART8728,tire,Honda,2002,42.0,100.55,4223.099999999999,
8728,PART8729,transmission,Audi,2006,56.0,135.27,7575.120000000001,1.0
8729,PART8730,transmission,Honda,2010,81.0,445.07,36050.67,0.0
8730,PART8731,transmission,Audi,2012,27.0,430.79,11631.33,0.0
8731,PART8732,battery,Volkswagen,2008,88.0,168.69,14844.72,1.0
8732,PART8733,brake,Audi,2005,44.0,239.28,10528.32,0.0
8733,PART8734,brake,Ford,2002,20.0,313.73,6274.6,1.0
8734,PART8735,engine,Ford,2022,4.0,64.49,257.96,
8735,PART8736,transmission,Toyota,2010,33.0,340.38,11232.539999999999,
8736,PART8737,suspension,Honda,2018,41.0,53.44,2191.04,1.0
8737,PART8738,transmission,Audi,2020,20.0,273.03,5460.599999999999,
8738,PART8739,suspension,Audi,2006,51.0,141.42,7212.419999999999,1.0
8739,PART8740,engine,Volkswagen,2004,63.0,228.28,14381.64,0.0
8740,PART8741,transmission,Ford,2007,66.0,444.57,29341.62,
8741,PART8742,brake,Mercedes,2015,88.0,202.05,17780.4,0.0
8742,PART8743,battery,Audi,2017,94.0,354.94,33364.36,
8743,PART8744,transmission,Honda,2015,40.0,430.48,17219.2,
8744,PART8745,battery,Honda,2001,68.0,423.03,28766.039999999997,1.0
8745,PART8746,battery,BMW,2010,46.0,465.57,21416.22,1.0
8746,PART8747,transmission,Volkswagen,2022,9.0,242.83,2185.4700000000003,0.0
8747,PART8748,tire,Audi,2020,69.0,400.81,27655.89,0.0
8748,PART8749,tire,Ford,2007,74.0,416.03,30786.219999999998,0.0
8749,PART8750,suspension,Ford,2012,40.0,210.99,8439.6,
8750,PART8751,transmission,Volkswagen,2002,82.0,448.85,36805.700000000004,0.0
8751,PART8752,transmission,Audi,2017,24.0,335.57,8053.68,
8752,PART8753,tire,Ford,2000,30.0,237.47,7124.1,
8753,PART8754,brake,BMW,2004,23.0,383.13,8811.99,
8754,PART8755,tire,Ford,2016,53.0,246.97,13089.41,0.0
8755,PART8756,engine,Mercedes,2017,39.0,236.51,9223.89,1.0
8756,PART8757,engine,Mercedes,2005,7.0,198.79,1391.53,1.0
8757,PART8758,battery,Volkswagen,2003,91.0,246.99,22476.09,
8758,PART8759,tire,Toyota,2022,27.0,355.24,9591.48,
8759,PART8760,transmission,Toyota,2015,38.0,468.33,17796.54,0.0
8760,PART8761,battery,Toyota,2002,24.0,490.16,11763.84,0.0
8761,PART8762,brake,Ford,2000,80.0,352.98,28238.4,
8762,PART8763,transmission,BMW,2003,28.0,453.86,12708.08,0.0
8763,PART8764,suspension,BMW,2021,34.0,329.77,11212.18,1.0
8764,PART8765,tire,Honda,2011,80.0,367.55,29404.0,
8765,PART8766,transmission,Volkswagen,2022,95.0,160.54,15251.3,1.0
8766,PART8767,engine,BMW,2008,8.0,486.43,3891.44,1.0
8767,PART8768,brake,BMW,2000,36.0,483.31,17399.16,0.0
8768,PART8769,suspension,Mercedes,2005,99.0,395.37,39141.63,0.0
8769,PART8770,engine,BMW,2006,83.0,230.21,19107.43,0.0
8770,PART8771,tire,Mercedes,2015,6.0,438.39,2630.34,1.0
8771,PART8772,tire,Honda,2004,85.0,430.6,36601.0,
8772,PART8773,brake,BMW,2001,68.0,172.47,11727.96,1.0
8773,PART8774,engine,BMW,2014,32.0,249.13,7972.16,0.0
8774,PART8775,tire,Ford,2018,66.0,342.57,22609.62,0.0
8775,PART8776,battery,Toyota,2006,52.0,401.1,20857.2,0.0
8776,PART8777,tire,Ford,2008,4.0,224.55,898.2,1.0
8777,PART8778,engine,Honda,2013,46.0,291.33,13401.179999999998,
8778,PART8779,brake,BMW,2020,72.0,168.12,12104.64,
8779,PART8780,transmission,Ford,2016,75.0,240.35,18026.25,1.0
8780,PART8781,brake,Volkswagen,2005,9.0,236.19,2125.71,0.0
8781,PART8782,brake,Toyota,2008,8.0,280.97,2247.76,1.0
8782,PART8783,brake,Audi,2015,65.0,443.89,28852.85,
8783,PART8784,engine,Volkswagen,2019,33.0,489.56,16155.48,
8784,PART8785,suspension,Ford,2002,54.0,414.47,22381.38,1.0
8785,PART8786,transmission,BMW,2014,82.0,203.73,16705.86,
8786,PART8787,tire,Mercedes,2007,18.0,434.44,7819.92,1.0
8787,PART8788,tire,BMW,2016,99.0,65.44,6478.5599999999995,1.0
8788,PART8789,tire,Ford,2005,41.0,389.42,15966.220000000001,1.0
8789,PART8790,suspension,Ford,2018,34.0,353.3,12012.2,
8790,PART8791,tire,Mercedes,2016,6.0,350.12,2100.7200000000003,
8791,PART8792,engine,Audi,2021,72.0,410.43,29550.96,
8792,PART8793,brake,Audi,2005,97.0,446.57,43317.29,1.0
8793,PART8794,transmission,Volkswagen,2020,68.0,379.81,25827.08,1.0
8794,PART8795,suspension,Audi,2003,51.0,129.48,6603.48,1.0
8795,PART8796,battery,BMW,2000,70.0,232.08,16245.6,1.0
8796,PART8797,battery,Honda,2004,2.0,315.65,631.3,0.0
8797,PART8798,brake,Mercedes,2014,25.0,475.0,11875.0,0.0
8798,PART8799,tire,Honda,2016,95.0,320.47,30444.65,0.0
8799,PART8800,engine,Toyota,2001,23.0,244.49,5623.27,1.0
8800,PART8801,suspension,BMW,2007,65.0,280.14,18209.1,1.0
8801,PART8802,transmission,Honda,2017,13.0,483.11,6280.43,1.0
8802,PART8803,engine,BMW,2012,77.0,373.15,28732.55,
8803,PART8804,engine,Mercedes,2009,52.0,360.31,18736.12,0.0
8804,PART8805,brake,Mercedes,2020,66.0,150.95,9962.699999999999,1.0
8805,PART8806,suspension,Ford,2001,28.0,219.2,6137.599999999999,
8806,PART8807,brake,BMW,2005,72.0,101.48,7306.56,1.0
8807,PART8808,engine,Volkswagen,2013,70.0,438.98,30728.600000000002,0.0
8808,PART8809,brake,BMW,2012,98.0,391.82,38398.36,
8809,PART8810,suspension,Ford,2018,14.0,126.94,1777.1599999999999,1.0
8810,PART8811,battery,BMW,2018,58.0,490.71,28461.18,
8811,PART8812,battery,Volkswagen,2018,88.0,122.2,10753.6,0.0
8812,PART8813,tire,Ford,2002,57.0,252.04,14366.279999999999,1.0
8813,PART8814,suspension,Mercedes,2016,7.0,363.54,2544.78,1.0
8814,PART8815,suspension,Audi,2010,28.0,57.43,1608.04,0.0
8815,PART8816,brake,Mercedes,2017,5.0,451.28,2256.3999999999996,
8816,PART8817,battery,Honda,2018,77.0,53.79,4141.83,0.0
8817,PART8818,brake,Honda,2008,47.0,155.61,7313.670000000001,1.0
8818,PART8819,transmission,Audi,2003,32.0,272.33,8714.56,
8819,PART8820,brake,Mercedes,2010,4.0,316.2,1264.8,1.0
8820,PART8821,battery,Honda,2012,37.0,465.72,17231.64,0.0
8821,PART8822,engine,Volkswagen,2001,14.0,244.05,3416.7000000000003,1.0
8822,PART8823,tire,Mercedes,2005,63.0,418.14,26342.82,1.0
8823,PART8824,tire,Volkswagen,2005,26.0,473.37,12307.62,0.0
8824,PART8825,engine,Honda,2008,89.0,105.31,9372.59,0.0
8825,PART8826,transmission,Toyota,2013,43.0,124.53,5354.79,0.0
8826,PART8827,transmission,BMW,2020,44.0,114.79,5050.76,
8827,PART8828,brake,Honda,2015,94.0,425.11,39960.340000000004,0.0
8828,PART8829,suspension,Toyota,2012,26.0,52.34,1360.8400000000001,0.0
8829,PART8830,engine,Ford,2007,56.0,230.4,12902.4,0.0
8830,PART8831,tire,Honda,2004,59.0,274.51,16196.09,1.0
8831,PART8832,battery,Mercedes,2008,87.0,383.66,33378.420000000006,
8832,PART8833,battery,Toyota,2011,17.0,263.71,4483.07,
8833,PART8834,brake,Audi,2002,73.0,155.43,11346.390000000001,0.0
8834,PART8835,battery,Ford,2019,3.0,398.66,1195.98,
8835,PART8836,brake,Mercedes,2000,30.0,383.01,11490.3,1.0
8836,PART8837,brake,Honda,2007,57.0,244.9,13959.300000000001,
8837,PART8838,tire,Volkswagen,2013,67.0,129.09,8649.03,1.0
8838,PART8839,battery,BMW,2010,2.0,375.24,750.48,1.0
8839,PART8840,transmission,Mercedes,2017,48.0,156.84,7528.32,
8840,PART8841,tire,Audi,2003,51.0,139.91,7135.41,0.0
8841,PART8842,brake,Toyota,2009,43.0,164.58,7076.9400000000005,0.0
8842,PART8843,transmission,Ford,2012,78.0,64.18,5006.040000000001,0.0
8843,PART8844,brake,Ford,2015,36.0,120.2,4327.2,0.0
8844,PART8845,battery,Volkswagen,2013,87.0,356.6,31024.2,0.0
8845,PART8846,tire,Volkswagen,2004,60.0,66.53,3991.8,1.0
8846,PART8847,suspension,Audi,2003,47.0,85.87,4035.8900000000003,1.0
8847,PART8848,engine,BMW,2012,91.0,307.21,27956.109999999997,1.0
8848,PART8849,suspension,Ford,2020,18.0,143.72,2586.96,0.0
8849,PART8850,tire,Audi,2002,70.0,157.03,10992.1,
8850,PART8851,engine,Toyota,2009,94.0,460.61,43297.340000000004,0.0
8851,PART8852,transmission,Mercedes,2021,25.0,299.2,7480.0,
8852,PART8853,tire,Mercedes,2017,39.0,283.27,11047.529999999999,
8853,PART8854,brake,Toyota,2011,46.0,68.98,3173.0800000000004,1.0
8854,PART8855,battery,Volkswagen,2014,55.0,61.07,3358.85,0.0
8855,PART8856,engine,Toyota,2003,46.0,146.92,6758.32,0.0
8856,PART8857,brake,BMW,2002,41.0,311.02,12751.82,0.0
8857,PART8858,brake,Ford,2014,64.0,340.77,21809.28,0.0
8858,PART8859,battery,Toyota,2015,86.0,452.46,38911.56,0.0
8859,PART8860,battery,BMW,2000,74.0,119.32,8829.68,0.0
8860,PART8861,battery,Mercedes,2000,35.0,497.77,17421.95,0.0
8861,PART8862,engine,Ford,2001,68.0,317.42,21584.56,
8862,PART8863,battery,Ford,2012,20.0,494.83,9896.6,0.0
8863,PART8864,brake,Audi,2007,41.0,333.0,13653.0,
8864,PART8865,suspension,BMW,2018,7.0,263.03,1841.2099999999998,1.0
8865,PART8866,brake,Volkswagen,2017,46.0,382.76,17606.96,
8866,PART8867,suspension,Ford,2022,38.0,217.28,8256.64,1.0
8867,PART8868,battery,BMW,2017,26.0,354.52,9217.52,1.0
8868,PART8869,suspension,Toyota,2010,75.0,196.8,14760.0,0.0
8869,PART8870,engine,Ford,2009,81.0,333.41,27006.210000000003,
8870,PART8871,brake,Mercedes,2011,15.0,481.06,7215.9,0.0
8871,PART8872,suspension,Toyota,2003,73.0,71.93,5250.89,0.0
8872,PART8873,tire,Toyota,2009,65.0,312.74,20328.100000000002,
8873,PART8874,brake,Mercedes,2006,12.0,466.66,5599.92,
8874,PART8875,transmission,Toyota,2011,32.0,410.54,13137.28,0.0
8875,PART8876,brake,BMW,2009,35.0,486.69,17034.15,
8876,PART8877,engine,BMW,2009,83.0,55.36,4594.88,0.0
8877,PART8878,battery,Volkswagen,2001,27.0,200.3,5408.1,
8878,PART8879,brake,Mercedes,2003,77.0,485.75,37402.75,
8879,PART8880,transmission,BMW,2016,18.0,225.29,4055.22,
8880,PART8881,brake,Honda,2021,88.0,442.8,38966.4,1.0
8881,PART8882,suspension,Mercedes,2021,69.0,175.86,12134.34,
8882,PART8883,transmission,Honda,2022,98.0,476.68,46714.64,
8883,PART8884,brake,Toyota,2017,46.0,318.45,14648.699999999999,1.0
8884,PART8885,battery,Ford,2003,49.0,256.04,12545.960000000001,0.0
8885,PART8886,tire,BMW,2009,86.0,305.07,26236.02,
8886,PART8887,transmission,Ford,2009,16.0,375.53,6008.48,
8887,PART8888,engine,Volkswagen,2014,15.0,428.41,6426.150000000001,0.0
8888,PART8889,tire,Ford,2017,14.0,65.63,918.8199999999999,1.0
8889,PART8890,brake,Ford,2015,16.0,381.83,6109.28,
8890,PART8891,brake,BMW,2003,31.0,136.71,4238.01,
8891,PART8892,suspension,Volkswagen,2007,98.0,97.42,9547.16,1.0
8892,PART8893,engine,Honda,2002,28.0,360.35,10089.800000000001,0.0
8893,PART8894,suspension,Volkswagen,2007,31.0,315.84,9791.039999999999,1.0
8894,PART8895,battery,Toyota,2010,82.0,448.83,36804.06,1.0
8895,PART8896,engine,Volkswagen,2020,61.0,85.65,5224.650000000001,1.0
8896,PART8897,engine,Audi,2017,35.0,430.75,15076.25,
8897,PART8898,suspension,Audi,2019,35.0,336.46,11776.099999999999,0.0
8898,PART8899,transmission,Honda,2022,54.0,368.29,19887.66,0.0
8899,PART8900,engine,Toyota,2015,84.0,464.29,39000.36,0.0
8900,PART8901,brake,Honda,2009,34.0,152.76,5193.84,
8901,PART8902,tire,Mercedes,2015,2.0,315.17,630.34,
8902,PART8903,transmission,Mercedes,2020,37.0,449.7,16638.899999999998,
8903,PART8904,brake,Volkswagen,2019,22.0,254.66,5602.5199999999995,0.0
8904,PART8905,tire,Honda,2021,50.0,115.89,5794.5,
8905,PART8906,transmission,Ford,2002,12.0,469.09,5629.08,1.0
8906,PART8907,engine,BMW,2016,17.0,50.3,855.0999999999999,
8907,PART8908,tire,Audi,2011,92.0,264.49,24333.08,0.0
8908,PART8909,suspension,Honda,2008,91.0,250.55,22800.05,
8909,PART8910,transmission,Mercedes,2006,32.0,60.99,1951.68,1.0
8910,PART8911,suspension,Toyota,2007,57.0,223.91,12762.869999999999,0.0
8911,PART8912,battery,Honda,2021,38.0,478.24,18173.12,
8912,PART8913,engine,Ford,2021,7.0,432.48,3027.36,
8913,PART8914,tire,Mercedes,2009,83.0,230.2,19106.6,0.0
8914,PART8915,engine,Toyota,2013,65.0,224.43,14587.95,1.0
8915,PART8916,battery,Ford,2005,95.0,377.88,35898.6,1.0
8916,PART8917,engine,Ford,2016,41.0,313.22,12842.02,
8917,PART8918,transmission,Honda,2004,75.0,148.21,11115.75,0.0
8918,PART8919,suspension,Ford,2021,48.0,135.96,6526.08,
8919,PART8920,transmission,BMW,2021,71.0,338.87,24059.77,1.0
8920,PART8921,brake,Mercedes,2000,13.0,167.09,2172.17,1.0
8921,PART8922,tire,BMW,2007,38.0,362.98,13793.240000000002,
8922,PART8923,battery,Honda,2012,55.0,356.23,19592.65,
8923,PART8924,tire,Honda,2004,68.0,317.83,21612.44,1.0
8924,PART8925,transmission,Mercedes,2005,76.0,268.8,20428.8,0.0
8925,PART8926,battery,Ford,2018,99.0,168.52,16683.48,
8926,PART8927,brake,Audi,2009,13.0,75.71,984.2299999999999,0.0
8927,PART8928,brake,Honda,2008,45.0,403.82,18171.9,0.0
8928,PART8929,tire,Volkswagen,2002,9.0,111.91,1007.1899999999999,1.0
8929,PART8930,suspension,Toyota,2008,59.0,344.58,20330.219999999998,
8930,PART8931,engine,Mercedes,2018,63.0,119.42,7523.46,
8931,PART8932,brake,Toyota,2014,25.0,379.48,9487.0,
8932,PART8933,engine,Volkswagen,2003,17.0,428.06,7277.02,
8933,PART8934,tire,Honda,2022,76.0,358.24,27226.24,1.0
8934,PART8935,battery,Ford,2012,74.0,435.35,32215.9,
8935,PART8936,brake,Mercedes,2018,57.0,188.4,10738.800000000001,0.0
8936,PART8937,tire,Ford,2019,30.0,395.37,11861.1,0.0
8937,PART8938,battery,Ford,2007,1.0,385.14,385.14,1.0
8938,PART8939,brake,Toyota,2005,22.0,341.42,7511.240000000001,0.0
8939,PART8940,suspension,Audi,2017,6.0,149.51,897.06,
8940,PART8941,engine,Ford,2001,83.0,395.42,32819.86,0.0
8941,PART8942,transmission,Honda,2016,74.0,113.54,8401.960000000001,
8942,PART8943,battery,Volkswagen,2001,55.0,315.26,17339.3,0.0
8943,PART8944,brake,Honda,2011,16.0,327.37,5237.92,1.0
8944,PART8945,tire,Volkswagen,2021,73.0,76.64,5594.72,1.0
8945,PART8946,transmission,Mercedes,2014,54.0,293.38,15842.52,1.0
8946,PART8947,tire,Toyota,2009,23.0,83.6,1922.8,0.0
8947,PART8948,battery,Audi,2021,95.0,218.33,20741.350000000002,1.0
8948,PART8949,suspension,Audi,2012,78.0,124.36,9700.08,1.0
8949,PART8950,tire,Mercedes,2005,23.0,354.73,8158.790000000001,0.0
8950,PART8951,transmission,Ford,2019,70.0,329.57,23069.899999999998,1.0
8951,PART8952,transmission,Audi,2017,55.0,199.69,10982.95,
8952,PART8953,brake,Volkswagen,2014,91.0,486.0,44226.0,1.0
8953,PART8954,suspension,Toyota,2016,95.0,403.66,38347.700000000004,0.0
8954,PART8955,engine,Honda,2017,97.0,243.55,23624.350000000002,
8955,PART8956,engine,Mercedes,2009,69.0,400.36,27624.84,1.0
8956,PART8957,brake,Honda,2012,55.0,276.67,15216.85,0.0
8957,PART8958,brake,BMW,2021,68.0,110.88,7539.84,
8958,PART8959,suspension,Audi,2014,13.0,258.22,3356.8600000000006,1.0
8959,PART8960,transmission,Volkswagen,2013,6.0,169.96,1019.76,1.0
8960,PART8961,battery,Ford,2004,13.0,355.64,4623.32,
8961,PART8962,suspension,BMW,2012,41.0,455.88,18691.079999999998,1.0
8962,PART8963,tire,Audi,2000,25.0,177.78,4444.5,0.0
8963,PART8964,brake,BMW,2010,36.0,470.56,16940.16,0.0
8964,PART8965,suspension,Volkswagen,2010,25.0,120.18,3004.5,
8965,PART8966,battery,Audi,2013,66.0,64.61,4264.26,
8966,PART8967,brake,BMW,2015,20.0,204.33,4086.6000000000004,0.0
8967,PART8968,transmission,BMW,2000,76.0,75.12,5709.120000000001,
8968,PART8969,tire,Toyota,2021,16.0,461.8,7388.8,0.0
8969,PART8970,engine,Volkswagen,2000,27.0,480.36,12969.720000000001,
8970,PART8971,suspension,Toyota,2011,46.0,171.8,7902.8,0.0
8971,PART8972,suspension,Honda,2002,32.0,343.66,10997.12,1.0
8972,PART8973,battery,Mercedes,2007,46.0,209.18,9622.28,1.0
8973,PART8974,tire,Honda,2011,77.0,353.48,27217.960000000003,
8974,PART8975,transmission,Mercedes,2003,17.0,87.31,1484.27,
8975,PART8976,tire,Mercedes,2010,31.0,397.99,12337.69,
8976,PART8977,brake,BMW,2022,92.0,453.46,41718.32,
8977,PART8978,engine,BMW,2009,97.0,459.42,44563.74,1.0
8978,PART8979,tire,Volkswagen,2018,34.0,315.75,10735.5,1.0
8979,PART8980,engine,Volkswagen,2001,8.0,396.97,3175.76,
8980,PART8981,engine,BMW,2003,84.0,309.42,25991.280000000002,1.0
8981,PART8982,tire,Honda,2010,97.0,281.51,27306.469999999998,
8982,PART8983,suspension,Toyota,2017,79.0,454.71,35922.09,1.0
8983,PART8984,engine,Audi,2014,83.0,190.27,15792.410000000002,0.0
8984,PART8985,brake,Audi,2001,63.0,263.67,16611.210000000003,1.0
8985,PART8986,engine,Honda,2010,85.0,492.7,41879.5,0.0
8986,PART8987,transmission,Mercedes,2002,95.0,327.59,31121.05,
8987,PART8988,engine,Mercedes,2018,94.0,58.27,5477.38,1.0
8988,PART8989,brake,Audi,2016,83.0,70.63,5862.29,1.0
8989,PART8990,suspension,Ford,2001,58.0,61.94,3592.52,0.0
8990,PART8991,transmission,Ford,2007,18.0,387.24,6970.32,1.0
8991,PART8992,battery,Audi,2001,85.0,375.96,31956.6,0.0
8992,PART8993,transmission,Honda,2015,34.0,279.67,9508.78,
8993,PART8994,transmission,Volkswagen,2016,47.0,373.02,17531.94,1.0
8994,PART8995,battery,Ford,2021,80.0,394.28,31542.399999999998,
8995,PART8996,transmission,Audi,2008,54.0,467.09,25222.859999999997,0.0
8996,PART8997,battery,Toyota,2018,60.0,79.87,4792.200000000001,1.0
8997,PART8998,engine,Mercedes,2001,97.0,245.55,23818.350000000002,1.0
8998,PART8999,battery,BMW,2009,51.0,432.74,22069.74,
8999,PART9000,suspension,Ford,2011,63.0,171.69,10816.47,1.0
9000,PART9001,transmission,Toyota,2002,94.0,104.61,9833.34,1.0
9001,PART9002,tire,Volkswagen,2003,40.0,494.09,19763.6,1.0
9002,PART9003,engine,BMW,2022,77.0,84.31,6491.87,0.0
9003,PART9004,engine,Honda,2018,20.0,366.33,7326.599999999999,
9004,PART9005,suspension,BMW,2015,10.0,169.71,1697.1000000000001,1.0
9005,PART9006,battery,Mercedes,2014,30.0,357.33,10719.9,1.0
9006,PART9007,transmission,Mercedes,2008,93.0,95.52,8883.359999999999,0.0
9007,PART9008,tire,Audi,2005,17.0,262.26,4458.42,0.0
9008,PART9009,engine,BMW,2020,22.0,102.75,2260.5,1.0
9009,PART9010,suspension,Ford,2004,9.0,139.61,1256.4900000000002,1.0
9010,PART9011,engine,Mercedes,2012,17.0,275.21,4678.57,
9011,PART9012,transmission,Ford,2010,48.0,85.11,4085.2799999999997,1.0
9012,PART9013,suspension,Honda,2015,39.0,486.48,18972.72,1.0
9013,PART9014,tire,Audi,2009,60.0,353.84,21230.399999999998,
9014,PART9015,brake,Honda,2011,56.0,271.27,15191.119999999999,
9015,PART9016,engine,Honda,2012,87.0,484.35,42138.450000000004,1.0
9016,PART9017,engine,Audi,2012,15.0,82.31,1234.65,1.0
9017,PART9018,suspension,Volkswagen,2007,70.0,424.06,29684.2,1.0
9018,PART9019,tire,Volkswagen,2006,26.0,362.01,9412.26,0.0
9019,PART9020,tire,Audi,2004,80.0,181.44,14515.2,1.0
9020,PART9021,tire,Toyota,2012,64.0,451.76,28912.64,0.0
9021,PART9022,brake,Toyota,2004,80.0,82.61,6608.8,0.0
9022,PART9023,brake,Mercedes,2000,22.0,398.9,8775.8,1.0
9023,PART9024,engine,Volkswagen,2006,95.0,369.92,35142.4,1.0
9024,PART9025,suspension,Mercedes,2002,62.0,54.01,3348.62,1.0
9025,PART9026,engine,Mercedes,2022,95.0,278.49,26456.55,1.0
9026,PART9027,battery,Toyota,2010,73.0,137.64,10047.72,
9027,PART9028,suspension,Audi,2006,45.0,54.53,2453.85,0.0
9028,PART9029,suspension,Honda,2008,79.0,176.52,13945.08,1.0
9029,PART9030,transmission,Ford,2005,93.0,359.65,33447.45,1.0
9030,PART9031,battery,Audi,2007,17.0,327.55,5568.35,1.0
9031,PART9032,suspension,Honda,2001,18.0,109.09,1963.6200000000001,0.0
9032,PART9033,engine,Volkswagen,2013,6.0,459.09,2754.54,
9033,PART9034,engine,Toyota,2007,99.0,378.99,37520.01,
9034,PART9035,suspension,BMW,2007,66.0,426.44,28145.04,0.0
9035,PART9036,brake,Ford,2017,44.0,365.47,16080.68,1.0
9036,PART9037,tire,Volkswagen,2016,93.0,178.97,16644.21,
9037,PART9038,suspension,Toyota,2019,97.0,461.83,44797.51,0.0
9038,PART9039,brake,Audi,2008,22.0,168.33,3703.26,0.0
9039,PART9040,brake,BMW,2021,67.0,267.17,17900.39,0.0
9040,PART9041,battery,Honda,2001,75.0,335.77,25182.75,0.0
9041,PART9042,tire,BMW,2015,98.0,232.14,22749.719999999998,1.0
9042,PART9043,battery,Audi,2003,37.0,148.41,5491.17,0.0
9043,PART9044,suspension,Audi,2009,94.0,230.87,21701.78,1.0
9044,PART9045,engine,Honda,2003,36.0,129.22,4651.92,
9045,PART9046,battery,Ford,2000,2.0,382.23,764.46,0.0
9046,PART9047,brake,Mercedes,2004,39.0,276.82,10795.98,1.0
9047,PART9048,suspension,BMW,2007,28.0,337.99,9463.720000000001,
9048,PART9049,transmission,Mercedes,2011,19.0,195.62,3716.78,
9049,PART9050,engine,Honda,2014,9.0,425.89,3833.0099999999998,1.0
9050,PART9051,brake,BMW,2004,25.0,132.74,3318.5,
9051,PART9052,tire,Honda,2009,96.0,317.31,30461.760000000002,1.0
9052,PART9053,suspension,Honda,2011,56.0,259.57,14535.92,1.0
9053,PART9054,transmission,Ford,2013,96.0,248.7,23875.199999999997,
9054,PART9055,engine,Audi,2020,28.0,404.29,11320.12,0.0
9055,PART9056,brake,BMW,2000,37.0,278.76,10314.119999999999,1.0
9056,PART9057,transmission,Honda,2019,6.0,286.2,1717.1999999999998,0.0
9057,PART9058,battery,BMW,2013,63.0,222.91,14043.33,0.0
9058,PART9059,engine,Ford,2020,9.0,451.2,4060.7999999999997,1.0
9059,PART9060,brake,Mercedes,2018,11.0,62.63,688.9300000000001,0.0
9060,PART9061,suspension,Toyota,2016,45.0,433.12,19490.4,1.0
9061,PART9062,battery,Toyota,2017,9.0,453.37,4080.33,
9062,PART9063,suspension,Ford,2000,60.0,60.77,3646.2000000000003,
9063,PART9064,engine,Volkswagen,2012,8.0,237.45,1899.6,1.0
9064,PART9065,suspension,Ford,2006,51.0,304.6,15534.6,1.0
9065,PART9066,transmission,Audi,2002,41.0,167.02,6847.820000000001,
9066,PART9067,suspension,BMW,2014,83.0,479.93,39834.19,1.0
9067,PART9068,transmission,Toyota,2013,84.0,319.89,26870.76,0.0
9068,PART9069,tire,Toyota,2016,18.0,163.2,2937.6,
9069,PART9070,tire,Mercedes,2022,80.0,433.53,34682.399999999994,0.0
9070,PART9071,tire,Ford,2005,92.0,145.13,13351.96,0.0
9071,PART9072,tire,Mercedes,2005,39.0,483.04,18838.56,
9072,PART9073,engine,Ford,2021,70.0,308.32,21582.399999999998,0.0
9073,PART9074,transmission,Mercedes,2005,14.0,445.2,6232.8,0.0
9074,PART9075,suspension,Volkswagen,2000,45.0,343.58,15461.099999999999,
9075,PART9076,suspension,Mercedes,2017,66.0,337.01,22242.66,0.0
9076,PART9077,engine,Honda,2012,47.0,292.95,13768.65,
9077,PART9078,engine,BMW,2003,78.0,484.87,37819.86,0.0
9078,PART9079,tire,BMW,2022,7.0,62.29,436.03,1.0
9079,PART9080,transmission,Toyota,2002,4.0,420.94,1683.76,
9080,PART9081,transmission,Honda,2015,75.0,475.45,35658.75,
9081,PART9082,battery,Volkswagen,2013,67.0,195.13,13073.71,1.0
9082,PART9083,brake,BMW,2006,55.0,112.63,6194.65,0.0
9083,PART9084,tire,Honda,2019,42.0,93.33,3919.86,0.0
9084,PART9085,engine,Ford,2001,64.0,446.8,28595.2,0.0
9085,PART9086,transmission,Ford,2010,54.0,448.53,24220.62,1.0
9086,PART9087,engine,Volkswagen,2010,84.0,313.68,26349.12,
9087,PART9088,brake,Audi,2019,51.0,418.66,21351.66,1.0
9088,PART9089,suspension,BMW,2022,79.0,220.73,17437.67,0.0
9089,PART9090,tire,Audi,2000,46.0,408.6,18795.600000000002,
9090,PART9091,tire,Ford,2016,61.0,352.48,21501.280000000002,
9091,PART9092,battery,Mercedes,2022,24.0,454.66,10911.84,
9092,PART9093,brake,Mercedes,2005,39.0,436.96,17041.44,1.0
9093,PART9094,brake,Audi,2022,86.0,301.6,25937.600000000002,
9094,PART9095,transmission,Honda,2013,38.0,383.14,14559.32,0.0
9095,PART9096,brake,Toyota,2015,4.0,386.33,1545.32,
9096,PART9097,suspension,Mercedes,2021,41.0,225.56,9247.960000000001,
9097,PART9098,battery,BMW,2007,7.0,181.86,1273.02,1.0
9098,PART9099,tire,Toyota,2007,75.0,146.08,10956.000000000002,1.0
9099,PART9100,tire,Volkswagen,2019,65.0,167.14,10864.099999999999,1.0
9100,PART9101,engine,BMW,2002,75.0,276.36,20727.0,1.0
9101,PART9102,battery,Audi,2009,29.0,268.73,7793.17,1.0
9102,PART9103,suspension,Audi,2022,86.0,340.7,29300.2,
9103,PART9104,tire,Volkswagen,2022,47.0,397.27,18671.69,1.0
9104,PART9105,brake,Ford,2000,39.0,105.55,4116.45,
9105,PART9106,battery,Volkswagen,2009,19.0,274.42,5213.9800000000005,0.0
9106,PART9107,engine,Ford,2022,96.0,322.3,30940.800000000003,
9107,PART9108,brake,Ford,2003,15.0,354.58,5318.7,1.0
9108,PART9109,battery,Honda,2016,91.0,130.05,11834.550000000001,0.0
9109,PART9110,transmission,Volkswagen,2011,67.0,77.84,5215.280000000001,1.0
9110,PART9111,battery,Toyota,2013,75.0,347.39,26054.25,1.0
9111,PART9112,battery,Volkswagen,2004,8.0,363.92,2911.36,1.0
9112,PART9113,brake,Ford,2017,40.0,388.03,15521.199999999999,
9113,PART9114,engine,BMW,2005,60.0,395.33,23719.8,1.0
9114,PART9115,battery,Audi,2002,48.0,345.65,16591.199999999997,
9115,PART9116,tire,BMW,2020,38.0,257.0,9766.0,1.0
9116,PART9117,tire,Volkswagen,2001,59.0,68.13,4019.6699999999996,
9117,PART9118,tire,BMW,2019,59.0,52.07,3072.13,1.0
9118,PART9119,brake,Volkswagen,2010,52.0,427.25,22217.0,0.0
9119,PART9120,suspension,Honda,2012,58.0,218.86,12693.880000000001,1.0
9120,PART9121,engine,Honda,2017,20.0,344.6,6892.0,
9121,PART9122,transmission,Ford,2002,93.0,462.88,43047.84,
9122,PART9123,tire,BMW,2016,69.0,329.97,22767.93,0.0
9123,PART9124,transmission,BMW,2015,50.0,451.3,22565.0,0.0
9124,PART9125,battery,Toyota,2020,96.0,217.75,20904.0,0.0
9125,PART9126,tire,Volkswagen,2008,88.0,280.44,24678.72,1.0
9126,PART9127,suspension,Honda,2020,20.0,414.68,8293.6,
9127,PART9128,battery,BMW,2007,36.0,477.73,17198.28,1.0
9128,PART9129,engine,Mercedes,2005,96.0,68.99,6623.039999999999,0.0
9129,PART9130,transmission,Audi,2016,60.0,167.06,10023.6,
9130,PART9131,battery,Toyota,2015,6.0,201.94,1211.6399999999999,
9131,PART9132,suspension,Audi,2013,5.0,442.92,2214.6,
9132,PART9133,battery,Mercedes,2004,49.0,125.11,6130.39,1.0
9133,PART9134,battery,Volkswagen,2022,12.0,473.32,5679.84,0.0
9134,PART9135,engine,Honda,2013,39.0,248.35,9685.65,1.0
9135,PART9136,battery,Mercedes,2002,91.0,179.15,16302.65,0.0
9136,PART9137,engine,Ford,2009,83.0,307.45,25518.35,0.0
9137,PART9138,engine,Volkswagen,2022,57.0,235.1,13400.699999999999,1.0
9138,PART9139,transmission,Ford,2010,95.0,92.22,8760.9,1.0
9139,PART9140,engine,Honda,2000,75.0,202.7,15202.5,1.0
9140,PART9141,brake,Honda,2015,81.0,415.95,33691.95,1.0
9141,PART9142,transmission,Audi,2020,11.0,252.45,2776.95,0.0
9142,PART9143,suspension,Honda,2003,44.0,218.14,9598.16,
9143,PART9144,tire,Audi,2012,95.0,470.7,44716.5,
9144,PART9145,battery,Honda,2010,81.0,305.49,24744.690000000002,
9145,PART9146,transmission,Mercedes,2011,6.0,80.53,483.18,
9146,PART9147,engine,Mercedes,2011,96.0,254.77,24457.920000000002,0.0
9147,PART9148,tire,Honda,2021,94.0,206.33,19395.02,0.0
9148,PART9149,transmission,Mercedes,2018,27.0,95.58,2580.66,
9149,PART9150,tire,Mercedes,2020,89.0,137.14,12205.46,
9150,PART9151,battery,Ford,2013,85.0,76.42,6495.7,0.0
9151,PART9152,brake,Honda,2019,88.0,243.21,21402.48,0.0
9152,PART9153,tire,Toyota,2015,34.0,110.87,3769.58,1.0
9153,PART9154,tire,Mercedes,2006,24.0,376.76,9042.24,0.0
9154,PART9155,battery,Audi,2003,43.0,326.99,14060.57,
9155,PART9156,engine,Audi,2010,99.0,353.28,34974.719999999994,
9156,PART9157,transmission,Volkswagen,2019,52.0,316.47,16456.440000000002,0.0
9157,PART9158,brake,BMW,2011,47.0,419.11,19698.170000000002,
9158,PART9159,engine,Ford,2005,67.0,127.63,8551.21,
9159,PART9160,tire,Audi,2011,46.0,368.36,16944.56,
9160,PART9161,engine,BMW,2017,65.0,290.17,18861.05,1.0
9161,PART9162,battery,Mercedes,2007,19.0,213.29,4052.5099999999998,0.0
9162,PART9163,brake,BMW,2003,52.0,84.94,4416.88,
9163,PART9164,tire,Honda,2015,14.0,189.58,2654.1200000000003,0.0
9164,PART9165,battery,BMW,2021,48.0,324.83,15591.84,0.0
9165,PART9166,suspension,Toyota,2010,30.0,429.84,12895.199999999999,0.0
9166,PART9167,engine,Volkswagen,2012,75.0,164.85,12363.75,1.0
9167,PART9168,tire,BMW,2013,83.0,485.79,40320.57,1.0
9168,PART9169,engine,Ford,2014,81.0,423.55,34307.55,1.0
9169,PART9170,tire,Toyota,2018,92.0,335.3,30847.600000000002,0.0
9170,PART9171,suspension,Honda,2002,8.0,378.69,3029.52,1.0
9171,PART9172,engine,Honda,2010,7.0,291.13,2037.9099999999999,0.0
9172,PART9173,engine,Ford,2001,45.0,387.7,17446.5,1.0
9173,PART9174,engine,Ford,2008,23.0,187.76,4318.48,0.0
9174,PART9175,engine,Audi,2010,71.0,413.0,29323.0,1.0
9175,PART9176,suspension,Volkswagen,2006,73.0,143.01,10439.73,
9176,PART9177,transmission,Toyota,2002,78.0,70.04,5463.120000000001,1.0
9177,PART9178,suspension,Ford,2017,50.0,70.41,3520.5,0.0
9178,PART9179,battery,Honda,2007,14.0,58.65,821.1,0.0
9179,PART9180,brake,Mercedes,2000,39.0,439.6,17144.4,
9180,PART9181,brake,Audi,2016,4.0,360.3,1441.2,
9181,PART9182,transmission,Toyota,2014,69.0,250.01,17250.69,
9182,PART9183,brake,Toyota,2010,15.0,416.39,6245.849999999999,1.0
9183,PART9184,battery,Audi,2000,80.0,76.8,6144.0,
9184,PART9185,brake,Honda,2001,33.0,249.07,8219.31,0.0
9185,PART9186,battery,Honda,2016,56.0,335.29,18776.24,0.0
9186,PART9187,suspension,Audi,2021,30.0,407.4,12222.0,0.0
9187,PART9188,tire,Ford,2009,37.0,263.13,9735.81,0.0
9188,PART9189,engine,Honda,2012,52.0,224.21,11658.92,
9189,PART9190,transmission,Honda,2001,94.0,310.04,29143.760000000002,1.0
9190,PART9191,tire,Honda,2005,10.0,395.85,3958.5,0.0
9191,PART9192,suspension,Honda,2005,41.0,440.6,18064.600000000002,
9192,PART9193,suspension,Ford,2016,41.0,77.72,3186.52,0.0
9193,PART9194,battery,Mercedes,2004,63.0,492.45,31024.35,0.0
9194,PART9195,battery,Ford,2003,22.0,181.9,4001.8,1.0
9195,PART9196,brake,Mercedes,2003,45.0,461.06,20747.7,0.0
9196,PART9197,suspension,Mercedes,2007,26.0,297.83,7743.58,1.0
9197,PART9198,suspension,Mercedes,2019,87.0,349.76,30429.12,
9198,PART9199,engine,Honda,2014,44.0,92.65,4076.6000000000004,0.0
9199,PART9200,engine,Honda,2000,85.0,172.23,14639.55,1.0
9200,PART9201,engine,Mercedes,2021,2.0,203.18,406.36,
9201,PART9202,transmission,Honda,2022,83.0,174.97,14522.51,
9202,PART9203,brake,Ford,2010,65.0,137.25,8921.25,1.0
9203,PART9204,battery,Volkswagen,2006,51.0,155.45,7927.95,
9204,PART9205,suspension,BMW,2011,59.0,50.04,2952.36,0.0
9205,PART9206,brake,Volkswagen,2018,71.0,256.85,18236.350000000002,0.0
9206,PART9207,engine,Toyota,2019,12.0,364.21,4370.5199999999995,1.0
9207,PART9208,battery,Honda,2004,68.0,395.93,26923.24,1.0
9208,PART9209,engine,Toyota,2001,97.0,200.99,19496.030000000002,1.0
9209,PART9210,engine,BMW,2003,26.0,400.87,10422.62,1.0
9210,PART9211,transmission,Toyota,2021,38.0,225.35,8563.3,
9211,PART9212,transmission,Ford,2020,58.0,351.17,20367.86,0.0
9212,PART9213,brake,Ford,2016,74.0,201.72,14927.28,1.0
9213,PART9214,suspension,Audi,2009,57.0,406.07,23145.989999999998,0.0
9214,PART9215,engine,Mercedes,2010,29.0,71.75,2080.75,0.0
9215,PART9216,engine,Ford,2001,88.0,199.72,17575.36,
9216,PART9217,engine,Honda,2021,26.0,239.74,6233.24,
9217,PART9218,tire,Volkswagen,2011,89.0,229.54,20429.059999999998,
9218,PART9219,engine,Audi,2015,58.0,268.47,15571.260000000002,1.0
9219,PART9220,transmission,Ford,2007,75.0,319.06,23929.5,0.0
9220,PART9221,suspension,Audi,2020,19.0,350.48,6659.120000000001,0.0
9221,PART9222,suspension,Toyota,2004,49.0,418.67,20514.83,1.0
9222,PART9223,engine,Honda,2012,23.0,262.39,6034.969999999999,
9223,PART9224,engine,Mercedes,2011,37.0,182.26,6743.62,1.0
9224,PART9225,brake,Audi,2005,73.0,221.83,16193.59,1.0
9225,PART9226,tire,Audi,2018,7.0,287.88,2015.1599999999999,
9226,PART9227,battery,BMW,2000,13.0,381.74,4962.62,1.0
9227,PART9228,transmission,Audi,2008,45.0,288.54,12984.300000000001,
9228,PART9229,brake,Audi,2022,88.0,489.49,43075.12,1.0
9229,PART9230,engine,Honda,2018,42.0,385.0,16170.0,1.0
9230,PART9231,battery,Mercedes,2001,64.0,294.24,18831.36,0.0
9231,PART9232,suspension,Volkswagen,2018,61.0,281.9,17195.899999999998,1.0
9232,PART9233,tire,Mercedes,2015,9.0,151.19,1360.71,0.0
9233,PART9234,brake,Honda,2005,3.0,263.64,790.92,0.0
9234,PART9235,brake,Mercedes,2012,42.0,305.93,12849.06,
9235,PART9236,transmission,Honda,2001,37.0,277.72,10275.640000000001,0.0
9236,PART9237,brake,Toyota,2019,71.0,406.1,28833.100000000002,
9237,PART9238,brake,Ford,2016,14.0,310.6,4348.400000000001,
9238,PART9239,battery,Mercedes,2016,95.0,351.7,33411.5,0.0
9239,PART9240,brake,Toyota,2003,37.0,306.46,11339.019999999999,1.0
9240,PART9241,engine,Mercedes,2020,75.0,289.51,21713.25,1.0
9241,PART9242,suspension,Honda,2021,3.0,272.52,817.56,
9242,PART9243,engine,Honda,2010,43.0,323.17,13896.310000000001,1.0
9243,PART9244,tire,BMW,2013,44.0,186.11,8188.84,1.0
9244,PART9245,battery,Ford,2004,90.0,234.99,21149.100000000002,
9245,PART9246,transmission,BMW,2005,97.0,88.32,8567.039999999999,0.0
9246,PART9247,tire,BMW,2006,1.0,280.14,280.14,0.0
9247,PART9248,transmission,Toyota,2014,22.0,361.53,7953.66,
9248,PART9249,suspension,Ford,2007,98.0,116.24,11391.519999999999,
9249,PART9250,brake,Ford,2009,33.0,175.13,5779.29,
9250,PART9251,brake,Honda,2007,54.0,293.68,15858.720000000001,0.0
9251,PART9252,transmission,Honda,2005,89.0,400.51,35645.39,1.0
9252,PART9253,battery,Ford,2016,89.0,406.81,36206.090000000004,0.0
9253,PART9254,tire,Honda,2011,58.0,405.8,23536.4,1.0
9254,PART9255,battery,Toyota,2009,91.0,145.86,13273.260000000002,0.0
9255,PART9256,battery,Toyota,2016,18.0,369.77,6655.86,1.0
9256,PART9257,transmission,BMW,2006,31.0,462.22,14328.820000000002,1.0
9257,PART9258,brake,Audi,2017,54.0,113.21,6113.339999999999,0.0
9258,PART9259,brake,Audi,2022,45.0,137.55,6189.750000000001,0.0
9259,PART9260,battery,Mercedes,2002,62.0,337.23,20908.260000000002,1.0
9260,PART9261,brake,Honda,2018,67.0,342.97,22978.99,
9261,PART9262,engine,Audi,2012,56.0,316.71,17735.76,0.0
9262,PART9263,engine,Mercedes,2005,70.0,298.02,20861.399999999998,1.0
9263,PART9264,suspension,BMW,2007,16.0,243.44,3895.04,0.0
9264,PART9265,suspension,Toyota,2019,71.0,348.35,24732.850000000002,1.0
9265,PART9266,battery,Volkswagen,2013,95.0,372.55,35392.25,
9266,PART9267,transmission,Toyota,2012,85.0,338.65,28785.249999999996,
9267,PART9268,tire,Ford,2004,3.0,452.69,1358.07,0.0
9268,PART9269,suspension,BMW,2003,17.0,199.38,3389.46,
9269,PART9270,engine,Volkswagen,2021,51.0,360.69,18395.19,
9270,PART9271,suspension,Volkswagen,2002,41.0,329.29,13500.890000000001,1.0
9271,PART9272,brake,Volkswagen,2010,48.0,250.22,12010.56,0.0
9272,PART9273,tire,Volkswagen,2015,68.0,487.1,33122.8,0.0
9273,PART9274,transmission,Volkswagen,2009,75.0,182.08,13656.000000000002,0.0
9274,PART9275,transmission,Volkswagen,2018,80.0,54.6,4368.0,0.0
9275,PART9276,brake,Audi,2005,61.0,336.84,20547.239999999998,
9276,PART9277,engine,Audi,2021,63.0,297.16,18721.08,0.0
9277,PART9278,transmission,Ford,2016,54.0,149.95,8097.299999999999,
9278,PART9279,engine,Ford,2017,96.0,157.98,15166.079999999998,
9279,PART9280,brake,Audi,2001,99.0,233.5,23116.5,
9280,PART9281,transmission,Mercedes,2020,61.0,72.03,4393.83,0.0
9281,PART9282,battery,Audi,2007,85.0,454.6,38641.0,1.0
9282,PART9283,engine,Ford,2008,7.0,362.81,2539.67,
9283,PART9284,transmission,Toyota,2022,89.0,419.13,37302.57,0.0
9284,PART9285,tire,BMW,2008,31.0,95.87,2971.9700000000003,0.0
9285,PART9286,suspension,Mercedes,2004,38.0,106.55,4048.9,
9286,PART9287,transmission,Toyota,2014,12.0,97.3,1167.6,0.0
9287,PART9288,transmission,Ford,2000,89.0,476.28,42388.92,0.0
9288,PART9289,suspension,Audi,2022,88.0,138.76,12210.88,1.0
9289,PART9290,transmission,Honda,2000,68.0,205.99,14007.32,0.0
9290,PART9291,suspension,Honda,2022,72.0,269.13,19377.36,0.0
9291,PART9292,transmission,BMW,2005,37.0,395.74,14642.380000000001,
9292,PART9293,tire,Honda,2008,90.0,362.92,32662.800000000003,0.0
9293,PART9294,brake,Honda,2018,8.0,56.03,448.24,
9294,PART9295,transmission,Toyota,2012,86.0,177.05,15226.300000000001,1.0
9295,PART9296,tire,Mercedes,2021,15.0,141.15,2117.25,0.0
9296,PART9297,tire,Mercedes,2002,3.0,416.97,1250.91,
9297,PART9298,engine,Volkswagen,2018,17.0,154.53,2627.01,1.0
9298,PART9299,transmission,Ford,2002,84.0,102.09,8575.56,
9299,PART9300,engine,Toyota,2003,74.0,182.34,13493.16,0.0
9300,PART9301,suspension,Toyota,2018,42.0,82.94,3483.48,0.0
9301,PART9302,transmission,BMW,2007,33.0,304.49,10048.17,
9302,PART9303,suspension,Mercedes,2020,81.0,174.73,14153.13,0.0
9303,PART9304,brake,BMW,2014,59.0,476.44,28109.96,1.0
9304,PART9305,engine,Toyota,2017,26.0,90.54,2354.04,0.0
9305,PART9306,transmission,Audi,2020,33.0,451.4,14896.199999999999,
9306,PART9307,brake,BMW,2003,16.0,325.59,5209.44,0.0
9307,PART9308,tire,Ford,2013,40.0,226.1,9044.0,0.0
9308,PART9309,tire,Toyota,2021,61.0,235.74,14380.140000000001,
9309,PART9310,suspension,Toyota,2022,14.0,459.39,6431.46,1.0
9310,PART9311,battery,Audi,2009,21.0,275.69,5789.49,0.0
9311,PART9312,battery,BMW,2020,7.0,230.3,1612.1000000000001,1.0
9312,PART9313,brake,Ford,2011,12.0,223.32,2679.84,1.0
9313,PART9314,suspension,Volkswagen,2008,35.0,294.59,10310.65,0.0
9314,PART9315,brake,Audi,2014,21.0,357.89,7515.69,
9315,PART9316,suspension,Mercedes,2011,54.0,133.58,7213.320000000001,0.0
9316,PART9317,tire,Mercedes,2007,37.0,231.62,8569.94,0.0
9317,PART9318,tire,Mercedes,2000,33.0,418.93,13824.69,1.0
9318,PART9319,tire,Volkswagen,2018,29.0,389.76,11303.039999999999,1.0
9319,PART9320,battery,BMW,2013,23.0,362.53,8338.189999999999,
9320,PART9321,battery,Volkswagen,2016,51.0,419.44,21391.44,
9321,PART9322,suspension,Ford,2015,79.0,238.37,18831.23,1.0
9322,PART9323,suspension,BMW,2013,22.0,290.6,6393.200000000001,1.0
9323,PART9324,suspension,Audi,2000,85.0,171.97,14617.45,1.0
9324,PART9325,suspension,Toyota,2011,62.0,160.96,9979.52,1.0
9325,PART9326,engine,Mercedes,2004,49.0,336.57,16491.93,1.0
9326,PART9327,tire,Ford,2022,42.0,93.24,3916.08,1.0
9327,PART9328,battery,Mercedes,2016,76.0,485.22,36876.72,1.0
9328,PART9329,transmission,BMW,2006,29.0,261.57,7585.53,
9329,PART9330,transmission,Volkswagen,2006,50.0,440.0,22000.0,
9330,PART9331,battery,Honda,2003,23.0,274.04,6302.92,0.0
9331,PART9332,engine,BMW,2016,69.0,100.77,6953.13,1.0
9332,PART9333,battery,Audi,2004,18.0,177.5,3195.0,0.0
9333,PART9334,battery,Toyota,2017,43.0,139.37,5992.91,1.0
9334,PART9335,tire,Honda,2020,47.0,105.28,4948.16,1.0
9335,PART9336,engine,Ford,2008,42.0,303.34,12740.279999999999,0.0
9336,PART9337,suspension,Volkswagen,2016,77.0,212.0,16324.0,1.0
9337,PART9338,engine,Honda,2021,53.0,84.29,4467.37,0.0
9338,PART9339,tire,Volkswagen,2010,34.0,223.37,7594.58,1.0
9339,PART9340,battery,BMW,2019,29.0,441.84,12813.359999999999,
9340,PART9341,suspension,Volkswagen,2013,70.0,161.81,11326.7,
9341,PART9342,battery,Mercedes,2006,68.0,113.76,7735.68,0.0
9342,PART9343,transmission,Ford,2005,99.0,460.13,45552.87,1.0
9343,PART9344,battery,Ford,2003,39.0,310.45,12107.55,1.0
9344,PART9345,brake,Honda,2015,50.0,286.57,14328.5,
9345,PART9346,brake,Audi,2015,53.0,430.86,22835.58,
9346,PART9347,engine,Mercedes,2011,8.0,329.1,2632.8,0.0
9347,PART9348,suspension,Audi,2010,79.0,496.92,39256.68,
9348,PART9349,battery,Audi,2004,9.0,194.29,1748.61,
9349,PART9350,engine,Audi,2007,50.0,241.17,12058.5,0.0
9350,PART9351,suspension,Toyota,2003,9.0,431.48,3883.32,0.0
9351,PART9352,transmission,Mercedes,2005,31.0,120.81,3745.11,1.0
9352,PART9353,transmission,Mercedes,2020,82.0,421.19,34537.58,0.0
9353,PART9354,brake,Volkswagen,2018,42.0,420.68,17668.56,1.0
9354,PART9355,brake,Toyota,2017,98.0,80.09,7848.820000000001,
9355,PART9356,brake,Toyota,2009,58.0,141.95,8233.099999999999,0.0
9356,PART9357,battery,Audi,2019,38.0,65.93,2505.34,
9357,PART9358,battery,Toyota,2007,97.0,214.69,20824.93,0.0
9358,PART9359,brake,Mercedes,2006,76.0,319.4,24274.399999999998,0.0
9359,PART9360,engine,Toyota,2010,8.0,255.44,2043.52,
9360,PART9361,engine,Ford,2017,13.0,277.06,3601.78,
9361,PART9362,engine,Mercedes,2010,4.0,128.6,514.4,0.0
9362,PART9363,engine,BMW,2011,83.0,364.32,30238.559999999998,1.0
9363,PART9364,suspension,Honda,2007,69.0,258.32,17824.079999999998,
9364,PART9365,suspension,BMW,2009,57.0,231.47,13193.789999999999,
9365,PART9366,brake,Ford,2015,18.0,427.41,7693.38,0.0
9366,PART9367,suspension,Honda,2001,2.0,159.26,318.52,0.0
9367,PART9368,brake,Volkswagen,2009,87.0,213.99,18617.13,0.0
9368,PART9369,battery,Volkswagen,2017,37.0,91.47,3384.39,0.0
9369,PART9370,transmission,Honda,2019,52.0,440.15,22887.8,1.0
9370,PART9371,tire,Ford,2007,34.0,204.44,6950.96,
9371,PART9372,suspension,Toyota,2007,80.0,148.44,11875.2,
9372,PART9373,engine,Audi,2007,24.0,255.33,6127.92,1.0
9373,PART9374,engine,Ford,2013,21.0,328.35,6895.35,
9374,PART9375,tire,BMW,2022,18.0,474.32,8537.76,
9375,PART9376,battery,BMW,2009,44.0,154.38,6792.719999999999,0.0
9376,PART9377,tire,Toyota,2004,36.0,491.06,17678.16,
9377,PART9378,tire,Audi,2007,3.0,210.99,632.97,1.0
9378,PART9379,battery,Honda,2021,39.0,289.33,11283.869999999999,0.0
9379,PART9380,battery,BMW,2017,14.0,51.31,718.34,0.0
9380,PART9381,transmission,Mercedes,2004,68.0,226.75,15419.0,1.0
9381,PART9382,transmission,Audi,2010,68.0,457.07,31080.76,
9382,PART9383,suspension,BMW,2011,5.0,67.44,337.2,1.0
9383,PART9384,brake,Audi,2015,50.0,347.12,17356.0,
9384,PART9385,engine,Ford,2014,89.0,141.02,12550.78,0.0
9385,PART9386,battery,Volkswagen,2000,3.0,440.6,1321.8000000000002,
9386,PART9387,suspension,Ford,2009,34.0,245.82,8357.88,1.0
9387,PART9388,engine,Volkswagen,2002,49.0,416.32,20399.68,1.0
9388,PART9389,engine,Volkswagen,2015,97.0,322.65,31297.05,
9389,PART9390,tire,Ford,2009,23.0,335.27,7711.209999999999,
9390,PART9391,suspension,Ford,2001,89.0,262.0,23318.0,0.0
9391,PART9392,transmission,Audi,2009,56.0,409.07,22907.92,1.0
9392,PART9393,transmission,Audi,2012,40.0,217.82,8712.8,
9393,PART9394,suspension,Volkswagen,2000,40.0,201.73,8069.2,
9394,PART9395,suspension,Audi,2016,52.0,438.58,22806.16,
9395,PART9396,transmission,Toyota,2008,73.0,384.75,28086.75,
9396,PART9397,battery,Ford,2012,68.0,89.21,6066.28,0.0
9397,PART9398,transmission,Volkswagen,2006,7.0,385.58,2699.06,1.0
9398,PART9399,suspension,Audi,2002,31.0,212.54,6588.74,0.0
9399,PART9400,battery,BMW,2001,34.0,55.68,1893.12,
9400,PART9401,transmission,Volkswagen,2017,30.0,70.18,2105.4,1.0
9401,PART9402,suspension,Toyota,2011,67.0,235.17,15756.39,
9402,PART9403,brake,Audi,2008,49.0,361.63,17719.87,0.0
9403,PART9404,suspension,Volkswagen,2013,22.0,373.79,8223.380000000001,1.0
9404,PART9405,battery,Volkswagen,2003,27.0,296.53,8006.3099999999995,
9405,PART9406,battery,Volkswagen,2015,38.0,210.85,8012.3,0.0
9406,PART9407,transmission,BMW,2003,43.0,460.41,19797.63,
9407,PART9408,tire,BMW,2003,14.0,125.09,1751.26,0.0
9408,PART9409,tire,Ford,2014,88.0,360.61,31733.68,1.0
9409,PART9410,battery,Audi,2015,82.0,84.5,6929.0,1.0
9410,PART9411,tire,Audi,2003,58.0,291.42,16902.36,1.0
9411,PART9412,battery,BMW,2001,77.0,139.93,10774.61,
9412,PART9413,brake,Ford,2014,89.0,467.44,41602.159999999996,0.0
9413,PART9414,brake,Audi,2008,22.0,308.97,6797.34,
9414,PART9415,transmission,Mercedes,2009,70.0,337.07,23594.899999999998,
9415,PART9416,transmission,Mercedes,2011,4.0,318.55,1274.2,0.0
9416,PART9417,battery,Audi,2004,95.0,150.44,14291.8,
9417,PART9418,suspension,Toyota,2011,67.0,193.92,12992.64,1.0
9418,PART9419,brake,Audi,2000,83.0,386.19,32053.77,0.0
9419,PART9420,engine,Audi,2009,19.0,171.52,3258.88,
9420,PART9421,engine,Honda,2017,8.0,285.94,2287.52,
9421,PART9422,engine,Honda,2006,68.0,239.33,16274.44,
9422,PART9423,suspension,Toyota,2016,83.0,182.48,15145.839999999998,1.0
9423,PART9424,suspension,Audi,2001,24.0,131.63,3159.12,
9424,PART9425,brake,Toyota,2017,15.0,342.37,5135.55,
9425,PART9426,transmission,BMW,2017,39.0,379.96,14818.439999999999,1.0
9426,PART9427,transmission,Honda,2018,67.0,464.7,31134.899999999998,1.0
9427,PART9428,transmission,Mercedes,2004,51.0,306.23,15617.730000000001,
9428,PART9429,transmission,Volkswagen,2005,76.0,158.83,12071.080000000002,1.0
9429,PART9430,transmission,Mercedes,2013,51.0,118.11,6023.61,0.0
9430,PART9431,tire,Mercedes,2021,93.0,465.66,43306.380000000005,1.0
9431,PART9432,engine,Ford,2005,10.0,200.63,2006.3,
9432,PART9433,transmission,Toyota,2010,31.0,382.1,11845.1,
9433,PART9434,battery,Mercedes,2002,6.0,416.09,2496.54,0.0
9434,PART9435,tire,Honda,2004,7.0,365.77,2560.39,1.0
9435,PART9436,transmission,BMW,2010,35.0,95.04,3326.4,0.0
9436,PART9437,engine,Honda,2000,94.0,158.93,14939.42,0.0
9437,PART9438,suspension,Honda,2021,15.0,261.92,3928.8,0.0
9438,PART9439,brake,Honda,2012,31.0,152.69,4733.39,
9439,PART9440,engine,Volkswagen,2010,89.0,322.79,28728.31,1.0
9440,PART9441,engine,Volkswagen,2016,17.0,151.76,2579.92,1.0
9441,PART9442,suspension,BMW,2007,85.0,329.91,28042.350000000002,1.0
9442,PART9443,transmission,Mercedes,2011,12.0,182.02,2184.2400000000002,0.0
9443,PART9444,suspension,Volkswagen,2009,29.0,462.1,13400.900000000001,0.0
9444,PART9445,suspension,BMW,2013,2.0,239.38,478.76,0.0
9445,PART9446,engine,Toyota,2015,64.0,80.47,5150.08,1.0
9446,PART9447,battery,Mercedes,2014,90.0,370.55,33349.5,1.0
9447,PART9448,brake,Ford,2016,69.0,365.16,25196.04,1.0
9448,PART9449,suspension,Mercedes,2010,63.0,344.55,21706.65,0.0
9449,PART9450,engine,Honda,2010,57.0,463.24,26404.68,0.0
9450,PART9451,brake,Audi,2007,75.0,494.24,37068.0,1.0
9451,PART9452,tire,Volkswagen,2014,28.0,437.1,12238.800000000001,
9452,PART9453,brake,Mercedes,2000,45.0,398.76,17944.2,1.0
9453,PART9454,tire,Mercedes,2009,79.0,218.14,17233.059999999998,0.0
9454,PART9455,suspension,Volkswagen,2009,96.0,129.61,12442.560000000001,0.0
9455,PART9456,tire,Toyota,2022,10.0,259.82,2598.2,1.0
9456,PART9457,battery,Mercedes,2009,13.0,232.47,3022.11,1.0
9457,PART9458,brake,BMW,2017,38.0,422.96,16072.48,1.0
9458,PART9459,brake,Toyota,2022,14.0,79.32,1110.48,1.0
9459,PART9460,suspension,Volkswagen,2000,96.0,428.29,41115.840000000004,
9460,PART9461,transmission,Toyota,2011,55.0,450.62,24784.1,
9461,PART9462,brake,Mercedes,2019,49.0,433.65,21248.85,0.0
9462,PART9463,tire,Audi,2013,27.0,317.55,8573.85,0.0
9463,PART9464,engine,Toyota,2008,23.0,329.12,7569.76,0.0
9464,PART9465,brake,Toyota,2017,95.0,248.39,23597.05,
9465,PART9466,engine,Mercedes,2002,75.0,435.02,32626.5,
9466,PART9467,transmission,Toyota,2006,10.0,283.33,2833.2999999999997,1.0
9467,PART9468,suspension,Toyota,2008,16.0,198.31,3172.96,0.0
9468,PART9469,brake,Toyota,2008,97.0,370.24,35913.28,1.0
9469,PART9470,engine,Honda,2012,94.0,475.02,44651.88,
9470,PART9471,engine,Audi,2021,52.0,383.63,19948.76,0.0
9471,PART9472,transmission,Honda,2018,8.0,184.22,1473.76,1.0
9472,PART9473,engine,Honda,2010,65.0,423.19,27507.35,1.0
9473,PART9474,suspension,Toyota,2001,10.0,175.65,1756.5,0.0
9474,PART9475,engine,Volkswagen,2021,87.0,52.68,4583.16,0.0
9475,PART9476,brake,Audi,2003,20.0,236.59,4731.8,0.0
9476,PART9477,transmission,Volkswagen,2001,56.0,263.22,14740.320000000002,1.0
9477,PART9478,battery,Mercedes,2022,19.0,390.2,7413.8,1.0
9478,PART9479,suspension,Mercedes,2014,92.0,161.49,14857.080000000002,0.0
9479,PART9480,transmission,Volkswagen,2016,22.0,464.47,10218.34,
9480,PART9481,suspension,Mercedes,2008,4.0,443.56,1774.24,
9481,PART9482,transmission,Mercedes,2020,50.0,85.92,4296.0,0.0
9482,PART9483,tire,Mercedes,2016,60.0,119.04,7142.400000000001,0.0
9483,PART9484,battery,Mercedes,2000,32.0,141.03,4512.96,0.0
9484,PART9485,engine,Honda,2019,18.0,69.43,1249.7400000000002,0.0
9485,PART9486,engine,Ford,2009,68.0,259.49,17645.32,1.0
9486,PART9487,brake,Audi,2014,1.0,144.64,144.64,
9487,PART9488,transmission,Mercedes,2002,73.0,122.81,8965.130000000001,1.0
9488,PART9489,transmission,BMW,2010,68.0,292.78,19909.039999999997,
9489,PART9490,suspension,Mercedes,2020,69.0,447.25,30860.25,0.0
9490,PART9491,suspension,Ford,2013,9.0,125.29,1127.6100000000001,
9491,PART9492,brake,Mercedes,2001,31.0,284.94,8833.14,1.0
9492,PART9493,engine,Honda,2004,61.0,369.3,22527.3,1.0
9493,PART9494,tire,Ford,2012,16.0,255.49,4087.84,1.0
9494,PART9495,battery,Honda,2009,4.0,409.3,1637.2,0.0
9495,PART9496,transmission,Mercedes,2006,49.0,338.35,16579.15,1.0
9496,PART9497,transmission,Audi,2014,43.0,467.8,20115.4,0.0
9497,PART9498,engine,Toyota,2012,72.0,446.01,32112.72,
9498,PART9499,engine,Ford,2013,32.0,262.13,8388.16,0.0
9499,PART9500,battery,BMW,2013,89.0,395.49,35198.61,0.0
9500,PART9501,transmission,Ford,2008,74.0,368.77,27288.98,
9501,PART9502,suspension,BMW,2007,42.0,436.43,18330.06,
9502,PART9503,suspension,Toyota,2008,16.0,383.14,6130.24,0.0
9503,PART9504,battery,Ford,2017,84.0,290.12,24370.08,
9504,PART9505,transmission,BMW,2008,37.0,477.62,17671.94,1.0
9505,PART9506,brake,Honda,2006,5.0,286.69,1433.45,
9506,PART9507,brake,BMW,2020,8.0,254.1,2032.8,0.0
9507,PART9508,tire,Honda,2018,97.0,251.03,24349.91,1.0
9508,PART9509,battery,Mercedes,2013,40.0,201.26,8050.4,1.0
9509,PART9510,engine,Audi,2002,47.0,399.84,18792.48,1.0
9510,PART9511,brake,Volkswagen,2012,81.0,298.77,24200.37,0.0
9511,PART9512,battery,Toyota,2002,72.0,67.51,4860.72,1.0
9512,PART9513,transmission,Honda,2020,30.0,224.65,6739.5,
9513,PART9514,suspension,Audi,2011,51.0,151.82,7742.82,
9514,PART9515,brake,Ford,2022,27.0,361.3,9755.1,
9515,PART9516,tire,Volkswagen,2017,45.0,207.79,9350.55,1.0
9516,PART9517,tire,Ford,2019,68.0,63.31,4305.08,
9517,PART9518,tire,Audi,2004,82.0,309.2,25354.399999999998,
9518,PART9519,tire,BMW,2002,12.0,346.18,4154.16,
9519,PART9520,engine,Audi,2008,30.0,373.59,11207.699999999999,1.0
9520,PART9521,battery,Mercedes,2017,60.0,200.62,12037.2,0.0
9521,PART9522,suspension,Honda,2019,34.0,217.5,7395.0,0.0
9522,PART9523,engine,Audi,2008,12.0,483.82,5805.84,1.0
9523,PART9524,battery,Audi,2011,85.0,150.79,12817.15,
9524,PART9525,battery,BMW,2013,95.0,489.41,46493.950000000004,1.0
9525,PART9526,engine,Mercedes,2002,35.0,431.2,15092.0,1.0
9526,PART9527,transmission,Toyota,2007,32.0,230.58,7378.56,
9527,PART9528,engine,Mercedes,2019,9.0,180.31,1622.79,1.0
9528,PART9529,engine,Ford,2000,66.0,228.65,15090.9,
9529,PART9530,transmission,Ford,2019,21.0,456.57,9587.97,0.0
9530,PART9531,engine,Audi,2013,18.0,135.68,2442.2400000000002,0.0
9531,PART9532,brake,Ford,2009,30.0,152.63,4578.9,
9532,PART9533,tire,Volkswagen,2006,59.0,344.19,20307.21,1.0
9533,PART9534,engine,Toyota,2011,71.0,343.34,24377.14,0.0
9534,PART9535,brake,Mercedes,2005,54.0,210.61,11372.94,1.0
9535,PART9536,transmission,Honda,2006,12.0,468.79,5625.4800000000005,1.0
9536,PART9537,engine,Ford,2017,43.0,291.42,12531.060000000001,1.0
9537,PART9538,brake,Mercedes,2014,20.0,336.12,6722.4,0.0
9538,PART9539,tire,Volkswagen,2020,54.0,241.12,13020.48,1.0
9539,PART9540,tire,Ford,2000,64.0,193.87,12407.68,0.0
9540,PART9541,tire,Honda,2000,57.0,82.55,4705.349999999999,
9541,PART9542,tire,Audi,2018,63.0,78.4,4939.200000000001,0.0
9542,PART9543,brake,Volkswagen,2004,87.0,184.52,16053.240000000002,1.0
9543,PART9544,tire,Volkswagen,2011,62.0,103.03,6387.86,
9544,PART9545,transmission,Volkswagen,2011,69.0,100.43,6929.67,0.0
9545,PART9546,transmission,Toyota,2007,4.0,199.51,798.04,
9546,PART9547,battery,Volkswagen,2007,86.0,372.99,32077.14,
9547,PART9548,suspension,Audi,2012,97.0,494.77,47992.689999999995,1.0
9548,PART9549,tire,Mercedes,2007,15.0,176.72,2650.8,
9549,PART9550,engine,Toyota,2009,99.0,251.74,24922.260000000002,1.0
9550,PART9551,tire,Honda,2007,38.0,63.37,2408.06,0.0
9551,PART9552,engine,Honda,2011,38.0,149.1,5665.8,1.0
9552,PART9553,transmission,Ford,2009,41.0,319.05,13081.050000000001,1.0
9553,PART9554,suspension,Toyota,2021,63.0,378.23,23828.49,
9554,PART9555,brake,Toyota,2018,62.0,366.77,22739.739999999998,0.0
9555,PART9556,engine,Toyota,2017,46.0,174.6,8031.599999999999,1.0
9556,PART9557,suspension,Honda,2000,59.0,122.48,7226.320000000001,1.0
9557,PART9558,brake,Volkswagen,2006,80.0,130.67,10453.599999999999,0.0
9558,PART9559,engine,Audi,2001,68.0,333.89,22704.52,0.0
9559,PART9560,transmission,BMW,2006,68.0,492.98,33522.64,1.0
9560,PART9561,engine,BMW,2021,71.0,322.94,22928.74,
9561,PART9562,engine,Honda,2012,78.0,231.2,18033.6,1.0
9562,PART9563,tire,Toyota,2003,22.0,233.53,5137.66,0.0
9563,PART9564,transmission,BMW,2020,45.0,90.06,4052.7000000000003,1.0
9564,PART9565,battery,Mercedes,2015,95.0,149.34,14187.300000000001,1.0
9565,PART9566,tire,Toyota,2017,54.0,94.17,5085.18,
9566,PART9567,suspension,Volkswagen,2022,26.0,103.78,2698.28,0.0
9567,PART9568,transmission,Ford,2018,9.0,115.12,1036.08,1.0
9568,PART9569,suspension,Toyota,2013,82.0,478.99,39277.18,0.0
9569,PART9570,engine,Toyota,2022,89.0,309.28,27525.92,0.0
9570,PART9571,engine,Ford,2001,23.0,118.34,2721.82,
9571,PART9572,engine,Toyota,2012,33.0,343.59,11338.47,1.0
9572,PART9573,transmission,Toyota,2001,74.0,267.27,19777.98,1.0
9573,PART9574,suspension,Mercedes,2022,70.0,322.06,22544.2,
9574,PART9575,transmission,Mercedes,2020,31.0,253.45,7856.95,0.0
9575,PART9576,battery,Audi,2015,60.0,163.26,9795.599999999999,1.0
9576,PART9577,brake,Volkswagen,2001,47.0,93.36,4387.92,1.0
9577,PART9578,battery,Audi,2012,97.0,298.65,28969.05,0.0
9578,PART9579,suspension,Ford,2020,75.0,495.07,37130.25,1.0
9579,PART9580,brake,Honda,2004,62.0,117.17,7264.54,1.0
9580,PART9581,brake,Honda,2011,22.0,96.66,2126.52,1.0
9581,PART9582,tire,Ford,2008,86.0,322.42,27728.120000000003,1.0
9582,PART9583,battery,Mercedes,2008,69.0,71.64,4943.16,1.0
9583,PART9584,tire,Audi,2017,35.0,319.08,11167.8,
9584,PART9585,engine,BMW,2000,65.0,242.69,15774.85,0.0
9585,PART9586,tire,Audi,2020,5.0,444.24,2221.2,0.0
9586,PART9587,engine,Mercedes,2009,25.0,402.43,10060.75,0.0
9587,PART9588,brake,Audi,2016,79.0,109.59,8657.61,1.0
9588,PART9589,tire,Volkswagen,2005,83.0,54.35,4511.05,
9589,PART9590,brake,Volkswagen,2021,27.0,386.55,10436.85,
9590,PART9591,engine,BMW,2010,26.0,355.57,9244.82,
9591,PART9592,battery,Ford,2015,38.0,498.93,18959.34,1.0
9592,PART9593,transmission,Mercedes,2018,35.0,74.83,2619.0499999999997,1.0
9593,PART9594,brake,Audi,2016,6.0,121.54,729.24,0.0
9594,PART9595,tire,BMW,2001,73.0,346.37,25285.010000000002,
9595,PART9596,engine,Volkswagen,2019,98.0,139.18,13639.640000000001,0.0
9596,PART9597,engine,Honda,2007,94.0,96.8,9099.199999999999,
9597,PART9598,engine,Ford,2010,13.0,97.26,1264.38,
9598,PART9599,brake,Honda,2004,94.0,457.04,42961.76,
9599,PART9600,transmission,Honda,2022,10.0,90.5,905.0,
9600,PART9601,brake,Audi,2011,11.0,424.3,4667.3,
9601,PART9602,tire,Mercedes,2009,66.0,92.89,6130.74,
9602,PART9603,tire,Honda,2008,55.0,262.22,14422.100000000002,1.0
9603,PART9604,tire,Ford,2017,54.0,189.89,10254.06,1.0
9604,PART9605,battery,Volkswagen,2005,88.0,321.29,28273.52,0.0
9605,PART9606,transmission,BMW,2019,55.0,422.78,23252.899999999998,
9606,PART9607,brake,Audi,2020,25.0,321.02,8025.5,
9607,PART9608,battery,Honda,2020,5.0,308.92,1544.6000000000001,1.0
9608,PART9609,engine,Audi,2002,14.0,491.72,6884.08,0.0
9609,PART9610,suspension,Toyota,2017,72.0,480.31,34582.32,1.0
9610,PART9611,battery,Volkswagen,2004,61.0,362.41,22107.010000000002,0.0
9611,PART9612,engine,Mercedes,2010,17.0,234.9,3993.3,
9612,PART9613,tire,Ford,2003,36.0,114.77,4131.72,
9613,PART9614,suspension,Ford,2019,90.0,111.23,10010.7,1.0
9614,PART9615,engine,BMW,2000,69.0,390.12,26918.28,
9615,PART9616,tire,Toyota,2021,30.0,342.41,10272.300000000001,1.0
9616,PART9617,transmission,BMW,2017,67.0,236.25,15828.75,1.0
9617,PART9618,engine,Audi,2002,47.0,338.86,15926.42,0.0
9618,PART9619,engine,Mercedes,2016,73.0,365.93,26712.89,0.0
9619,PART9620,transmission,Ford,2012,24.0,210.88,5061.12,1.0
9620,PART9621,brake,Honda,2001,27.0,472.23,12750.210000000001,
9621,PART9622,brake,Honda,2012,90.0,271.28,24415.199999999997,
9622,PART9623,transmission,Ford,2008,56.0,117.36,6572.16,0.0
9623,PART9624,brake,Mercedes,2014,92.0,477.79,43956.68,1.0
9624,PART9625,transmission,Mercedes,2008,7.0,68.79,481.53000000000003,0.0
9625,PART9626,brake,Toyota,2009,35.0,112.52,3938.2,
9626,PART9627,engine,Volkswagen,2001,46.0,306.38,14093.48,1.0
9627,PART9628,suspension,Volkswagen,2013,29.0,351.99,10207.710000000001,0.0
9628,PART9629,battery,Honda,2005,12.0,79.84,958.08,1.0
9629,PART9630,engine,Volkswagen,2019,29.0,233.06,6758.74,1.0
9630,PART9631,engine,Ford,2010,81.0,124.23,10062.630000000001,
9631,PART9632,transmission,Toyota,2015,49.0,316.22,15494.78,
9632,PART9633,engine,Honda,2005,28.0,238.69,6683.32,
9633,PART9634,brake,Volkswagen,2017,9.0,169.41,1524.69,0.0
9634,PART9635,suspension,Toyota,2003,67.0,210.94,14132.98,1.0
9635,PART9636,battery,BMW,2002,96.0,145.19,13938.24,1.0
9636,PART9637,engine,Audi,2013,30.0,381.56,11446.8,
9637,PART9638,battery,BMW,2002,87.0,291.78,25384.859999999997,1.0
9638,PART9639,transmission,Mercedes,2007,89.0,296.41,26380.49,
9639,PART9640,transmission,Honda,2016,47.0,311.11,14622.17,
9640,PART9641,transmission,Toyota,2022,16.0,220.95,3535.2,
9641,PART9642,engine,Toyota,2016,50.0,495.57,24778.5,0.0
9642,PART9643,battery,Ford,2007,70.0,205.07,14354.9,0.0
9643,PART9644,engine,Ford,2015,94.0,255.75,24040.5,
9644,PART9645,battery,Audi,2011,90.0,130.95,11785.499999999998,0.0
9645,PART9646,engine,Volkswagen,2015,89.0,476.81,42436.090000000004,0.0
9646,PART9647,battery,Mercedes,2014,22.0,194.85,4286.7,1.0
9647,PART9648,suspension,Honda,2010,18.0,170.31,3065.58,
9648,PART9649,battery,Mercedes,2001,61.0,167.2,10199.199999999999,0.0
9649,PART9650,transmission,Volkswagen,2004,97.0,439.32,42614.04,1.0
9650,PART9651,brake,Ford,2014,81.0,129.78,10512.18,1.0
9651,PART9652,brake,Audi,2015,90.0,436.6,39294.0,
9652,PART9653,suspension,Ford,2022,96.0,376.43,36137.28,
9653,PART9654,suspension,Audi,2011,97.0,369.83,35873.51,0.0
9654,PART9655,transmission,Audi,2016,46.0,437.54,20126.84,0.0
9655,PART9656,battery,Ford,2013,12.0,383.93,4607.16,0.0
9656,PART9657,suspension,Toyota,2022,71.0,309.08,21944.68,0.0
9657,PART9658,transmission,Audi,2010,94.0,188.7,17737.8,1.0
9658,PART9659,transmission,BMW,2008,80.0,52.24,4179.2,
9659,PART9660,engine,Volkswagen,2004,53.0,371.14,19670.42,0.0
9660,PART9661,suspension,Audi,2016,79.0,419.9,33172.1,0.0
9661,PART9662,suspension,Ford,2015,88.0,56.12,4938.5599999999995,0.0
9662,PART9663,suspension,Toyota,2017,58.0,133.07,7718.0599999999995,
9663,PART9664,brake,BMW,2015,84.0,423.74,35594.16,1.0
9664,PART9665,engine,Honda,2014,39.0,396.2,15451.8,1.0
9665,PART9666,engine,Mercedes,2001,81.0,436.62,35366.22,
9666,PART9667,suspension,Audi,2001,15.0,472.13,7081.95,1.0
9667,PART9668,brake,Audi,2010,57.0,365.58,20838.059999999998,1.0
9668,PART9669,battery,BMW,2003,72.0,491.97,35421.840000000004,
9669,PART9670,transmission,Mercedes,2016,29.0,237.64,6891.5599999999995,
9670,PART9671,battery,BMW,2002,65.0,61.62,4005.2999999999997,1.0
9671,PART9672,battery,BMW,2009,63.0,285.39,17979.57,1.0
9672,PART9673,engine,Toyota,2012,25.0,454.34,11358.5,0.0
9673,PART9674,battery,BMW,2013,16.0,218.66,3498.56,0.0
9674,PART9675,transmission,Honda,2006,15.0,169.99,2549.8500000000004,0.0
9675,PART9676,tire,Toyota,2006,41.0,265.78,10896.98,0.0
9676,PART9677,suspension,Toyota,2012,2.0,187.98,375.96,0.0
9677,PART9678,suspension,BMW,2002,96.0,360.25,34584.0,1.0
9678,PART9679,battery,Mercedes,2004,89.0,53.98,4804.219999999999,1.0
9679,PART9680,transmission,Toyota,2015,73.0,454.3,33163.9,1.0
9680,PART9681,tire,Volkswagen,2003,78.0,238.34,18590.52,1.0
9681,PART9682,brake,Ford,2001,78.0,427.35,33333.3,1.0
9682,PART9683,transmission,Ford,2014,89.0,208.41,18548.489999999998,
9683,PART9684,battery,Mercedes,2000,84.0,429.99,36119.16,1.0
9684,PART9685,engine,Honda,2001,87.0,453.43,39448.41,
9685,PART9686,engine,Mercedes,2013,4.0,347.65,1390.6,1.0
9686,PART9687,suspension,Ford,2014,14.0,497.56,6965.84,1.0
9687,PART9688,suspension,BMW,2013,14.0,332.88,4660.32,
9688,PART9689,tire,Audi,2020,91.0,356.57,32447.87,0.0
9689,PART9690,transmission,Ford,2009,59.0,485.29,28632.11,1.0
9690,PART9691,suspension,Ford,2003,16.0,283.36,4533.76,0.0
9691,PART9692,battery,Honda,2005,93.0,291.97,27153.210000000003,1.0
9692,PART9693,engine,BMW,2001,42.0,181.77,7634.34,1.0
9693,PART9694,engine,Toyota,2019,43.0,433.29,18631.47,1.0
9694,PART9695,tire,Audi,2000,48.0,498.13,23910.239999999998,0.0
9695,PART9696,transmission,Toyota,2022,30.0,217.84,6535.2,0.0
9696,PART9697,suspension,BMW,2017,94.0,445.38,41865.72,1.0
9697,PART9698,suspension,BMW,2001,51.0,469.5,23944.5,1.0
9698,PART9699,brake,Ford,2003,52.0,114.85,5972.2,1.0
9699,PART9700,battery,Toyota,2017,22.0,90.32,1987.04,0.0
9700,PART9701,brake,Volkswagen,2002,82.0,289.47,23736.54,0.0
9701,PART9702,tire,Ford,2007,44.0,80.49,3541.56,0.0
9702,PART9703,tire,Toyota,2016,90.0,380.38,34234.2,0.0
9703,PART9704,brake,Volkswagen,2014,42.0,73.91,3104.22,1.0
9704,PART9705,tire,Audi,2015,4.0,204.29,817.16,1.0
9705,PART9706,transmission,Audi,2021,24.0,457.45,10978.8,
9706,PART9707,tire,Honda,2015,52.0,357.1,18569.2,1.0
9707,PART9708,brake,Honda,2019,53.0,368.65,19538.449999999997,
9708,PART9709,engine,Honda,2016,47.0,234.22,11008.34,1.0
9709,PART9710,suspension,Ford,2011,43.0,347.23,14930.890000000001,0.0
9710,PART9711,engine,Volkswagen,2002,63.0,254.3,16020.900000000001,0.0
9711,PART9712,suspension,Audi,2015,12.0,124.13,1489.56,1.0
9712,PART9713,engine,Toyota,2002,12.0,231.42,2777.04,1.0
9713,PART9714,tire,Mercedes,2005,97.0,147.01,14259.97,1.0
9714,PART9715,tire,Ford,2006,13.0,385.38,5009.94,0.0
9715,PART9716,suspension,Honda,2013,44.0,234.03,10297.32,0.0
9716,PART9717,tire,Honda,2001,85.0,321.43,27321.55,
9717,PART9718,tire,Volkswagen,2007,73.0,159.22,11623.06,0.0
9718,PART9719,battery,Toyota,2003,88.0,182.7,16077.599999999999,
9719,PART9720,brake,Toyota,2022,38.0,177.0,6726.0,0.0
9720,PART9721,tire,Honda,2005,61.0,184.54,11256.939999999999,
9721,PART9722,battery,Volkswagen,2007,10.0,376.53,3765.2999999999997,
9722,PART9723,tire,Toyota,2004,61.0,255.81,15604.41,0.0
9723,PART9724,suspension,BMW,2018,24.0,391.11,9386.64,
9724,PART9725,tire,Honda,2009,22.0,447.13,9836.86,
9725,PART9726,brake,Honda,2021,43.0,294.87,12679.41,1.0
9726,PART9727,tire,Ford,2021,5.0,207.11,1035.5500000000002,0.0
9727,PART9728,tire,Mercedes,2020,97.0,369.75,35865.75,
9728,PART9729,engine,Ford,2001,87.0,244.15,21241.05,
9729,PART9730,engine,Honda,2015,74.0,455.17,33682.58,1.0
9730,PART9731,tire,Audi,2012,96.0,410.66,39423.36,0.0
9731,PART9732,engine,Honda,2018,65.0,273.9,17803.5,1.0
9732,PART9733,transmission,Mercedes,2006,57.0,75.1,4280.7,0.0
9733,PART9734,transmission,Honda,2009,12.0,299.72,3596.6400000000003,1.0
9734,PART9735,battery,Volkswagen,2013,86.0,84.73,7286.780000000001,1.0
9735,PART9736,transmission,Honda,2001,14.0,309.57,4333.98,1.0
9736,PART9737,battery,Volkswagen,2017,59.0,146.89,8666.509999999998,0.0
9737,PART9738,engine,Audi,2003,94.0,82.83,7786.0199999999995,0.0
9738,PART9739,transmission,Honda,2012,55.0,476.73,26220.15,1.0
9739,PART9740,brake,Mercedes,2000,16.0,221.96,3551.36,
9740,PART9741,brake,Audi,2003,30.0,365.57,10967.1,0.0
9741,PART9742,transmission,Mercedes,2003,21.0,99.15,2082.15,1.0
9742,PART9743,tire,Volkswagen,2021,8.0,64.95,519.6,1.0
9743,PART9744,suspension,Audi,2013,75.0,405.47,30410.250000000004,
9744,PART9745,brake,Audi,2003,59.0,446.82,26362.38,
9745,PART9746,tire,Ford,2002,32.0,379.24,12135.68,
9746,PART9747,battery,Honda,2013,73.0,287.45,20983.85,0.0
9747,PART9748,battery,Mercedes,2004,78.0,353.12,27543.36,
9748,PART9749,suspension,Audi,2008,34.0,291.97,9926.980000000001,
9749,PART9750,transmission,Audi,2020,68.0,444.16,30202.88,
9750,PART9751,transmission,Honda,2004,31.0,132.87,4118.97,1.0
9751,PART9752,brake,Ford,2016,34.0,328.51,11169.34,0.0
9752,PART9753,suspension,Ford,2010,71.0,419.43,29779.53,
9753,PART9754,engine,Volkswagen,2022,54.0,237.58,12829.320000000002,1.0
9754,PART9755,battery,BMW,2014,32.0,435.21,13926.72,
9755,PART9756,transmission,Audi,2022,28.0,104.74,2932.72,1.0
9756,PART9757,battery,Volkswagen,2006,26.0,499.55,12988.300000000001,0.0
9757,PART9758,transmission,Mercedes,2016,62.0,239.99,14879.380000000001,
9758,PART9759,tire,Honda,2016,91.0,423.42,38531.22,0.0
9759,PART9760,tire,Volkswagen,2001,36.0,334.21,12031.56,1.0
9760,PART9761,engine,Audi,2019,91.0,393.19,35780.29,0.0
9761,PART9762,brake,Ford,2005,28.0,411.16,11512.480000000001,0.0
9762,PART9763,battery,Honda,2020,66.0,368.64,24330.239999999998,0.0
9763,PART9764,brake,Mercedes,2012,6.0,380.56,2283.36,
9764,PART9765,tire,Audi,2015,68.0,325.42,22128.56,1.0
9765,PART9766,suspension,Ford,2022,87.0,194.58,16928.460000000003,0.0
9766,PART9767,brake,BMW,2005,43.0,234.02,10062.86,
9767,PART9768,brake,Honda,2021,47.0,357.46,16800.62,
9768,PART9769,battery,Toyota,2004,72.0,211.39,15220.079999999998,1.0
9769,PART9770,tire,Audi,2011,63.0,494.95,31181.85,1.0
9770,PART9771,transmission,Audi,2019,55.0,298.75,16431.25,0.0
9771,PART9772,battery,Toyota,2008,61.0,481.01,29341.61,0.0
9772,PART9773,engine,Toyota,2022,64.0,474.14,30344.96,
9773,PART9774,suspension,Volkswagen,2009,68.0,474.63,32274.84,1.0
9774,PART9775,battery,Honda,2020,56.0,243.8,13652.800000000001,
9775,PART9776,engine,Toyota,2001,99.0,76.83,7606.17,
9776,PART9777,battery,Honda,2000,88.0,406.51,35772.88,1.0
9777,PART9778,engine,Ford,2022,49.0,447.33,21919.17,1.0
9778,PART9779,battery,Volkswagen,2020,93.0,256.89,23890.77,1.0
9779,PART9780,battery,Toyota,2014,16.0,288.78,4620.48,1.0
9780,PART9781,transmission,Mercedes,2013,78.0,78.06,6088.68,0.0
9781,PART9782,brake,Audi,2022,95.0,86.12,8181.400000000001,1.0
9782,PART9783,battery,Honda,2019,21.0,448.17,9411.57,1.0
9783,PART9784,brake,BMW,2001,30.0,56.77,1703.1000000000001,
9784,PART9785,transmission,Audi,2012,99.0,172.5,17077.5,
9785,PART9786,battery,Mercedes,2019,37.0,264.41,9783.17,
9786,PART9787,battery,BMW,2001,52.0,141.19,7341.88,
9787,PART9788,suspension,Honda,2020,17.0,205.63,3495.71,
9788,PART9789,transmission,BMW,2010,36.0,473.38,17041.68,
9789,PART9790,tire,Ford,2022,62.0,472.86,29317.32,1.0
9790,PART9791,brake,Toyota,2007,71.0,216.76,15389.96,0.0
9791,PART9792,brake,Toyota,2009,7.0,365.75,2560.25,
9792,PART9793,brake,Toyota,2006,82.0,485.9,39843.799999999996,
9793,PART9794,brake,Ford,2002,83.0,108.82,9032.06,
9794,PART9795,battery,Audi,2008,55.0,480.85,26446.75,1.0
9795,PART9796,suspension,BMW,2021,4.0,371.93,1487.72,0.0
9796,PART9797,brake,Audi,2007,25.0,379.59,9489.75,1.0
9797,PART9798,suspension,Honda,2002,24.0,291.25,6990.0,
9798,PART9799,engine,BMW,2018,24.0,439.61,10550.64,1.0
9799,PART9800,tire,Ford,2009,51.0,299.09,15253.589999999998,0.0
9800,PART9801,tire,Honda,2016,61.0,354.36,21615.96,0.0
9801,PART9802,brake,Toyota,2017,35.0,485.68,16998.8,1.0
9802,PART9803,engine,Mercedes,2007,45.0,408.53,18383.85,1.0
9803,PART9804,battery,Toyota,2017,36.0,464.49,16721.64,0.0
9804,PART9805,transmission,Volkswagen,2007,99.0,453.59,44905.409999999996,
9805,PART9806,suspension,Toyota,2003,36.0,461.51,16614.36,0.0
9806,PART9807,transmission,Toyota,2001,41.0,478.8,19630.8,1.0
9807,PART9808,brake,Toyota,2007,14.0,377.62,5286.68,1.0
9808,PART9809,brake,Mercedes,2011,64.0,378.21,24205.44,1.0
9809,PART9810,transmission,Honda,2003,78.0,260.67,20332.260000000002,1.0
9810,PART9811,engine,Honda,2009,59.0,289.62,17087.58,
9811,PART9812,engine,Mercedes,2006,40.0,370.55,14822.0,1.0
9812,PART9813,battery,Mercedes,2015,64.0,347.93,22267.52,0.0
9813,PART9814,suspension,Volkswagen,2020,95.0,114.0,10830.0,
9814,PART9815,transmission,Audi,2009,6.0,449.1,2694.6000000000004,0.0
9815,PART9816,brake,Volkswagen,2021,47.0,423.94,19925.18,0.0
9816,PART9817,battery,Ford,2011,68.0,179.43,12201.24,
9817,PART9818,engine,Toyota,2000,58.0,70.5,4089.0,
9818,PART9819,engine,Volkswagen,2009,83.0,481.38,39954.54,1.0
9819,PART9820,suspension,BMW,2005,30.0,66.27,1988.1,
9820,PART9821,transmission,Toyota,2013,40.0,54.04,2161.6,1.0
9821,PART9822,suspension,Ford,2015,66.0,369.3,24373.8,
9822,PART9823,battery,Ford,2012,12.0,293.57,3522.84,1.0
9823,PART9824,tire,Volkswagen,2005,29.0,55.68,1614.72,
9824,PART9825,tire,Volkswagen,2000,46.0,305.86,14069.560000000001,
9825,PART9826,engine,Toyota,2006,7.0,298.31,2088.17,1.0
9826,PART9827,engine,Honda,2013,38.0,426.36,16201.68,1.0
9827,PART9828,engine,Mercedes,2008,95.0,202.6,19247.0,
9828,PART9829,engine,Toyota,2013,20.0,104.99,2099.7999999999997,
9829,PART9830,transmission,Honda,2001,13.0,100.9,1311.7,1.0
9830,PART9831,brake,Volkswagen,2012,91.0,429.0,39039.0,1.0
9831,PART9832,transmission,Honda,2005,87.0,214.68,18677.16,
9832,PART9833,suspension,BMW,2021,73.0,178.46,13027.58,0.0
9833,PART9834,battery,Mercedes,2008,48.0,283.36,13601.28,
9834,PART9835,brake,Ford,2015,80.0,429.24,34339.2,1.0
9835,PART9836,battery,Audi,2009,32.0,324.91,10397.12,
9836,PART9837,battery,Audi,2013,72.0,396.19,28525.68,1.0
9837,PART9838,transmission,BMW,2000,90.0,311.69,28052.1,
9838,PART9839,battery,BMW,2014,47.0,320.31,15054.57,
9839,PART9840,suspension,BMW,2015,73.0,258.7,18885.1,0.0
9840,PART9841,battery,Honda,2014,2.0,450.29,900.58,0.0
9841,PART9842,engine,Volkswagen,2006,75.0,435.5,32662.5,
9842,PART9843,tire,BMW,2004,10.0,63.45,634.5,
9843,PART9844,suspension,Honda,2002,7.0,265.62,1859.3400000000001,1.0
9844,PART9845,engine,Honda,2010,4.0,331.0,1324.0,
9845,PART9846,transmission,Mercedes,2000,38.0,201.43,7654.34,0.0
9846,PART9847,battery,Honda,2010,95.0,88.41,8398.949999999999,
9847,PART9848,transmission,Honda,2008,61.0,450.22,27463.420000000002,0.0
9848,PART9849,tire,Volkswagen,2013,68.0,377.12,25644.16,0.0
9849,PART9850,transmission,Mercedes,2005,37.0,194.37,7191.6900000000005,0.0
9850,PART9851,transmission,BMW,2022,62.0,386.84,23984.079999999998,1.0
9851,PART9852,tire,BMW,2004,62.0,366.18,22703.16,1.0
9852,PART9853,suspension,Toyota,2008,13.0,251.77,3273.01,1.0
9853,PART9854,tire,Honda,2005,94.0,93.66,8804.039999999999,0.0
9854,PART9855,brake,Volkswagen,2010,36.0,498.66,17951.760000000002,0.0
9855,PART9856,brake,Mercedes,2022,87.0,84.64,7363.68,0.0
9856,PART9857,brake,Audi,2021,62.0,90.25,5595.5,0.0
9857,PART9858,suspension,Ford,2010,68.0,174.59,11872.12,
9858,PART9859,battery,Ford,2019,12.0,353.4,4240.799999999999,
9859,PART9860,brake,Mercedes,2017,13.0,343.0,4459.0,0.0
9860,PART9861,tire,BMW,2003,71.0,195.67,13892.57,0.0
9861,PART9862,transmission,Ford,2020,13.0,109.48,1423.24,0.0
9862,PART9863,brake,Honda,2006,9.0,432.71,3894.39,0.0
9863,PART9864,tire,Volkswagen,2011,64.0,476.12,30471.68,1.0
9864,PART9865,brake,Ford,2020,68.0,324.99,22099.32,
9865,PART9866,suspension,Volkswagen,2020,29.0,382.18,11083.22,
9866,PART9867,battery,Toyota,2001,99.0,262.48,25985.52,
9867,PART9868,engine,Toyota,2001,37.0,369.83,13683.71,1.0
9868,PART9869,transmission,Ford,2004,27.0,132.67,3582.0899999999997,1.0
9869,PART9870,brake,Audi,2022,85.0,380.32,32327.2,
9870,PART9871,engine,Mercedes,2014,1.0,273.06,273.06,
9871,PART9872,engine,Mercedes,2007,65.0,301.78,19615.699999999997,0.0
9872,PART9873,transmission,Toyota,2004,64.0,453.48,29022.72,
9873,PART9874,battery,Audi,2014,35.0,309.19,10821.65,1.0
9874,PART9875,engine,Ford,2005,53.0,192.2,10186.599999999999,
9875,PART9876,suspension,BMW,2003,64.0,56.01,3584.64,1.0
9876,PART9877,transmission,BMW,2020,3.0,207.42,622.26,0.0
9877,PART9878,tire,Mercedes,2013,89.0,429.35,38212.15,1.0
9878,PART9879,transmission,Toyota,2007,82.0,314.74,25808.68,
9879,PART9880,battery,Volkswagen,2004,49.0,274.1,13430.900000000001,
9880,PART9881,engine,Honda,2022,32.0,117.08,3746.56,1.0
9881,PART9882,suspension,Mercedes,2003,62.0,411.2,25494.399999999998,
9882,PART9883,engine,Toyota,2000,9.0,125.89,1133.01,1.0
9883,PART9884,brake,Toyota,2004,19.0,87.52,1662.8799999999999,1.0
9884,PART9885,brake,Volkswagen,2017,50.0,139.78,6989.0,0.0
9885,PART9886,transmission,Honda,2013,3.0,423.9,1271.6999999999998,1.0
9886,PART9887,battery,BMW,2016,37.0,68.84,2547.08,1.0
9887,PART9888,suspension,Honda,2006,74.0,90.8,6719.2,
9888,PART9889,engine,Ford,2013,45.0,192.07,8643.15,
9889,PART9890,battery,Toyota,2011,96.0,312.58,30007.68,1.0
9890,PART9891,brake,BMW,2009,9.0,279.37,2514.33,0.0
9891,PART9892,brake,Ford,2018,1.0,419.56,419.56,0.0
9892,PART9893,battery,Toyota,2004,9.0,125.9,1133.1000000000001,0.0
9893,PART9894,brake,Ford,2013,43.0,88.91,3823.1299999999997,
9894,PART9895,battery,Volkswagen,2020,71.0,443.7,31502.7,1.0
9895,PART9896,brake,Ford,2022,21.0,486.49,10216.29,1.0
9896,PART9897,battery,Volkswagen,2010,98.0,274.42,26893.16,0.0
9897,PART9898,transmission,Volkswagen,2006,59.0,462.83,27306.969999999998,
9898,PART9899,tire,BMW,2006,93.0,477.36,44394.48,1.0
9899,PART9900,tire,BMW,2009,23.0,341.47,7853.81,1.0
9900,PART9901,engine,Ford,2007,92.0,230.68,21222.56,0.0
9901,PART9902,tire,Toyota,2013,25.0,231.12,5778.0,
9902,PART9903,tire,Audi,2001,69.0,486.86,33593.340000000004,
9903,PART9904,battery,Volkswagen,2012,46.0,118.97,5472.62,1.0
9904,PART9905,suspension,Mercedes,2003,6.0,390.29,2341.7400000000002,
9905,PART9906,brake,Toyota,2000,29.0,178.82,5185.78,0.0
9906,PART9907,suspension,BMW,2013,53.0,169.32,8973.96,
9907,PART9908,brake,Ford,2011,93.0,215.16,20009.88,1.0
9908,PART9909,battery,Toyota,2022,14.0,448.25,6275.5,
9909,PART9910,engine,Volkswagen,2007,22.0,131.71,2897.6200000000003,1.0
9910,PART9911,suspension,Toyota,2022,25.0,111.81,2795.25,0.0
9911,PART9912,tire,Toyota,2010,34.0,339.36,11538.24,0.0
9912,PART9913,engine,Volkswagen,2018,44.0,289.81,12751.64,
9913,PART9914,suspension,Audi,2018,25.0,480.92,12023.0,0.0
9914,PART9915,engine,Honda,2000,34.0,55.65,1892.1,1.0
9915,PART9916,tire,Toyota,2017,95.0,215.83,20503.850000000002,1.0
9916,PART9917,tire,Audi,2017,18.0,376.32,6773.76,
9917,PART9918,engine,Mercedes,2022,93.0,239.15,22240.95,1.0
9918,PART9919,transmission,Mercedes,2003,6.0,68.97,413.82,1.0
9919,PART9920,transmission,BMW,2019,70.0,76.37,5345.900000000001,
9920,PART9921,engine,Toyota,2006,50.0,325.24,16262.0,0.0
9921,PART9922,suspension,Volkswagen,2005,22.0,118.3,2602.6,1.0
9922,PART9923,transmission,Mercedes,2015,11.0,112.73,1240.03,1.0
9923,PART9924,suspension,Mercedes,2000,75.0,157.33,11799.750000000002,1.0
9924,PART9925,tire,Audi,2021,55.0,196.54,10809.699999999999,
9925,PART9926,brake,Ford,2021,88.0,457.63,40271.44,0.0
9926,PART9927,battery,Audi,2008,52.0,85.16,4428.32,0.0
9927,PART9928,brake,Audi,2005,82.0,408.46,33493.72,0.0
9928,PART9929,suspension,Volkswagen,2012,94.0,282.62,26566.28,
9929,PART9930,battery,Audi,2000,7.0,299.6,2097.2000000000003,0.0
9930,PART9931,suspension,Honda,2011,81.0,136.57,11062.17,0.0
9931,PART9932,brake,Honda,2009,39.0,355.24,13854.36,0.0
9932,PART9933,battery,Honda,2004,61.0,167.53,10219.33,1.0
9933,PART9934,brake,Honda,2006,19.0,174.12,3308.28,1.0
9934,PART9935,transmission,BMW,2001,75.0,363.83,27287.25,0.0
9935,PART9936,suspension,BMW,2010,34.0,204.77,6962.18,
9936,PART9937,tire,Volkswagen,2018,42.0,497.05,20876.100000000002,1.0
9937,PART9938,engine,Toyota,2013,69.0,308.9,21314.1,
9938,PART9939,engine,Ford,2020,87.0,158.96,13829.52,0.0
9939,PART9940,battery,Toyota,2011,64.0,437.9,28025.6,
9940,PART9941,brake,Volkswagen,2007,92.0,439.32,40417.44,
9941,PART9942,engine,Toyota,2016,88.0,469.91,41352.08,
9942,PART9943,battery,Honda,2005,52.0,104.73,5445.96,0.0
9943,PART9944,brake,Toyota,2003,69.0,409.72,28270.68,0.0
9944,PART9945,tire,Mercedes,2003,81.0,417.7,33833.7,
9945,PART9946,battery,Honda,2019,70.0,124.73,8731.1,0.0
9946,PART9947,tire,Honda,2012,95.0,157.08,14922.6,
9947,PART9948,tire,Audi,2022,51.0,189.72,9675.72,0.0
9948,PART9949,transmission,BMW,2004,19.0,324.28,6161.32,
9949,PART9950,battery,Mercedes,2016,93.0,311.76,28993.68,0.0
9950,PART9951,battery,Toyota,2013,91.0,406.93,37030.63,0.0
9951,PART9952,tire,Audi,2016,98.0,156.62,15348.76,
9952,PART9953,brake,Volkswagen,2001,47.0,84.07,3951.2899999999995,1.0
9953,PART9954,suspension,Honda,2007,37.0,434.02,16058.74,
9954,PART9955,engine,Audi,2003,25.0,56.98,1424.5,1.0
9955,PART9956,engine,Volkswagen,2014,34.0,333.0,11322.0,0.0
9956,PART9957,brake,Toyota,2013,58.0,420.94,24414.52,1.0
9957,PART9958,suspension,Honda,2003,87.0,216.36,18823.32,
9958,PART9959,transmission,BMW,2000,9.0,405.46,3649.14,
9959,PART9960,transmission,Honda,2018,56.0,377.33,21130.48,1.0
9960,PART9961,battery,Audi,2021,9.0,450.66,4055.94,
9961,PART9962,suspension,Volkswagen,2016,70.0,412.13,28849.1,0.0
9962,PART9963,engine,BMW,2015,1.0,111.92,111.92,1.0
9963,PART9964,engine,Ford,2006,13.0,162.46,2111.98,0.0
9964,PART9965,brake,Audi,2017,88.0,387.61,34109.68,
9965,PART9966,brake,Audi,2022,8.0,328.41,2627.28,0.0
9966,PART9967,engine,Honda,2001,92.0,304.89,28049.879999999997,1.0
9967,PART9968,suspension,Honda,2020,63.0,242.37,15269.31,0.0
9968,PART9969,brake,Volkswagen,2002,19.0,195.48,3714.12,0.0
9969,PART9970,battery,Toyota,2001,21.0,101.14,2123.94,
9970,PART9971,suspension,Volkswagen,2013,93.0,481.66,44794.380000000005,1.0
9971,PART9972,tire,Toyota,2009,74.0,231.92,17162.079999999998,
9972,PART9973,transmission,Ford,2011,91.0,450.84,41026.439999999995,0.0
9973,PART9974,brake,Toyota,2015,69.0,420.88,29040.72,
9974,PART9975,suspension,Audi,2020,31.0,303.31,9402.61,1.0
9975,PART9976,engine,Mercedes,2013,14.0,164.78,2306.92,
9976,PART9977,transmission,Audi,2011,82.0,269.91,22132.620000000003,0.0
9977,PART9978,engine,Mercedes,2016,60.0,472.15,28329.0,1.0
9978,PART9979,transmission,BMW,2022,48.0,334.44,16053.119999999999,0.0
9979,PART9980,tire,Ford,2006,13.0,267.14,3472.8199999999997,0.0
9980,PART9981,engine,Honda,2021,53.0,377.82,20024.46,0.0
9981,PART9982,engine,Mercedes,2019,4.0,245.71,982.84,0.0
9982,PART9983,engine,Honda,2003,81.0,150.64,12201.839999999998,0.0
9983,PART9984,suspension,Honda,2021,63.0,263.83,16621.289999999997,1.0
9984,PART9985,engine,Toyota,2018,49.0,248.24,12163.76,1.0
9985,PART9986,brake,Ford,2018,56.0,264.8,14828.800000000001,0.0
9986,PART9987,tire,BMW,2002,18.0,438.37,7890.66,
9987,PART9988,brake,Honda,2006,15.0,279.14,4187.099999999999,0.0
9988,PART9989,suspension,Volkswagen,2020,5.0,282.38,1411.9,1.0
9989,PART9990,battery,Honda,2004,26.0,361.21,9391.46,
9990,PART9991,battery,Volkswagen,2001,52.0,354.51,18434.52,1.0
9991,PART9992,suspension,Honda,2018,21.0,377.52,7927.92,0.0
9992,PART9993,transmission,Toyota,2018,34.0,491.02,16694.68,
9993,PART9994,battery,Mercedes,2000,58.0,415.18,24080.44,
9994,PART9995,suspension,Audi,2007,60.0,467.29,28037.4,
9995,PART9996,suspension,Volkswagen,2008,90.0,380.53,34247.7,1.0
9996,PART9997,battery,Honda,2006,91.0,411.89,37481.99,0.0
9997,PART9998,tire,Mercedes,2013,3.0,79.93,239.79000000000002,1.0
9998,PART9999,transmission,Volkswagen,2020,24.0,318.28,7638.719999999999,
9999,ART10000,tire,Audi,2008,23.0,371.32,8540.36,
10000,PARTXXX,Spring,Nissan,2026,,100.11,,1.0
